Component removed,MCC,dMCC,TP,TN,FP,FN,Sens,Spec
None (full model),0.568,0.0,40,184,27,14,74.1,87.2
Tier 2 (all MD-derived),0.174,-0.394,7,204,7,47,13.0,96.7
Tier 1 (static topology),0.533,-0.035,35,189,22,19,64.8,89.6
C5 network topology,0.411,-0.157,27,189,22,27,50.0,89.6
C3 dynamic packing,0.459,-0.109,29,191,20,25,53.7,90.5
C2 direct contact,0.512,-0.056,33,190,21,21,61.1,90.0
C1 clique community,0.533,-0.035,35,189,22,19,64.8,89.6
C4 sequential backbone,0.554,-0.014,38,186,25,16,70.4,88.2
C6 electrostatic coupling,0.554,-0.014,38,186,25,16,70.4,88.2
