PDB,mutation,pH,Method,dddG,exp,pred,correct,mechanism,seq_dist,res_i,res_j,comm_i,comm_j,zdccm,ss_i,ss_j
1STN,"V66L,G88V",7.0,GdnHCl,-0.76,Additive,Additive,True,none,22,66,88,11,7,0.5198,H,E
1STN,"V23L,V66L",7.0,GdnHCl,-0.7,Additive,Additive,True,none,43,23,66,4,11,1.0911,E,H
1STN,"E73A,V74A",7.0,GdnHCl,-0.5,Additive,Additive,True,none,1,73,74,13,-1,0.3186,E,E
1STN,"V23I,V66L",7.0,GdnHCl,-0.5,Additive,Additive,True,none,43,23,66,4,11,1.0911,E,H
1STN,"V66I,I72L",7.0,GdnHCl,-0.5,Additive,Additive,True,none,6,66,72,11,13,0.1412,H,E
1STN,"I92L,V99L",7.0,GdnHCl,-0.4,Additive,Additive,True,R3_C1_helix_strand_boundary,7,92,99,17,17,1.3978,E,H
1STN,"M65A,V66A",7.0,GdnHCl,-0.4,Additive,Additive,True,none,1,65,66,-1,11,0.5326,H,H
1STN,"V23L,V66I",7.0,GdnHCl,-0.4,Additive,Additive,True,none,43,23,66,4,11,1.0911,E,H
1STN,"V66L,I72L",7.0,GdnHCl,-0.4,Additive,Additive,True,none,6,66,72,11,13,0.1412,H,E
1STN,"I72L,V99L",7.0,GdnHCl,-0.3,Additive,Additive,True,none,27,72,99,13,17,0.6205,E,H
1STN,"L25A,M26A",7.0,GdnHCl,-0.3,Additive,Additive,True,none,1,25,26,1,-1,0.9616,E,E
1STN,"L25I,V66I",7.0,GdnHCl,-0.3,Additive,Additive,True,none,41,25,66,1,11,0.9431,E,H
1STN,"V23I,V66I",7.0,GdnHCl,-0.3,Additive,Additive,True,none,43,23,66,4,11,1.0911,E,H
1STN,"V66I,I92L",7.0,GdnHCl,-0.3,Additive,Additive,True,none,26,66,92,11,17,0.5749,H,E
1STN,"V66L,G88V",7.0,Thermal,-0.3,Additive,Additive,True,none,22,66,88,11,7,0.5198,H,E
1STN,"I92V,V99L",7.0,GdnHCl,-0.2,Additive,Additive,True,R3_C1_helix_strand_boundary,7,92,99,17,17,1.3978,E,H
1STN,"L38A,V39A",7.0,GdnHCl,-0.2,Additive,Non-additive,False,R9_C4_sequential_backbone,1,38,39,-1,-1,0.738,C,E
1STN,"V23F,E75V",7.0,GdnHCl,-0.18,Additive,Additive,True,none,52,23,75,4,14,0.4108,E,E
1STN,"L37A,P117L",7.0,GdnHCl,-0.14,Additive,Non-additive,False,R5_C3_coil_coupling,80,37,117,8,15,2.3336,C,C
1STN,"I18M,A90S",7.0,GdnHCl,-0.1,Additive,Additive,True,none,72,18,90,2,8,1.4946,E,E
1STN,"I72L,I92V",7.0,GdnHCl,-0.1,Additive,Additive,True,none,20,72,92,13,17,1.76,E,E
1STN,"I72L,V99I",7.0,GdnHCl,-0.1,Additive,Additive,True,none,27,72,99,13,17,0.6205,E,H
1STN,"I92L,V99I",7.0,GdnHCl,-0.1,Additive,Additive,True,R3_C1_helix_strand_boundary,7,92,99,17,17,1.3978,E,H
1STN,"I92V,V99I",7.0,GdnHCl,-0.1,Additive,Additive,True,R3_C1_helix_strand_boundary,7,92,99,17,17,1.3978,E,H
1STN,"L25V,V66I",7.0,GdnHCl,-0.1,Additive,Additive,True,none,41,25,66,1,11,0.9431,E,H
1STN,"V23I,I72L",7.0,GdnHCl,-0.1,Additive,Additive,True,none,49,23,72,4,13,0.4263,E,E
1STN,"V23L,I72L",7.0,GdnHCl,-0.1,Additive,Additive,True,none,49,23,72,4,13,0.4263,E,E
1STN,"V66L,I92L",7.0,GdnHCl,-0.1,Additive,Additive,True,none,26,66,92,11,17,0.5749,H,E
1STN,"V66L,V99I",7.0,GdnHCl,-0.1,Additive,Additive,True,none,33,66,99,11,17,1.1944,H,H
1STN,"I18M,T33S",7.0,GdnHCl,-0.05,Additive,Additive,True,none,15,18,33,2,6,2.358,E,E
1STN,"A69T,A90S",7.0,GdnHCl,-0.02,Additive,Additive,True,none,21,69,90,12,8,0.3311,C,E
1STN,"I18M,A90S",7.0,GdnHCl,0.0,Additive,Additive,True,none,72,18,90,2,8,1.4946,E,E
1STN,"V66I,V99L",7.0,GdnHCl,0.0,Additive,Additive,True,none,33,66,99,11,17,1.1944,H,H
1STN,"V66L,G88V",5.0,Thermal,0.0,Additive,Additive,True,none,22,66,88,11,7,0.5198,H,E
1STN,"I18M,A90S",7.0,GdnHCl,0.02,Additive,Additive,True,none,72,18,90,2,8,1.4946,E,E
1STN,"Y85A,Y113A",7.0,GdnHCl,0.07,Additive,Additive,True,none,28,85,113,-1,-1,0.5121,C,C
1STN,"I15V,Y113A",7.0,GdnHCl,0.08,Additive,Additive,True,none,98,15,113,1,-1,1.5856,E,C
1STN,"I18M,A69T",7.0,GdnHCl,0.08,Additive,Additive,True,none,51,18,69,2,12,0.417,E,C
1STN,"T33S,A90S",7.0,GdnHCl,0.09,Additive,Non-additive,False,R10_C5_hub_perturbation,57,33,90,6,8,2.2442,E,E
1STN,"I72L,I92L",7.0,GdnHCl,0.1,Additive,Additive,True,none,20,72,92,13,17,1.76,E,E
1STN,"L25I,V66L",7.0,GdnHCl,0.1,Additive,Additive,True,none,41,25,66,1,11,0.9431,E,H
1STN,"V23L,L25V",7.0,GdnHCl,0.1,Additive,Additive,True,none,2,23,25,4,1,1.036,E,E
1STN,"T62A,G88V",7.0,GdnHCl,0.14,Additive,Additive,True,none,26,62,88,11,7,0.8862,H,E
1STN,"F61A,T62A",7.0,GdnHCl,0.15,Additive,Additive,True,none,1,61,62,-1,11,0.1322,H,H
1STN,"L37A,Y85A",7.0,GdnHCl,0.17,Additive,Additive,True,none,48,37,85,8,-1,0.5778,C,C
1STN,"L37A,Y113A",7.0,GdnHCl,0.19,Additive,Additive,True,none,76,37,113,8,-1,0.0239,C,C
1STN,"V23F,G79S",7.0,GdnHCl,0.19,Additive,Additive,True,none,56,23,79,4,15,0.0151,E,C
1STN,"V23F,Y85A",7.0,GdnHCl,0.19,Additive,Additive,True,none,62,23,85,4,-1,1.8061,E,C
1STN,"E75V,Y85A",7.0,GdnHCl,0.2,Additive,Additive,True,none,10,75,85,14,-1,0.3517,E,C
1STN,"L25I,I72L",7.0,GdnHCl,0.2,Additive,Additive,True,none,47,25,72,1,13,1.3442,E,E
1STN,"V23I,L25I",7.0,GdnHCl,0.2,Additive,Additive,True,none,2,23,25,4,1,1.036,E,E
1STN,"L7A,V23F",7.0,GdnHCl,0.25,Additive,Additive,True,none,16,7,23,-1,4,0.3587,C,E
1STN,"L7A,E75V",7.0,GdnHCl,0.27,Additive,Additive,True,none,68,7,75,-1,14,1.8163,C,E
1STN,"E75V,G79S",7.0,GdnHCl,0.28,Additive,Additive,True,none,4,75,79,14,15,0.0763,E,C
1STN,"E75V,I15V",7.0,GdnHCl,0.28,Additive,Additive,True,none,60,75,15,14,1,0.2069,E,E
1STN,"L25V,V66L",7.0,GdnHCl,0.3,Additive,Additive,True,none,41,25,66,1,11,0.9431,E,H
1STN,"L37A,A69T",7.0,GdnHCl,0.3,Additive,Additive,True,none,32,37,69,8,12,0.2516,C,C
1STN,"T62A,V66L",7.0,GdnHCl,0.3,Additive,Additive,True,R2_C1_helix_community,4,62,66,11,11,0.603,H,H
1STN,"V23L,L25I",7.0,GdnHCl,0.3,Additive,Additive,True,none,2,23,25,4,1,1.036,E,E
1STN,"V66L,G88V",7.0,GdnHCl,0.3,Additive,Additive,True,none,22,66,88,11,7,0.5198,H,E
1STN,"V23F,Y113A",7.0,GdnHCl,0.31,Additive,Additive,True,none,90,23,113,4,-1,1.6668,E,C
1STN,"G79S,Y113A",7.0,GdnHCl,0.32,Additive,Additive,True,none,34,79,113,15,-1,0.4634,C,C
1STN,"L7A,I15V",7.0,GdnHCl,0.32,Additive,Additive,True,none,8,7,15,-1,1,0.1505,C,E
1STN,"G79S,I15V",7.0,GdnHCl,0.34,Additive,Additive,True,none,64,79,15,15,1,0.3635,C,E
1STN,"E75V,T33S",7.0,GdnHCl,0.35,Additive,Non-additive,False,R10_C5_hub_perturbation,42,75,33,14,6,1.2055,E,E
1STN,"G79S,Y85A",7.0,GdnHCl,0.35,Additive,Additive,True,none,6,79,85,15,-1,0.6043,C,C
1STN,"G79S,P117L",7.0,GdnHCl,0.36,Additive,Non-additive,False,R1_C1_same_community,38,79,117,15,15,0.5507,C,C
1STN,"L37A,I15V",7.0,GdnHCl,0.38,Additive,Additive,True,none,22,37,15,8,1,0.6757,C,E
1STN,"L37A,I92V",7.0,GdnHCl,0.38,Additive,Additive,True,none,55,37,92,8,17,2.1928,C,E
1STN,"I72V,V99L",7.0,GdnHCl,0.4,Additive,Additive,True,none,27,72,99,13,17,0.6205,E,H
1STN,"L25V,I72L",7.0,GdnHCl,0.4,Additive,Additive,True,none,47,25,72,1,13,1.3442,E,E
1STN,"L7A,Y113A",7.0,GdnHCl,0.4,Additive,Additive,True,none,106,7,113,-1,-1,0.3521,C,C
1STN,"L7A,Y85A",7.0,GdnHCl,0.4,Additive,Additive,True,none,78,7,85,-1,-1,0.8151,C,C
1STN,"L37A,A90S",7.0,GdnHCl,0.43,Additive,Non-additive,False,R1_C1_same_community,53,37,90,8,8,2.6648,C,E
1STN,"L7A,I92V",7.0,GdnHCl,0.46,Additive,Additive,True,none,85,7,92,-1,17,1.4776,C,E
1STN,"G79S,I92V",7.0,GdnHCl,0.49,Additive,Additive,True,none,13,79,92,15,17,0.8468,C,E
1STN,"E75V,P117L",7.0,GdnHCl,0.5,Additive,Additive,True,none,42,75,117,14,15,1.4797,E,C
1STN,"I72V,I92V",7.0,GdnHCl,0.5,Additive,Additive,True,none,20,72,92,13,17,1.76,E,E
1STN,"L25I,I72V",7.0,GdnHCl,0.5,Additive,Additive,True,none,47,25,72,1,13,1.3442,E,E
1STN,"V66I,V99I",7.0,GdnHCl,0.5,Additive,Additive,True,none,33,66,99,11,17,1.1944,H,H
1STN,"V23F,I15V",7.0,GdnHCl,0.51,Additive,Additive,True,none,8,23,15,4,1,2.385,E,E
1STN,"I15V,I72V",7.0,GdnHCl,0.6,Additive,Additive,True,none,57,15,72,1,13,0.7397,E,E
1STN,"I72V,I92L",7.0,GdnHCl,0.6,Additive,Additive,True,none,20,72,92,13,17,1.76,E,E
1STN,"I72V,Y85A",7.0,GdnHCl,0.6,Additive,Additive,True,none,13,72,85,13,-1,0.3611,E,C
1STN,"V23I,L25V",7.0,GdnHCl,0.6,Additive,Additive,True,none,2,23,25,4,1,1.036,E,E
1STN,"V66L,V99L",7.0,GdnHCl,0.6,Additive,Additive,True,none,33,66,99,11,17,1.1944,H,H
1STN,"E75V,A69T",7.0,GdnHCl,0.64,Additive,Additive,True,none,6,75,69,14,12,1.2259,E,C
1STN,"E75V,I92V",7.0,GdnHCl,0.66,Additive,Additive,True,none,17,75,92,14,17,2.1037,E,E
1STN,"E75V,Y113A",7.0,GdnHCl,0.66,Additive,Additive,True,none,38,75,113,14,-1,0.5026,E,C
1STN,"V23F,I92V",7.0,GdnHCl,0.69,Additive,Additive,True,none,69,23,92,4,17,1.2106,E,E
1STN,"L25V,I72V",7.0,GdnHCl,0.7,Additive,Additive,True,none,47,25,72,1,13,1.3442,E,E
1STN,"V66I,I92V",7.0,GdnHCl,0.7,Additive,Additive,True,none,26,66,92,11,17,0.5749,H,E
1STN,"E75V,A90S",7.0,GdnHCl,0.71,Additive,Additive,True,none,15,75,90,14,8,2.3355,E,E
1STN,"T62G,G88V",7.0,GdnHCl,0.73,Additive,Additive,True,none,26,62,88,11,7,0.8862,H,E
1STN,"I72V,Y113A",7.0,GdnHCl,0.76,Additive,Additive,True,none,41,72,113,13,-1,0.0702,E,C
1STN,"L37A,I72V",7.0,GdnHCl,0.77,Additive,Additive,True,none,35,37,72,8,13,1.5514,C,E
1STN,"L37A,T33S",7.0,GdnHCl,0.79,Additive,Additive,True,none,4,37,33,8,6,0.0276,C,E
1STN,"I72V,V99I",7.0,GdnHCl,0.8,Additive,Additive,True,none,27,72,99,13,17,0.6205,E,H
1STN,"V23L,I72V",7.0,GdnHCl,0.8,Additive,Additive,True,none,49,23,72,4,13,0.4263,E,E
1STN,"V66L,I92V",7.0,GdnHCl,0.8,Additive,Additive,True,none,26,66,92,11,17,0.5749,H,E
1STN,"G79S,I72V",7.0,GdnHCl,0.83,Additive,Additive,True,none,7,79,72,15,13,0.0182,C,E
1STN,"V23F,T33S",7.0,GdnHCl,0.83,Additive,Additive,True,none,10,23,33,4,6,3.1747,E,E
1STN,"V23F,L37A",7.0,GdnHCl,0.88,Additive,Additive,True,none,14,23,37,4,8,1.3236,E,C
1STN,"V23I,I72V",7.0,GdnHCl,0.9,Additive,Additive,True,none,49,23,72,4,13,0.4263,E,E
1STN,"V23F,A69T",7.0,GdnHCl,0.98,Additive,Additive,True,none,46,23,69,4,12,0.2566,E,C
1STN,"E75V,I72V",7.0,GdnHCl,0.99,Additive,Additive,True,none,3,75,72,14,13,0.5033,E,E
1STN,"L7A,I72V",7.0,GdnHCl,0.99,Additive,Additive,True,none,65,7,72,-1,13,0.0681,C,E
1STN,"V23F,A90S",7.0,GdnHCl,0.99,Additive,Additive,True,none,67,23,90,4,8,1.8619,E,E
1STN,"V23F,I72V",7.0,GdnHCl,1.2,Non-additive,Additive,False,none,49,23,72,4,13,0.4263,E,E
1STN,"P117L,N118D",7.0,GdnHCl,1.25,Non-additive,Non-additive,True,R1_C1_same_community,1,117,118,15,15,1.3545,C,C
1STN,"L7A,G79S",7.0,GdnHCl,1.47,Non-additive,Additive,False,none,72,7,79,-1,15,0.2527,C,C
1STN,"L37A,L38A",7.0,GdnHCl,1.55,Non-additive,Additive,False,none,1,37,38,8,-1,1.3355,C,C
1STN,"L37A,E75V",7.0,GdnHCl,1.59,Non-additive,Non-additive,True,R13_C5_linked_community,38,37,75,8,14,2.2612,C,E
1STN,"V66I,I72V",7.0,GdnHCl,1.6,Non-additive,Additive,False,none,6,66,72,11,13,0.1412,H,E
1STN,"V66L,I72V",7.0,GdnHCl,1.6,Non-additive,Additive,False,none,6,66,72,11,13,0.1412,H,E
1STN,"L7A,L37A",7.0,GdnHCl,1.7,Non-additive,Additive,False,none,30,7,37,-1,8,0.4768,C,C
1STN,"G79D,N118D",7.0,GdnHCl,2.15,Non-additive,Non-additive,True,R1_C1_same_community,39,79,118,15,15,0.6386,C,C
1STN,"G79S,N118D",7.0,GdnHCl,2.3,Non-additive,Non-additive,True,R1_C1_same_community,39,79,118,15,15,0.6386,C,C
1STN,"L37A,N118D",7.0,GdnHCl,2.48,Non-additive,Non-additive,True,R5_C3_coil_coupling,81,37,118,8,15,2.1742,C,C
1STN,"L37A,G79S",7.0,GdnHCl,2.56,Non-additive,Non-additive,True,R5_C3_coil_coupling,42,37,79,8,15,1.4582,C,C
1BNI,"D12A,T16R",6.3,Urea,-0.53,Additive,Non-additive,False,R6_C3_helix_one_isolated,4,12,16,2,-1,1.8528,H,H
1BNI,"Y13F,Y17F",6.3,Urea,-0.27,Additive,Non-additive,False,R4_C2_direct_interaction,4,13,17,3,-1,1.7072,H,H
1BNI,"I4A,Y78F",6.3,Urea,0.14,Additive,Additive,True,none,74,4,78,-1,0,1.0348,C,C
1BNI,"I4A,I76V",6.3,Urea,0.19,Additive,Non-additive,False,R5_C3_coil_coupling,72,4,76,-1,16,2.0494,C,C
1BNI,"D12A,R110A",6.3,Urea,0.33,Additive,Non-additive,False,R4_C2_direct_interaction,98,12,110,2,19,1.3871,H,C
1BNI,"D8A,D12A",6.3,Urea,0.38,Additive,Non-additive,False,R1_C1_same_community,4,8,12,2,2,1.4755,H,H
1BNI,"D8A,D12A",6.3,Urea,0.38,Additive,Non-additive,False,R1_C1_same_community,4,8,12,2,2,1.4755,H,H
1BNI,"I4A,I51V",6.3,Urea,0.39,Additive,Additive,True,none,47,4,51,-1,9,1.0106,C,E
1BNI,"H18G,W94L",9.0,Urea,0.46,Additive,Non-additive,False,R4_C2_direct_interaction,76,18,94,-1,14,0.6078,C,C
1BNI,"Y13A,Y17A",6.3,Urea,0.76,Additive,Non-additive,False,R4_C2_direct_interaction,4,13,17,3,-1,1.7072,H,H
1BNI,"D8A,R110A",6.3,Urea,0.98,Additive,Non-additive,False,R4_C2_direct_interaction,102,8,110,2,19,1.9091,H,C
1BNI,"D8A,R110A",6.3,Urea,0.98,Additive,Non-additive,False,R4_C2_direct_interaction,102,8,110,2,19,1.9091,H,C
1BNI,"Y13A,Y17A",6.3,Urea,1.0,Non-additive,Non-additive,True,R4_C2_direct_interaction,4,13,17,3,-1,1.7072,H,H
1BNI,"Y13A,Y17A",6.3,Urea,1.12,Non-additive,Non-additive,True,R4_C2_direct_interaction,4,13,17,3,-1,1.7072,H,H
1BNI,"D12A,R110A",6.3,Urea,1.19,Non-additive,Non-additive,True,R4_C2_direct_interaction,98,12,110,2,19,1.3871,H,C
1BNI,"D12A,R110A",6.3,Urea,1.19,Non-additive,Non-additive,True,R4_C2_direct_interaction,98,12,110,2,19,1.3871,H,C
1BNI,"T16S,Y17A",6.3,Urea,1.37,Non-additive,Non-additive,True,R9_C4_sequential_backbone,1,16,17,-1,-1,0.899,H,H
1BNI,"H18G,W94L",5.8,Urea,1.4,Non-additive,Non-additive,True,R4_C2_direct_interaction,76,18,94,-1,14,0.6078,C,C
1BNI,"T16S,Y17A",6.3,Urea,1.53,Non-additive,Non-additive,True,R9_C4_sequential_backbone,1,16,17,-1,-1,0.899,H,H
1BNI,"D8A,D12A",6.3,Urea,2.07,Non-additive,Non-additive,True,R1_C1_same_community,4,8,12,2,2,1.4755,H,H
1BNI,"R69S,D93N",6.3,Urea,3.34,Non-additive,Non-additive,True,R1_C1_same_community,24,69,93,12,12,2.2037,C,C
1BNI,"R83K,D75N",6.3,Urea,3.63,Non-additive,Non-additive,True,R4_C2_direct_interaction,8,83,75,-1,15,0.7738,C,E
1BNI,"Y17A,T16A",6.3,Urea,0.29,Additive,Non-additive,False,R9_C4_sequential_backbone,1,17,16,-1,-1,0.899,H,H
1BNI,"D8A,V10A",6.3,Urea,5.04,Non-additive,Non-additive,True,R8_C3_short_helix_adjacent,2,8,10,2,3,0.6327,H,H
1BNI,"Y13A,Y17A",6.3,Urea,9.94,Non-additive,Non-additive,True,R4_C2_direct_interaction,4,13,17,3,-1,1.7072,H,H
2LZM,"S117I,N132I",5.4,Thermal,-1.5,Non-additive,Non-additive,True,R6_C3_helix_one_isolated,15,117,132,14,-1,2.5795,H,H
2LZM,"S117I,N132M",5.4,Thermal,-1.2,Non-additive,Non-additive,True,R6_C3_helix_one_isolated,15,117,132,14,-1,2.5795,H,H
2LZM,"M6I,R96H",6.0,Thermal,-0.88,Additive,Additive,True,none,90,6,96,-1,10,1.8103,H,H
2LZM,"V111I,F153L",3.01,Thermal,-0.6,Additive,Additive,True,none,42,111,153,12,18,0.2958,H,H
2LZM,"V111I,F153L",5.7,Thermal,-0.54,Additive,Additive,True,none,42,111,153,12,18,0.2958,H,H
2LZM,"K16E,R154E",2.8,Thermal,-0.4,Additive,Additive,True,none,138,16,154,-1,16,0.2045,E,H
2LZM,"D89A,R96H",5.35,Thermal,-0.2,Additive,Additive,True,R2_C1_helix_community,7,89,96,10,10,1.4344,H,H
2LZM,"T115A,S117A",3.01,Thermal,-0.18,Additive,Additive,True,none,2,115,117,-1,14,0.4791,H,H
2LZM,"A41V,V131A",2.83,Thermal,-0.15,Additive,Additive,True,none,90,41,131,-1,-1,0.0824,H,H
2LZM,"K16E,R119E",2.8,Thermal,-0.14,Additive,Additive,True,none,103,16,119,-1,15,1.9661,E,H
2LZM,"N116D,R119M",2.0,Thermal,-0.1,Additive,Additive,True,R2_C1_helix_community,3,116,119,15,15,0.674,H,H
2LZM,"V131A,A41V",5.4,Thermal,-0.03,Additive,Additive,True,none,90,131,41,-1,-1,0.0824,H,H
2LZM,"S38D,N144D",3.0,Thermal,-0.02,Additive,Additive,True,none,106,38,144,-1,-1,0.8764,C,H
2LZM,"A41V,V131A",2.03,Thermal,-0.01,Additive,Additive,True,none,90,41,131,-1,-1,0.0824,H,H
2LZM,"E128A,V131A",2.0,Thermal,-0.01,Additive,Additive,True,none,3,128,131,-1,-1,0.8808,H,H
2LZM,"R80K,R119H",5.4,Thermal,-0.01,Additive,Additive,True,none,39,80,119,-1,15,0.3409,C,H
2LZM,"L99G,E108V",3.0,Thermal,0.0,Additive,Additive,True,none,9,99,108,-1,-1,0.2828,H,H
2LZM,"L99G,E108V",5.4,Thermal,0.0,Additive,Additive,True,none,9,99,108,-1,-1,0.2828,H,H
2LZM,"E128A,V131A",2.02,Thermal,0.01,Additive,Additive,True,none,3,128,131,-1,-1,0.8808,H,H
2LZM,"S38D,N144D",5.4,Thermal,0.02,Additive,Additive,True,none,106,38,144,-1,-1,0.8764,C,H
2LZM,"V131A,A41V",3.0,Thermal,0.02,Additive,Additive,True,none,90,131,41,-1,-1,0.0824,H,H
2LZM,"S117A,R119A",3.01,Thermal,0.07,Additive,Additive,True,none,2,117,119,14,15,0.045,H,H
2LZM,"K16E,R119E",5.3,Thermal,0.1,Additive,Additive,True,none,103,16,119,-1,15,1.9661,E,H
2LZM,"K85A,R96H",5.35,Thermal,0.1,Additive,Additive,True,none,11,85,96,9,10,1.4249,H,H
2LZM,"L99A,E108V",3.0,Thermal,0.1,Additive,Additive,True,none,9,99,108,-1,-1,0.2828,H,H
2LZM,"N116D,R119M",5.7,Thermal,0.1,Additive,Additive,True,R2_C1_helix_community,3,116,119,15,15,0.674,H,H
2LZM,"R119E,K135E",2.8,Thermal,0.1,Additive,Additive,True,none,16,119,135,15,-1,0.0939,H,C
2LZM,"E45A,K48A",3.0,Thermal,0.15,Additive,Additive,True,none,3,45,48,-1,-1,1.0904,H,H
2LZM,"T115A,R119A",3.01,Thermal,0.15,Additive,Additive,True,none,4,115,119,-1,15,0.8993,H,H
2LZM,"M120A,Q122A",3.01,Thermal,0.19,Additive,Additive,True,none,2,120,122,15,-1,0.9582,H,H
2LZM,"D89A,R96H",3.05,Thermal,0.2,Additive,Additive,True,R2_C1_helix_community,7,89,96,10,10,1.4344,H,H
2LZM,"K135E,K147E",2.8,Thermal,0.2,Additive,Non-additive,False,R14_C6_charged_isolated,12,135,147,-1,-1,0.8132,C,H
2LZM,"K16E,K135E",2.8,Thermal,0.2,Additive,Non-additive,False,R14_C6_charged_isolated,119,16,135,-1,-1,0.2724,E,C
2LZM,"K16E,R154E",5.3,Thermal,0.2,Additive,Additive,True,none,138,16,154,-1,16,0.2045,E,H
2LZM,"K85A,R96H",3.05,Thermal,0.2,Additive,Additive,True,none,11,85,96,9,10,1.4249,H,H
2LZM,"L99A,E108V",5.4,Thermal,0.2,Additive,Additive,True,none,9,99,108,-1,-1,0.2828,H,H
2LZM,"L99A,F153A",3.01,Thermal,0.2,Additive,Additive,True,none,54,99,153,-1,18,1.2354,H,H
2LZM,"L99A,F153A",3.01,Thermal,0.2,Additive,Additive,True,none,54,99,153,-1,18,1.2354,H,H
2LZM,"L99F,F153L",5.7,Thermal,0.21,Additive,Additive,True,none,54,99,153,-1,18,1.2354,H,H
2LZM,"L99F,V111I",5.7,Thermal,0.22,Additive,Non-additive,False,R11_C5_common_neighbor,12,99,111,-1,12,1.3145,H,H
2LZM,"L99F,F153L",3.01,Thermal,0.23,Additive,Additive,True,none,54,99,153,-1,18,1.2354,H,H
2LZM,"R119A,Q123A",3.01,Thermal,0.23,Additive,Additive,True,none,4,119,123,15,-1,1.3241,H,C
2LZM,"N116A,M120A",3.01,Thermal,0.24,Additive,Additive,True,R2_C1_helix_community,4,116,120,15,15,0.7251,H,H
2LZM,"L99F,V111I",3.01,Thermal,0.27,Additive,Non-additive,False,R11_C5_common_neighbor,12,99,111,-1,12,1.3145,H,H
2LZM,"L99F,M102L",5.7,Thermal,0.37,Additive,Additive,True,none,3,99,102,-1,-1,0.3772,H,H
2LZM,"M102L,V111F",5.7,Thermal,0.4,Additive,Non-additive,False,R6_C3_helix_one_isolated,9,102,111,-1,12,1.7463,H,H
2LZM,"L99F,M102L",3.01,Thermal,0.43,Additive,Additive,True,none,3,99,102,-1,-1,0.3772,H,H
2LZM,"E45A,K48A",6.7,Thermal,0.56,Additive,Additive,True,none,3,45,48,-1,-1,1.0904,H,H
2LZM,"M102L,V111F",3.01,Thermal,0.66,Additive,Non-additive,False,R6_C3_helix_one_isolated,9,102,111,-1,12,1.7463,H,H
2LZM,"A129M,F153A",5.4,Thermal,1.0,Non-additive,Additive,False,none,24,129,153,-1,18,0.5793,H,H
2LZM,"A98V,T152S",3.0,Thermal,1.0,Non-additive,Non-additive,True,R11_C5_common_neighbor,54,98,152,-1,18,1.6794,H,H
2LZM,"L99A,F153A",5.7,Thermal,1.4,Non-additive,Additive,False,none,54,99,153,-1,18,1.2354,H,H
2LZM,"R119E,K135E",5.3,Thermal,2.1,Non-additive,Additive,False,none,16,119,135,15,-1,0.0939,H,C
2LZM,"K16E,K135E",5.3,Thermal,2.2,Non-additive,Non-additive,True,R14_C6_charged_isolated,119,16,135,-1,-1,0.2724,E,C
2LZM,"L121A,A129L",5.4,Thermal,2.5,Non-additive,Non-additive,True,R6_C3_helix_one_isolated,8,121,129,-1,-1,1.5756,H,H
2LZM,"K135E,K147E",5.3,Thermal,3.2,Non-additive,Non-additive,True,R14_C6_charged_isolated,12,135,147,-1,-1,0.8132,C,H
2LZM,"L121A,A129M",5.4,Thermal,3.2,Non-additive,Non-additive,True,R6_C3_helix_one_isolated,8,121,129,-1,-1,1.5756,H,H
1PGA,"I6T,T53F",5.2,Thermal,-4.36,Non-additive,Non-additive,True,R10_C5_hub_perturbation,47,6,53,1,-1,0.9648,E,E
1PGA,"I6T,T53F",5.2,Thermal,-4.18,Non-additive,Non-additive,True,R10_C5_hub_perturbation,47,6,53,1,-1,0.9648,E,E
1PGA,"I6T,T53Y",5.2,Thermal,-4.03,Non-additive,Non-additive,True,R10_C5_hub_perturbation,47,6,53,1,-1,0.9648,E,E
1PGA,"I6T,T53I",5.2,Thermal,-3.78,Non-additive,Non-additive,True,R10_C5_hub_perturbation,47,6,53,1,-1,0.9648,E,E
1PGA,"I6T,T53I",5.2,Thermal,-3.47,Non-additive,Non-additive,True,R10_C5_hub_perturbation,47,6,53,1,-1,0.9648,E,E
1PGA,"I6T,T53V",5.2,Thermal,-3.45,Non-additive,Non-additive,True,R10_C5_hub_perturbation,47,6,53,1,-1,0.9648,E,E
1PGA,"I6T,T53V",5.2,Thermal,-3.28,Non-additive,Non-additive,True,R10_C5_hub_perturbation,47,6,53,1,-1,0.9648,E,E
1PGA,"V21P,A23P",5.5,Thermal,-0.1,Additive,Additive,True,none,2,21,23,-1,-1,1.022,C,H
1CSP,"E3K,E66K",7.0,Thermal,-3.02,Non-additive,Non-additive,True,R10_C5_hub_perturbation,63,3,66,6,5,0.3942,E,C
1CSP,"V20K,E3R",7.5,Thermal,-2.47,Non-additive,Non-additive,True,R10_C5_hub_perturbation,17,20,3,-1,6,0.157,E,E
1CSP,"V20Q,E3R",7.5,Thermal,-2.17,Non-additive,Non-additive,True,R10_C5_hub_perturbation,17,20,3,-1,6,0.157,E,E
1CSP,"M1R,E66K",7.0,Thermal,-1.3,Non-additive,Additive,False,R12_C5_hub_no_dccm,65,1,66,6,5,0.0,C,C
1CSP,"E3R,E66L",7.0,Thermal,-1.04,Non-additive,Non-additive,True,R10_C5_hub_perturbation,63,3,66,6,5,0.3942,E,C
1CSP,"E3R,E66L",7.0,GdnHCl,-0.7,Additive,Non-additive,False,R10_C5_hub_perturbation,63,3,66,6,5,0.3942,E,C
1CSP,"A46K,S48R",7.0,Thermal,-0.34,Additive,Non-additive,False,R1_C1_same_community,2,46,48,5,5,1.052,E,E
1CSP,"D25Q,E19Q",7.5,Thermal,-0.06,Additive,Additive,True,none,6,25,19,-1,-1,0.4643,E,E
1CSP,"E21Q,E19Q",7.5,Thermal,0.1,Additive,Additive,True,none,2,21,19,-1,-1,0.3717,C,E
1CSP,"D25K,E19Q",7.5,Thermal,0.14,Additive,Additive,True,none,6,25,19,-1,-1,0.4643,E,E
2RN2,"K91R,D94E",3.0,Thermal,-0.4,Additive,Additive,True,none,3,91,94,-1,-1,1.317,E,C
2RN2,"K91R,K95G",3.0,Thermal,-0.3,Additive,Additive,True,none,4,91,95,-1,-1,1.867,E,C
2RN2,"K91R,K95G",5.5,Thermal,-0.3,Additive,Additive,True,none,4,91,95,-1,-1,1.867,E,C
2RN2,"Q80L,K117R",3.0,Thermal,-0.27,Additive,Additive,True,none,37,80,117,12,0,0.3931,H,E
2RN2,"E119V,R41C",3.0,Thermal,-0.12,Additive,Additive,True,R12_C5_hub_no_dccm,78,119,41,0,-1,0.1035,E,E
2RN2,"K91R,D94E",5.5,Thermal,-0.1,Additive,Additive,True,none,3,91,94,-1,-1,1.317,E,C
2RN2,"E119V,R41C",5.5,Thermal,0.02,Additive,Additive,True,R12_C5_hub_no_dccm,78,119,41,0,-1,0.1035,E,E
2RN2,"A52V,V74A",3.2,Thermal,-0.02,Additive,Additive,True,none,22,52,74,-1,-1,1.162,H,H
2RN2,"A52L,V74A",3.2,Thermal,1.26,Non-additive,Non-additive,True,R7_C3_helix_both_isolated,22,52,74,-1,-1,1.162,H,H
2RN2,"A52I,V74A",3.2,Thermal,1.49,Non-additive,Non-additive,True,R7_C3_helix_both_isolated,22,52,74,-1,-1,1.162,H,H
2RN2,"A52F,V74A",3.2,Thermal,0.3,Additive,Non-additive,False,R7_C3_helix_both_isolated,22,52,74,-1,-1,1.162,H,H
2RN2,"A52G,V74L",3.2,Thermal,0.2,Additive,Additive,True,none,22,52,74,-1,-1,1.162,H,H
2RN2,"A52V,V74L",3.2,Thermal,-0.37,Additive,Additive,True,none,22,52,74,-1,-1,1.162,H,H
2RN2,"A52L,V74L",3.2,Thermal,-0.91,Additive,Non-additive,False,R7_C3_helix_both_isolated,22,52,74,-1,-1,1.162,H,H
2RN2,"A52I,V74L",3.2,Thermal,-1.81,Non-additive,Non-additive,True,R7_C3_helix_both_isolated,22,52,74,-1,-1,1.162,H,H
2RN2,"A52F,V74L",3.2,Thermal,-1.57,Non-additive,Non-additive,True,R7_C3_helix_both_isolated,22,52,74,-1,-1,1.162,H,H
2CI2,"P25A,A35G",6.25,GdnHCl,-2.32,Non-additive,Additive,False,none,10,25,35,-1,2,0.9295,H,H
2CI2,"I48A,I76V",6.3,GdnHCl,-0.62,Additive,Additive,True,none,28,48,76,-1,1,0.6037,E,E
2CI2,"L51A,V57A",6.25,GdnHCl,-0.03,Additive,Additive,True,none,6,51,57,5,-1,0.4143,E,C
2CI2,"L51V,V57A",6.25,GdnHCl,-0.02,Additive,Additive,True,none,6,51,57,5,-1,0.4143,E,C
2CI2,"K43A,E45A",6.3,GdnHCl,0.26,Additive,Additive,True,none,2,43,45,3,-1,0.626,C,C
2CI2,"K43A,E45A",4.15,Thermal,0.36,Additive,Additive,True,none,2,43,45,3,-1,0.626,C,C
2CI2,"L51V,F69L",6.25,GdnHCl,0.36,Additive,Additive,True,none,18,51,69,5,-1,2.3442,E,E
2CI2,"K21A,E26A",6.25,GdnHCl,0.45,Additive,Additive,True,none,5,21,26,-1,-1,0.1645,C,H
2CI2,"R62A,D64A",6.25,GdnHCl,0.49,Additive,Additive,True,none,2,62,64,4,3,0.1712,C,C
2CI2,"V57A,F69L",6.25,GdnHCl,0.51,Additive,Additive,True,none,12,57,69,-1,-1,0.9609,C,E
2CI2,"L51A,F69L",6.25,GdnHCl,0.66,Additive,Additive,True,none,18,51,69,5,-1,2.3442,E,E
2CI2,"L51A,F69A",6.25,GdnHCl,0.79,Additive,Additive,True,none,18,51,69,5,-1,2.3442,E,E
2CI2,"T58D,E60A",6.3,GdnHCl,0.83,Additive,Additive,True,none,2,58,60,-1,-1,0.661,C,C
2CI2,"T58A,E60A",6.3,GdnHCl,0.85,Additive,Additive,True,none,2,58,60,-1,-1,0.661,C,C
2CI2,"L51V,F69A",6.25,GdnHCl,0.87,Additive,Additive,True,none,18,51,69,5,-1,2.3442,E,E
2CI2,"I48A,I76V",6.3,Urea,-0.42,Additive,Additive,True,none,28,48,76,-1,1,0.6037,E,E
2CI2,"K21A,E26A",6.3,Urea,-0.08,Additive,Additive,True,none,5,21,26,-1,-1,0.1645,C,H
2CI2,"K43A,E45A",6.3,Urea,-0.36,Additive,Additive,True,none,2,43,45,3,-1,0.626,C,C
2CI2,"L51A,F69A",6.3,Urea,1.42,Non-additive,Additive,False,none,18,51,69,5,-1,2.3442,E,E
2CI2,"L51A,F69L",6.3,Urea,1.06,Non-additive,Additive,False,none,18,51,69,5,-1,2.3442,E,E
2CI2,"L51A,V57A",6.3,Urea,0.68,Additive,Additive,True,none,6,51,57,5,-1,0.4143,E,C
2CI2,"L51V,F69A",6.3,Urea,0.93,Additive,Additive,True,none,18,51,69,5,-1,2.3442,E,E
2CI2,"L51V,F69L",6.3,Urea,0.19,Additive,Additive,True,none,18,51,69,5,-1,2.3442,E,E
2CI2,"L51V,V57A",6.3,Urea,0.12,Additive,Additive,True,none,6,51,57,5,-1,0.4143,E,C
2CI2,"P25A,A35G",6.3,Urea,0.01,Additive,Additive,True,none,10,25,35,-1,2,0.9295,H,H
2CI2,"R62A,D64A",6.3,Urea,0.16,Additive,Additive,True,none,2,62,64,4,3,0.1712,C,C
2CI2,"T58A,E60A",6.3,Urea,0.5,Additive,Additive,True,none,2,58,60,-1,-1,0.661,C,C
2CI2,"T58D,E60A",6.3,Urea,0.39,Additive,Additive,True,none,2,58,60,-1,-1,0.661,C,C
2CI2,"V57A,F69L",6.3,Urea,1.0,Non-additive,Additive,False,none,12,57,69,-1,-1,0.9609,C,E
