PDB,mutation,label,seq_dist,same_community,adj_comm,comm_linked,in_direct,z_dccm,raw_dccm,bc_max,bc_min,rmsf_z_max,rmsf_z_min,n_common_neigh,both_coil,both_helix,both_struct,both_isolated,one_isolated,both_charged_kept,vol_change_any
1STN,"V66L,G88V",0,22,0,1,0,0,0.51984394,0.11478685,0.01813977389516958,0.00020554984583761563,-0.25290754,-0.6138576,0,0,0,1,0,0,0,0
1STN,"V23L,V66L",0,43,0,1,0,0,1.091106,0.22778498,0.005515587529976018,0.00020554984583761563,-0.39914718,-0.6138576,0,0,0,1,0,0,0,0
1STN,"E73A,V74A",0,1,0,0,0,0,0.31858796,0.8074451,0.0,0.0,-0.5573491,-0.62464267,0,0,0,1,0,1,0,0
1STN,"V23I,V66L",0,43,0,1,0,0,1.091106,0.22778498,0.005515587529976018,0.00020554984583761563,-0.39914718,-0.6138576,0,0,0,1,0,0,0,0
1STN,"V66I,I72L",0,6,0,1,0,0,0.14121595,0.16134518,0.0007194244604316547,0.00020554984583761563,-0.6138576,-0.6314904,0,0,0,1,0,0,0,0
1STN,"I92L,V99L",0,7,1,0,0,1,1.3978173,0.5105032,0.0013360739979445015,0.0,-0.6984751,-0.7487194,0,0,0,1,0,0,0,0
1STN,"M65A,V66A",0,1,0,0,0,0,0.53255767,0.70822704,0.00020554984583761563,0.0,-0.6138576,-0.6404089,0,0,1,1,0,1,0,1
1STN,"V23L,V66I",0,43,0,1,0,0,1.091106,0.22778498,0.005515587529976018,0.00020554984583761563,-0.39914718,-0.6138576,0,0,0,1,0,0,0,0
1STN,"V66L,I72L",0,6,0,1,0,0,0.14121595,0.16134518,0.0007194244604316547,0.00020554984583761563,-0.6138576,-0.6314904,0,0,0,1,0,0,0,0
1STN,"I72L,V99L",0,27,0,1,0,0,0.6204694,0.10967059,0.0007194244604316547,0.0,-0.6314904,-0.7487194,0,0,0,1,0,0,0,0
1STN,"L25A,M26A",0,1,0,0,0,0,0.96159905,0.88240093,0.012285029119561492,0.003905447070914697,-0.3577382,-0.44503346,0,0,0,1,0,1,0,1
1STN,"L25I,V66I",0,41,0,1,0,0,0.9430947,0.1857761,0.012285029119561492,0.00020554984583761563,-0.44503346,-0.6138576,0,0,0,1,0,0,0,0
1STN,"V23I,V66I",0,43,0,1,0,0,1.091106,0.22778498,0.005515587529976018,0.00020554984583761563,-0.39914718,-0.6138576,0,0,0,1,0,0,0,0
1STN,"V66I,I92L",0,26,0,1,0,0,0.5748992,0.1163487,0.0013360739979445015,0.00020554984583761563,-0.6138576,-0.6984751,0,0,0,1,0,0,0,0
1STN,"V66L,G88V",0,22,0,1,0,0,0.51984394,0.11478685,0.01813977389516958,0.00020554984583761563,-0.25290754,-0.6138576,0,0,0,1,0,0,0,0
1STN,"I92V,V99L",0,7,1,0,0,1,1.3978173,0.5105032,0.0013360739979445015,0.0,-0.6984751,-0.7487194,0,0,0,1,0,0,0,0
1STN,"L38A,V39A",0,1,0,0,0,0,0.73802006,0.6842763,0.0005138746145940391,0.0,-0.61739695,-0.62595224,0,0,0,0,1,1,0,1
1STN,"V23F,E75V",0,52,0,1,0,0,0.41078827,0.13346055,0.005515587529976018,0.0,-0.38651547,-0.39914718,0,0,0,1,0,0,0,0
1STN,"L37A,P117L",0,80,0,1,0,0,2.333595,0.30561623,0.004419321685508736,0.0,1.5564337,-0.62976396,0,1,0,0,0,0,0,1
1STN,"I18M,A90S",0,72,0,1,0,0,1.4946392,0.31209567,0.012644741349777326,0.0,-0.10213081,-0.5167556,0,0,0,1,0,0,0,0
1STN,"I72L,I92V",0,20,0,1,0,0,1.759995,0.42911115,0.0013360739979445015,0.0007194244604316547,-0.6314904,-0.6984751,0,0,0,1,0,0,0,0
1STN,"I72L,V99I",0,27,0,1,0,0,0.6204694,0.10967059,0.0007194244604316547,0.0,-0.6314904,-0.7487194,0,0,0,1,0,0,0,0
1STN,"I92L,V99I",0,7,1,0,0,1,1.3978173,0.5105032,0.0013360739979445015,0.0,-0.6984751,-0.7487194,0,0,0,1,0,0,0,0
1STN,"I92V,V99I",0,7,1,0,0,1,1.3978173,0.5105032,0.0013360739979445015,0.0,-0.6984751,-0.7487194,0,0,0,1,0,0,0,0
1STN,"L25V,V66I",0,41,0,1,0,0,0.9430947,0.1857761,0.012285029119561492,0.00020554984583761563,-0.44503346,-0.6138576,0,0,0,1,0,0,0,0
1STN,"V23I,I72L",0,49,0,1,0,0,0.42630067,0.127796,0.005515587529976018,0.0007194244604316547,-0.39914718,-0.6314904,0,0,0,1,0,0,0,0
1STN,"V23L,I72L",0,49,0,1,0,0,0.42630067,0.127796,0.005515587529976018,0.0007194244604316547,-0.39914718,-0.6314904,0,0,0,1,0,0,0,0
1STN,"V66L,I92L",0,26,0,1,0,0,0.5748992,0.1163487,0.0013360739979445015,0.00020554984583761563,-0.6138576,-0.6984751,0,0,0,1,0,0,0,0
1STN,"V66L,V99I",0,33,0,1,0,0,1.1944176,0.1620039,0.00020554984583761563,0.0,-0.6138576,-0.7487194,0,0,1,1,0,0,0,0
1STN,"I18M,T33S",0,15,0,1,0,0,2.3579512,0.6407679,0.0382494004796163,0.012644741349777326,-0.10213081,-0.25452268,1,0,0,1,0,0,0,0
1STN,"A69T,A90S",0,21,0,1,0,0,0.33113348,0.0716133,0.0,0.0,-0.47175488,-0.5167556,0,0,0,0,0,0,0,0
1STN,"I18M,A90S",0,72,0,1,0,0,1.4946392,0.31209567,0.012644741349777326,0.0,-0.10213081,-0.5167556,0,0,0,1,0,0,0,0
1STN,"V66I,V99L",0,33,0,1,0,0,1.1944176,0.1620039,0.00020554984583761563,0.0,-0.6138576,-0.7487194,0,0,1,1,0,0,0,0
1STN,"V66L,G88V",0,22,0,1,0,0,0.51984394,0.11478685,0.01813977389516958,0.00020554984583761563,-0.25290754,-0.6138576,0,0,0,1,0,0,0,0
1STN,"I18M,A90S",0,72,0,1,0,0,1.4946392,0.31209567,0.012644741349777326,0.0,-0.10213081,-0.5167556,0,0,0,1,0,0,0,0
1STN,"Y85A,Y113A",0,28,0,0,0,0,0.5120814,0.0717827,0.0,0.0,0.6877926,0.3882712,0,1,0,0,1,1,0,1
1STN,"I15V,Y113A",0,98,0,0,0,0,1.5856473,0.1062616,0.0024905789653991094,0.0,0.3882712,-0.38989848,0,0,0,0,0,1,0,1
1STN,"I18M,A69T",0,51,0,1,0,0,0.41698873,0.038114194,0.012644741349777326,0.0,-0.10213081,-0.47175488,0,0,0,0,0,0,0,0
1STN,"T33S,A90S",0,57,0,1,0,0,2.2442443,0.48762456,0.0382494004796163,0.0,-0.25452268,-0.5167556,0,0,0,1,0,0,0,0
1STN,"I72L,I92L",0,20,0,1,0,0,1.759995,0.42911115,0.0013360739979445015,0.0007194244604316547,-0.6314904,-0.6984751,0,0,0,1,0,0,0,0
1STN,"L25I,V66L",0,41,0,1,0,0,0.9430947,0.1857761,0.012285029119561492,0.00020554984583761563,-0.44503346,-0.6138576,0,0,0,1,0,0,0,0
1STN,"V23L,L25V",0,2,0,1,0,0,1.0359771,0.7715008,0.012285029119561492,0.005515587529976018,-0.39914718,-0.44503346,1,0,0,1,0,0,0,0
1STN,"T62A,G88V",0,26,0,1,0,0,0.8862075,0.18558979,0.01813977389516958,0.0,-0.25290754,-0.5506899,0,0,0,1,0,0,0,0
1STN,"F61A,T62A",0,1,0,0,0,0,0.13221419,0.7857195,0.0,0.0,-0.53831524,-0.5506899,0,0,1,1,0,1,0,1
1STN,"L37A,Y85A",0,48,0,0,0,0,0.57781225,0.15301034,0.004419321685508736,0.0,0.6877926,-0.62976396,0,1,0,0,0,1,0,1
1STN,"L37A,Y113A",0,76,0,0,0,0,0.023885835,0.015220524,0.004419321685508736,0.0,0.3882712,-0.62976396,0,1,0,0,0,1,0,1
1STN,"V23F,G79S",0,56,0,1,0,0,0.015093734,0.035174508,0.005515587529976018,0.0013360739979445015,0.46118546,-0.39914718,0,0,0,0,0,0,0,0
1STN,"V23F,Y85A",0,62,0,0,0,0,1.8061374,0.48212883,0.005515587529976018,0.0,0.6877926,-0.39914718,0,0,0,0,0,1,0,1
1STN,"E75V,Y85A",0,10,0,0,0,0,0.3517063,0.10507478,0.0,0.0,0.6877926,-0.38651547,0,0,0,0,0,1,0,1
1STN,"L25I,I72L",0,47,0,1,0,0,1.3441942,0.3009096,0.012285029119561492,0.0007194244604316547,-0.44503346,-0.6314904,0,0,0,1,0,0,0,0
1STN,"V23I,L25I",0,2,0,1,0,0,1.0359771,0.7715008,0.012285029119561492,0.005515587529976018,-0.39914718,-0.44503346,1,0,0,1,0,0,0,0
1STN,"L7A,V23F",0,16,0,0,0,0,0.3586559,0.072464965,0.005515587529976018,0.0,1.137195,-0.39914718,0,0,0,0,0,1,0,1
1STN,"L7A,E75V",0,68,0,0,0,0,1.8163195,0.4162645,0.0,0.0,1.137195,-0.38651547,0,0,0,0,0,1,0,1
1STN,"E75V,G79S",0,4,0,1,0,0,0.07627905,0.34970984,0.0013360739979445015,0.0,0.46118546,-0.38651547,0,0,0,0,0,0,0,0
1STN,"E75V,I15V",0,60,0,1,0,0,0.20690228,0.09725279,0.0024905789653991094,0.0,-0.38651547,-0.38989848,0,0,0,1,0,0,0,0
1STN,"L25V,V66L",0,41,0,1,0,0,0.9430947,0.1857761,0.012285029119561492,0.00020554984583761563,-0.44503346,-0.6138576,0,0,0,1,0,0,0,0
1STN,"L37A,A69T",0,32,0,1,0,0,0.25160304,0.027701503,0.004419321685508736,0.0,-0.47175488,-0.62976396,0,1,0,0,0,0,0,1
1STN,"T62A,V66L",0,4,1,0,0,0,0.6029803,0.509945,0.00020554984583761563,0.0,-0.5506899,-0.6138576,0,0,1,1,0,0,0,0
1STN,"V23L,L25I",0,2,0,1,0,0,1.0359771,0.7715008,0.012285029119561492,0.005515587529976018,-0.39914718,-0.44503346,1,0,0,1,0,0,0,0
1STN,"V66L,G88V",0,22,0,1,0,0,0.51984394,0.11478685,0.01813977389516958,0.00020554984583761563,-0.25290754,-0.6138576,0,0,0,1,0,0,0,0
1STN,"V23F,Y113A",0,90,0,0,0,0,1.6668019,0.15906885,0.005515587529976018,0.0,0.3882712,-0.39914718,0,0,0,0,0,1,0,1
1STN,"G79S,Y113A",0,34,0,0,0,0,0.46336836,0.20042865,0.0013360739979445015,0.0,0.46118546,0.3882712,0,1,0,0,0,1,0,1
1STN,"L7A,I15V",0,8,0,0,0,0,0.15053973,0.045715753,0.0024905789653991094,0.0,1.137195,-0.38989848,0,0,0,0,0,1,0,1
1STN,"G79S,I15V",0,64,0,1,0,0,0.36349267,0.027164048,0.0024905789653991094,0.0013360739979445015,0.46118546,-0.38989848,0,0,0,0,0,0,0,0
1STN,"E75V,T33S",0,42,0,1,0,0,1.205543,0.25309178,0.0382494004796163,0.0,-0.25452268,-0.38651547,0,0,0,1,0,0,0,0
1STN,"G79S,Y85A",0,6,0,0,0,0,0.6042783,0.043800723,0.0013360739979445015,0.0,0.6877926,0.46118546,0,1,0,0,0,1,0,1
1STN,"G79S,P117L",0,38,1,0,0,0,0.55068517,0.22454453,0.0013360739979445015,0.0,1.5564337,0.46118546,0,1,0,0,0,0,0,0
1STN,"L37A,I15V",0,22,0,1,0,0,0.6756926,0.14867367,0.004419321685508736,0.0024905789653991094,-0.38989848,-0.62976396,0,0,0,0,0,0,0,1
1STN,"L37A,I92V",0,55,0,1,0,0,2.192824,0.5118084,0.004419321685508736,0.0013360739979445015,-0.62976396,-0.6984751,1,0,0,0,0,0,0,1
1STN,"I72V,V99L",0,27,0,1,0,0,0.6204694,0.10967059,0.0007194244604316547,0.0,-0.6314904,-0.7487194,0,0,0,1,0,0,0,0
1STN,"L25V,I72L",0,47,0,1,0,0,1.3441942,0.3009096,0.012285029119561492,0.0007194244604316547,-0.44503346,-0.6314904,0,0,0,1,0,0,0,0
1STN,"L7A,Y113A",0,106,0,0,0,0,0.35214186,0.12257769,0.0,0.0,1.137195,0.3882712,0,1,0,0,1,1,0,1
1STN,"L7A,Y85A",0,78,0,0,0,0,0.81509644,0.11714094,0.0,0.0,1.137195,0.6877926,0,1,0,0,1,1,0,1
1STN,"L37A,A90S",0,53,1,0,0,1,2.664772,0.6415367,0.004419321685508736,0.0,-0.5167556,-0.62976396,0,0,0,0,0,0,0,1
1STN,"L7A,I92V",0,85,0,0,0,0,1.4775779,0.19301598,0.0013360739979445015,0.0,1.137195,-0.6984751,0,0,0,0,0,1,0,1
1STN,"G79S,I92V",0,13,0,1,0,0,0.8468261,0.2047222,0.0013360739979445015,0.0013360739979445015,0.46118546,-0.6984751,0,0,0,0,0,0,0,0
1STN,"E75V,P117L",0,42,0,1,0,0,1.4796926,0.36939734,0.0,0.0,1.5564337,-0.38651547,0,0,0,0,0,0,0,0
1STN,"I72V,I92V",0,20,0,1,0,0,1.759995,0.42911115,0.0013360739979445015,0.0007194244604316547,-0.6314904,-0.6984751,0,0,0,1,0,0,0,0
1STN,"L25I,I72V",0,47,0,1,0,0,1.3441942,0.3009096,0.012285029119561492,0.0007194244604316547,-0.44503346,-0.6314904,0,0,0,1,0,0,0,0
1STN,"V66I,V99I",0,33,0,1,0,0,1.1944176,0.1620039,0.00020554984583761563,0.0,-0.6138576,-0.7487194,0,0,1,1,0,0,0,0
1STN,"V23F,I15V",0,8,0,1,0,0,2.385012,0.71818954,0.005515587529976018,0.0024905789653991094,-0.38989848,-0.39914718,0,0,0,1,0,0,0,0
1STN,"I15V,I72V",0,57,0,1,0,0,0.7396597,0.185421,0.0024905789653991094,0.0007194244604316547,-0.38989848,-0.6314904,0,0,0,1,0,0,0,0
1STN,"I72V,I92L",0,20,0,1,0,0,1.759995,0.42911115,0.0013360739979445015,0.0007194244604316547,-0.6314904,-0.6984751,0,0,0,1,0,0,0,0
1STN,"I72V,Y85A",0,13,0,0,0,0,0.36108142,0.07152136,0.0007194244604316547,0.0,0.6877926,-0.6314904,0,0,0,0,0,1,0,1
1STN,"V23I,L25V",0,2,0,1,0,0,1.0359771,0.7715008,0.012285029119561492,0.005515587529976018,-0.39914718,-0.44503346,1,0,0,1,0,0,0,0
1STN,"V66L,V99L",0,33,0,1,0,0,1.1944176,0.1620039,0.00020554984583761563,0.0,-0.6138576,-0.7487194,0,0,1,1,0,0,0,0
1STN,"E75V,A69T",0,6,0,1,0,0,1.2259041,0.1139937,0.0,0.0,-0.38651547,-0.47175488,0,0,0,0,0,0,0,0
1STN,"E75V,I92V",0,17,0,1,0,0,2.1037421,0.57887787,0.0013360739979445015,0.0,-0.38651547,-0.6984751,0,0,0,1,0,0,0,0
1STN,"E75V,Y113A",0,38,0,0,0,0,0.5025903,0.2130234,0.0,0.0,0.3882712,-0.38651547,0,0,0,0,0,1,0,1
1STN,"V23F,I92V",0,69,0,1,0,0,1.210585,0.28458396,0.005515587529976018,0.0013360739979445015,-0.39914718,-0.6984751,0,0,0,1,0,0,0,0
1STN,"L25V,I72V",0,47,0,1,0,0,1.3441942,0.3009096,0.012285029119561492,0.0007194244604316547,-0.44503346,-0.6314904,0,0,0,1,0,0,0,0
1STN,"V66I,I92V",0,26,0,1,0,0,0.5748992,0.1163487,0.0013360739979445015,0.00020554984583761563,-0.6138576,-0.6984751,0,0,0,1,0,0,0,0
1STN,"E75V,A90S",0,15,0,1,1,0,2.3354678,0.634329,0.0,0.0,-0.38651547,-0.5167556,0,0,0,1,0,0,0,0
1STN,"T62G,G88V",0,26,0,1,0,0,0.8862075,0.18558979,0.01813977389516958,0.0,-0.25290754,-0.5506899,0,0,0,1,0,0,0,0
1STN,"I72V,Y113A",0,41,0,0,0,0,0.07015503,0.06087773,0.0007194244604316547,0.0,0.3882712,-0.6314904,0,0,0,0,0,1,0,1
1STN,"L37A,I72V",0,35,0,1,0,0,1.5513607,0.22703895,0.004419321685508736,0.0007194244604316547,-0.62976396,-0.6314904,0,0,0,0,0,0,0,1
1STN,"L37A,T33S",0,4,0,1,0,0,0.027648563,0.37422603,0.0382494004796163,0.004419321685508736,-0.25452268,-0.62976396,0,0,0,0,0,0,0,1
1STN,"I72V,V99I",0,27,0,1,0,0,0.6204694,0.10967059,0.0007194244604316547,0.0,-0.6314904,-0.7487194,0,0,0,1,0,0,0,0
1STN,"V23L,I72V",0,49,0,1,0,0,0.42630067,0.127796,0.005515587529976018,0.0007194244604316547,-0.39914718,-0.6314904,0,0,0,1,0,0,0,0
1STN,"V66L,I92V",0,26,0,1,0,0,0.5748992,0.1163487,0.0013360739979445015,0.00020554984583761563,-0.6138576,-0.6984751,0,0,0,1,0,0,0,0
1STN,"G79S,I72V",0,7,0,1,0,0,0.01822107,0.14263874,0.0013360739979445015,0.0007194244604316547,0.46118546,-0.6314904,0,0,0,0,0,0,0,0
1STN,"V23F,T33S",0,10,0,1,1,0,3.1747196,0.8420901,0.0382494004796163,0.005515587529976018,-0.25452268,-0.39914718,0,0,0,1,0,0,0,0
1STN,"V23F,L37A",0,14,0,1,0,0,1.3235857,0.3427653,0.005515587529976018,0.004419321685508736,-0.39914718,-0.62976396,0,0,0,0,0,0,0,1
1STN,"V23I,I72V",0,49,0,1,0,0,0.42630067,0.127796,0.005515587529976018,0.0007194244604316547,-0.39914718,-0.6314904,0,0,0,1,0,0,0,0
1STN,"V23F,A69T",0,46,0,1,0,0,0.25659737,0.009279719,0.005515587529976018,0.0,-0.39914718,-0.47175488,0,0,0,0,0,0,0,0
1STN,"E75V,I72V",0,3,0,1,0,0,0.5032639,0.35652983,0.0007194244604316547,0.0,-0.38651547,-0.6314904,0,0,0,1,0,0,0,0
1STN,"L7A,I72V",0,65,0,0,0,0,0.0681431,0.06454089,0.0007194244604316547,0.0,1.137195,-0.6314904,0,0,0,0,0,1,0,1
1STN,"V23F,A90S",0,67,0,1,0,0,1.8618524,0.41479993,0.005515587529976018,0.0,-0.39914718,-0.5167556,0,0,0,1,0,0,0,0
1STN,"V23F,I72V",1,49,0,1,0,0,0.42630067,0.127796,0.005515587529976018,0.0007194244604316547,-0.39914718,-0.6314904,0,0,0,1,0,0,0,0
1STN,"P117L,N118D",1,1,1,0,0,0,1.3545474,0.9282069,0.0035971223021582736,0.0,1.5564337,1.2638974,1,1,0,0,0,0,0,0
1STN,"L7A,G79S",1,72,0,0,0,0,0.25272244,0.05943517,0.0013360739979445015,0.0,1.137195,0.46118546,0,1,0,0,0,1,0,1
1STN,"L37A,L38A",1,1,0,0,0,0,1.3355186,0.6146259,0.004419321685508736,0.0005138746145940391,-0.62595224,-0.62976396,0,1,0,0,0,1,0,1
1STN,"L37A,E75V",1,38,0,1,1,0,2.2612019,0.44904363,0.004419321685508736,0.0,-0.38651547,-0.62976396,1,0,0,0,0,0,0,1
1STN,"V66I,I72V",1,6,0,1,0,0,0.14121595,0.16134518,0.0007194244604316547,0.00020554984583761563,-0.6138576,-0.6314904,0,0,0,1,0,0,0,0
1STN,"V66L,I72V",1,6,0,1,0,0,0.14121595,0.16134518,0.0007194244604316547,0.00020554984583761563,-0.6138576,-0.6314904,0,0,0,1,0,0,0,0
1STN,"L7A,L37A",1,30,0,0,0,0,0.4767965,0.03993512,0.004419321685508736,0.0,1.137195,-0.62976396,0,1,0,0,0,1,0,1
1STN,"G79D,N118D",1,39,1,0,0,1,0.6386094,0.23205443,0.0035971223021582736,0.0013360739979445015,1.2638974,0.46118546,0,1,0,0,0,0,0,0
1STN,"G79S,N118D",1,39,1,0,0,1,0.6386094,0.23205443,0.0035971223021582736,0.0013360739979445015,1.2638974,0.46118546,0,1,0,0,0,0,0,0
1STN,"L37A,N118D",1,81,0,1,0,0,2.174185,0.27735355,0.004419321685508736,0.0035971223021582736,1.2638974,-0.62976396,0,1,0,0,0,0,0,1
1STN,"L37A,G79S",1,42,0,1,0,0,1.4581516,0.3116513,0.004419321685508736,0.0013360739979445015,0.46118546,-0.62976396,0,1,0,0,0,0,0,1
1BNI,"D12A,T16R",0,4,0,0,0,0,1.852829,0.6105755,0.0,0.0,0.032194953,-0.6996957,0,0,1,1,0,1,0,0
1BNI,"Y13F,Y17F",0,4,0,0,0,1,1.7072308,0.57961947,0.012572205232755693,0.0,-0.2565044,-0.9836966,0,0,1,1,0,1,0,0
1BNI,"I4A,Y78F",0,74,0,0,0,0,1.0348111,0.10892382,0.022639947359621156,0.0025484199796126403,-0.51123965,-0.6019202,0,1,0,0,0,1,0,1
1BNI,"I4A,I76V",0,72,0,0,0,0,2.0493624,0.22798887,0.008862838373541735,0.0025484199796126403,-0.6019202,-1.2352604,0,1,0,0,0,1,0,1
1BNI,"D12A,R110A",0,98,0,1,1,1,1.3870806,0.16119441,0.03703703703703704,0.0,0.8714227,-0.6996957,1,0,0,0,0,0,0,0
1BNI,"D8A,D12A",0,4,1,0,0,0,1.475517,0.53035414,0.0,0.0,-0.47242248,-0.6996957,1,0,1,1,0,0,0,0
1BNI,"D8A,D12A",0,4,1,0,0,0,1.475517,0.53035414,0.0,0.0,-0.47242248,-0.6996957,1,0,1,1,0,0,0,0
1BNI,"I4A,I51V",0,47,0,0,0,0,1.0106455,0.049736694,0.0065927220361471145,0.0025484199796126403,-0.6019202,-1.2556828,0,0,0,0,0,1,0,1
1BNI,"H18G,W94L",0,76,0,0,0,1,0.6077895,0.08248713,0.021014621728179323,0.0,-0.42814264,-0.5581083,0,1,0,0,0,1,0,0
1BNI,"Y13A,Y17A",0,4,0,0,0,1,1.7072308,0.57961947,0.012572205232755693,0.0,-0.2565044,-0.9836966,0,0,1,1,0,1,0,1
1BNI,"D8A,R110A",0,102,0,1,1,1,1.9090512,0.22374676,0.03703703703703704,0.0,0.8714227,-0.47242248,1,0,0,0,0,0,0,0
1BNI,"D8A,R110A",0,102,0,1,1,1,1.9090512,0.22374676,0.03703703703703704,0.0,0.8714227,-0.47242248,1,0,0,0,0,0,0,0
1BNI,"Y13A,Y17A",1,4,0,0,0,1,1.7072308,0.57961947,0.012572205232755693,0.0,-0.2565044,-0.9836966,0,0,1,1,0,1,0,1
1BNI,"Y13A,Y17A",1,4,0,0,0,1,1.7072308,0.57961947,0.012572205232755693,0.0,-0.2565044,-0.9836966,0,0,1,1,0,1,0,1
1BNI,"D12A,R110A",1,98,0,1,1,1,1.3870806,0.16119441,0.03703703703703704,0.0,0.8714227,-0.6996957,1,0,0,0,0,0,0,0
1BNI,"D12A,R110A",1,98,0,1,1,1,1.3870806,0.16119441,0.03703703703703704,0.0,0.8714227,-0.6996957,1,0,0,0,0,0,0,0
1BNI,"T16S,Y17A",1,1,0,0,0,0,0.8990225,0.79333365,0.0,0.0,0.032194953,-0.2565044,0,0,1,1,1,1,0,1
1BNI,"H18G,W94L",1,76,0,0,0,1,0.6077895,0.08248713,0.021014621728179323,0.0,-0.42814264,-0.5581083,0,1,0,0,0,1,0,0
1BNI,"T16S,Y17A",1,1,0,0,0,0,0.8990225,0.79333365,0.0,0.0,0.032194953,-0.2565044,0,0,1,1,1,1,0,1
1BNI,"D8A,D12A",1,4,1,0,0,0,1.475517,0.53035414,0.0,0.0,-0.47242248,-0.6996957,1,0,1,1,0,0,0,0
1BNI,"R69S,D93N",1,24,1,0,0,1,2.2036574,0.39156953,0.049099558273870206,0.0,-0.1268886,-0.488943,0,1,0,0,0,0,0,0
1BNI,"R83K,D75N",1,8,0,0,0,1,0.7738351,0.12972412,0.09582032155936336,0.0,0.80216783,-1.1283585,0,0,0,0,0,1,0,0
1BNI,"Y17A,T16A",0,1,0,0,0,0,0.8990225,0.79333365,0.0,0.0,0.032194953,-0.2565044,0,0,1,1,1,1,0,1
1BNI,"D8A,V10A",1,2,0,1,0,0,0.632742,0.558113,0.038076226073167956,0.0,-0.47242248,-1.1631831,0,0,1,1,0,0,0,0
1BNI,"Y13A,Y17A",1,4,0,0,0,1,1.7072308,0.57961947,0.012572205232755693,0.0,-0.2565044,-0.9836966,0,0,1,1,0,1,0,1
2LZM,"S117I,N132I",1,15,0,0,0,0,2.5794973,0.45556772,0.003181095205635083,0.0,-0.23590463,-0.5217358,0,0,1,1,0,1,0,0
2LZM,"S117I,N132M",1,15,0,0,0,0,2.5794973,0.45556772,0.003181095205635083,0.0,-0.23590463,-0.5217358,0,0,1,1,0,1,0,0
2LZM,"M6I,R96H",0,90,0,0,0,0,1.8102636,0.10495126,0.008987856295286424,0.0009467545254866318,-0.16392788,-0.7930071,0,0,1,1,0,1,0,0
2LZM,"V111I,F153L",0,42,0,1,0,0,0.29576135,0.11415184,0.023176550783912748,0.0,-0.4974345,-0.7018779,0,0,1,1,0,0,0,0
2LZM,"V111I,F153L",0,42,0,1,0,0,0.29576135,0.11415184,0.023176550783912748,0.0,-0.4974345,-0.7018779,0,0,1,1,0,0,0,0
2LZM,"K16E,R154E",0,138,0,0,0,0,0.20454188,0.03768001,0.00833143982428236,0.0,-0.35533446,-0.45010594,0,0,0,1,0,1,1,0
2LZM,"D89A,R96H",0,7,1,0,0,1,1.4344404,0.48604298,0.008987856295286424,0.0015653008154712313,-0.14871603,-0.7930071,0,0,1,1,0,0,0,0
2LZM,"T115A,S117A",0,2,0,0,0,0,0.47912383,0.5914042,0.003181095205635083,0.0,0.008763393,-0.5217358,0,0,1,1,0,1,0,0
2LZM,"A41V,V131A",0,90,0,0,0,0,0.08242921,0.0800238,7.574036203893055e-05,0.0,0.56785446,-0.10242138,0,0,1,1,1,1,0,0
2LZM,"K16E,R119E",0,103,0,0,0,0,1.9661041,0.27152368,0.0,0.0,-0.29761517,-0.45010594,0,0,0,1,0,1,1,0
2LZM,"N116D,R119M",0,3,1,0,0,0,0.6739835,0.67208534,0.0009088843444671666,0.0,-0.0073602027,-0.29761517,0,0,1,1,0,0,0,0
2LZM,"V131A,A41V",0,90,0,0,0,0,0.08242921,0.0800238,7.574036203893055e-05,0.0,0.56785446,-0.10242138,0,0,1,1,1,1,0,0
2LZM,"S38D,N144D",0,106,0,0,0,0,0.8764311,0.15006936,0.0,0.0,0.6754705,0.2301937,0,0,0,0,1,1,0,0
2LZM,"A41V,V131A",0,90,0,0,0,0,0.08242921,0.0800238,7.574036203893055e-05,0.0,0.56785446,-0.10242138,0,0,1,1,1,1,0,0
2LZM,"E128A,V131A",0,3,0,0,0,0,0.8807985,0.7042403,0.0,0.0,-0.10242138,-0.18359785,0,0,1,1,1,1,0,0
2LZM,"R80K,R119H",0,39,0,0,0,0,0.34089795,0.10342505,0.0,0.0,0.61499894,-0.29761517,0,0,0,0,0,1,0,0
2LZM,"L99G,E108V",0,9,0,0,0,0,0.28281522,0.17767791,0.010755131409528138,0.0,-0.029781865,-0.92228854,0,0,1,1,1,1,0,1
2LZM,"L99G,E108V",0,9,0,0,0,0,0.28281522,0.17767791,0.010755131409528138,0.0,-0.029781865,-0.92228854,0,0,1,1,1,1,0,1
2LZM,"E128A,V131A",0,3,0,0,0,0,0.8807985,0.7042403,0.0,0.0,-0.10242138,-0.18359785,0,0,1,1,1,1,0,0
2LZM,"S38D,N144D",0,106,0,0,0,0,0.8764311,0.15006936,0.0,0.0,0.6754705,0.2301937,0,0,0,0,1,1,0,0
2LZM,"V131A,A41V",0,90,0,0,0,0,0.08242921,0.0800238,7.574036203893055e-05,0.0,0.56785446,-0.10242138,0,0,1,1,1,1,0,0
2LZM,"S117A,R119A",0,2,0,1,0,0,0.04500597,0.6360334,0.003181095205635083,0.0,-0.29761517,-0.5217358,0,0,1,1,0,0,0,0
2LZM,"K16E,R119E",0,103,0,0,0,0,1.9661041,0.27152368,0.0,0.0,-0.29761517,-0.45010594,0,0,0,1,0,1,1,0
2LZM,"K85A,R96H",0,11,0,1,0,0,1.4249359,0.30229023,0.008987856295286424,0.0013380797293544395,-0.40529156,-0.7930071,1,0,1,1,0,0,0,0
2LZM,"L99A,E108V",0,9,0,0,0,0,0.28281522,0.17767791,0.010755131409528138,0.0,-0.029781865,-0.92228854,0,0,1,1,1,1,0,1
2LZM,"N116D,R119M",0,3,1,0,0,0,0.6739835,0.67208534,0.0009088843444671666,0.0,-0.0073602027,-0.29761517,0,0,1,1,0,0,0,0
2LZM,"R119E,K135E",0,16,0,0,0,0,0.09394649,0.012758965,0.0,0.0,0.19277734,-0.29761517,0,0,0,0,0,1,1,0
2LZM,"E45A,K48A",0,3,0,0,0,1,1.090435,0.736834,0.0001514807240778611,0.0,0.8571272,0.32559666,0,0,1,1,1,1,0,0
2LZM,"T115A,R119A",0,4,0,0,0,0,0.8993304,0.6410514,0.0,0.0,0.008763393,-0.29761517,0,0,1,1,0,1,0,0
2LZM,"M120A,Q122A",0,2,0,0,0,0,0.95819664,0.73916703,0.0024236915852457776,0.0,-0.21439502,-0.4900439,0,0,1,1,0,1,0,1
2LZM,"D89A,R96H",0,7,1,0,0,1,1.4344404,0.48604298,0.008987856295286424,0.0015653008154712313,-0.14871603,-0.7930071,0,0,1,1,0,0,0,0
2LZM,"K135E,K147E",0,12,0,0,0,0,0.8131849,0.18528698,0.0,0.0,0.19277734,-0.37361258,0,0,0,0,1,1,1,0
2LZM,"K16E,K135E",0,119,0,0,0,0,0.27239797,0.14044368,0.0,0.0,0.19277734,-0.45010594,0,0,0,0,1,1,1,0
2LZM,"K16E,R154E",0,138,0,0,0,0,0.20454188,0.03768001,0.00833143982428236,0.0,-0.35533446,-0.45010594,0,0,0,1,0,1,1,0
2LZM,"K85A,R96H",0,11,0,1,0,0,1.4249359,0.30229023,0.008987856295286424,0.0013380797293544395,-0.40529156,-0.7930071,1,0,1,1,0,0,0,0
2LZM,"L99A,E108V",0,9,0,0,0,0,0.28281522,0.17767791,0.010755131409528138,0.0,-0.029781865,-0.92228854,0,0,1,1,1,1,0,1
2LZM,"L99A,F153A",0,54,0,0,0,0,1.2353599,0.12015399,0.023176550783912748,0.0,-0.7018779,-0.92228854,0,0,1,1,0,1,0,1
2LZM,"L99A,F153A",0,54,0,0,0,0,1.2353599,0.12015399,0.023176550783912748,0.0,-0.7018779,-0.92228854,0,0,1,1,0,1,0,1
2LZM,"L99F,F153L",0,54,0,0,0,0,1.2353599,0.12015399,0.023176550783912748,0.0,-0.7018779,-0.92228854,0,0,1,1,0,1,0,0
2LZM,"L99F,V111I",0,12,0,0,0,0,1.3144646,0.27511418,0.0,0.0,-0.4974345,-0.92228854,1,0,1,1,0,1,0,0
2LZM,"L99F,F153L",0,54,0,0,0,0,1.2353599,0.12015399,0.023176550783912748,0.0,-0.7018779,-0.92228854,0,0,1,1,0,1,0,0
2LZM,"R119A,Q123A",0,4,0,0,0,0,1.3240913,0.7198193,0.0,0.0,-0.091591895,-0.29761517,0,0,0,0,0,1,0,0
2LZM,"N116A,M120A",0,4,1,0,0,0,0.72512615,0.6087469,0.0024236915852457776,0.0009088843444671666,-0.0073602027,-0.4900439,0,0,1,1,0,0,0,1
2LZM,"L99F,V111I",0,12,0,0,0,0,1.3144646,0.27511418,0.0,0.0,-0.4974345,-0.92228854,1,0,1,1,0,1,0,0
2LZM,"L99F,M102L",0,3,0,0,0,0,0.37724885,0.6259499,0.0,0.0,-0.6652776,-0.92228854,0,0,1,1,1,1,0,0
2LZM,"M102L,V111F",0,9,0,0,0,0,1.7462913,0.4353194,0.0,0.0,-0.4974345,-0.6652776,0,0,1,1,0,1,0,0
2LZM,"L99F,M102L",0,3,0,0,0,0,0.37724885,0.6259499,0.0,0.0,-0.6652776,-0.92228854,0,0,1,1,1,1,0,0
2LZM,"E45A,K48A",0,3,0,0,0,1,1.090435,0.736834,0.0001514807240778611,0.0,0.8571272,0.32559666,0,0,1,1,1,1,0,0
2LZM,"M102L,V111F",0,9,0,0,0,0,1.7462913,0.4353194,0.0,0.0,-0.4974345,-0.6652776,0,0,1,1,0,1,0,0
2LZM,"A129M,F153A",1,24,0,0,0,0,0.57927084,0.016435873,0.023176550783912748,0.0027266530334014998,-0.4817622,-0.7018779,0,0,1,1,0,1,0,1
2LZM,"A98V,T152S",1,54,0,0,0,0,1.6793545,0.19629434,0.004317200636219041,0.0,-0.8164999,-0.86525047,1,0,1,1,0,1,0,0
2LZM,"L99A,F153A",1,54,0,0,0,0,1.2353599,0.12015399,0.023176550783912748,0.0,-0.7018779,-0.92228854,0,0,1,1,0,1,0,1
2LZM,"R119E,K135E",1,16,0,0,0,0,0.09394649,0.012758965,0.0,0.0,0.19277734,-0.29761517,0,0,0,0,0,1,1,0
2LZM,"K16E,K135E",1,119,0,0,0,0,0.27239797,0.14044368,0.0,0.0,0.19277734,-0.45010594,0,0,0,0,1,1,1,0
2LZM,"L121A,A129L",1,8,0,0,0,0,1.5755965,0.4663078,0.0027266530334014998,0.0,-0.4817622,-0.60039735,0,0,1,1,1,1,0,1
2LZM,"K135E,K147E",1,12,0,0,0,0,0.8131849,0.18528698,0.0,0.0,0.19277734,-0.37361258,0,0,0,0,1,1,1,0
2LZM,"L121A,A129M",1,8,0,0,0,0,1.5755965,0.4663078,0.0027266530334014998,0.0,-0.4817622,-0.60039735,0,0,1,1,1,1,0,1
1PGA,"I6T,T53F",1,47,0,0,0,0,0.9648479,0.4128091,0.04545454545454545,0.0,-0.5369342,-0.648439,0,0,0,1,0,1,0,0
1PGA,"I6T,T53F",1,47,0,0,0,0,0.9648479,0.4128091,0.04545454545454545,0.0,-0.5369342,-0.648439,0,0,0,1,0,1,0,0
1PGA,"I6T,T53Y",1,47,0,0,0,0,0.9648479,0.4128091,0.04545454545454545,0.0,-0.5369342,-0.648439,0,0,0,1,0,1,0,0
1PGA,"I6T,T53I",1,47,0,0,0,0,0.9648479,0.4128091,0.04545454545454545,0.0,-0.5369342,-0.648439,0,0,0,1,0,1,0,0
1PGA,"I6T,T53I",1,47,0,0,0,0,0.9648479,0.4128091,0.04545454545454545,0.0,-0.5369342,-0.648439,0,0,0,1,0,1,0,0
1PGA,"I6T,T53V",1,47,0,0,0,0,0.9648479,0.4128091,0.04545454545454545,0.0,-0.5369342,-0.648439,0,0,0,1,0,1,0,0
1PGA,"I6T,T53V",1,47,0,0,0,0,0.9648479,0.4128091,0.04545454545454545,0.0,-0.5369342,-0.648439,0,0,0,1,0,1,0,0
1PGA,"V21P,A23P",0,2,0,0,0,0,1.0220333,0.22609657,0.0,0.0,0.12825191,-0.60855514,0,0,0,0,1,1,0,0
1CSP,"E3K,E66K",1,63,0,1,0,1,0.3941873,0.17607589,0.07086247086247086,0.046620046620046623,0.09382679,-0.50489455,0,0,0,0,0,0,1,0
1CSP,"V20K,E3R",1,17,0,0,0,0,0.15697621,0.023718713,0.046620046620046623,0.0,-0.42061064,-0.50489455,1,0,0,1,0,1,0,0
1CSP,"V20Q,E3R",1,17,0,0,0,0,0.15697621,0.023718713,0.046620046620046623,0.0,-0.42061064,-0.50489455,1,0,0,1,0,1,0,0
1CSP,"M1R,E66K",1,65,0,1,0,0,0.0,0.10401169,0.07086247086247086,0.0,0.09382679,-0.013610973,0,1,0,0,0,0,0,0
1CSP,"E3R,E66L",1,63,0,1,0,1,0.3941873,0.17607589,0.07086247086247086,0.046620046620046623,0.09382679,-0.50489455,0,0,0,0,0,0,0,0
1CSP,"E3R,E66L",0,63,0,1,0,1,0.3941873,0.17607589,0.07086247086247086,0.046620046620046623,0.09382679,-0.50489455,0,0,0,0,0,0,0,0
1CSP,"A46K,S48R",0,2,1,0,0,0,1.0520332,0.54170203,0.01724941724941725,0.01724941724941725,-0.5960453,-0.64599746,1,0,0,1,0,0,0,0
1CSP,"D25Q,E19Q",0,6,0,0,0,0,0.4642827,0.03941958,0.0,0.0,0.42408192,-0.7516894,0,0,0,1,1,1,0,0
1CSP,"E21Q,E19Q",0,2,0,0,0,0,0.37169394,0.26121488,0.0,0.0,0.49597862,-0.7516894,0,0,0,0,1,1,0,0
1CSP,"D25K,E19Q",0,6,0,0,0,0,0.4642827,0.03941958,0.0,0.0,0.42408192,-0.7516894,0,0,0,1,1,1,0,0
2RN2,"K91R,D94E",0,3,0,0,0,0,1.3170075,0.70864654,0.0,0.0,2.18214,0.08337497,0,0,0,0,1,1,1,0
2RN2,"K91R,K95G",0,4,0,0,0,0,1.8669968,0.7844373,0.0,0.0,1.4131259,0.08337497,0,0,0,0,1,1,0,0
2RN2,"K91R,K95G",0,4,0,0,0,0,1.8669968,0.7844373,0.0,0.0,1.4131259,0.08337497,0,0,0,0,1,1,0,0
2RN2,"Q80L,K117R",0,37,0,1,0,0,0.39306036,0.06619273,0.025453110537144174,0.0,-0.08681908,-0.21934055,0,0,0,1,0,0,0,0
2RN2,"E119V,R41C",0,78,0,0,0,0,0.10350394,0.06990963,0.042790718981195186,0.0,-0.13170367,-0.36892667,0,0,0,1,0,1,0,0
2RN2,"K91R,D94E",0,3,0,0,0,0,1.3170075,0.70864654,0.0,0.0,2.18214,0.08337497,0,0,0,0,1,1,1,0
2RN2,"E119V,R41C",0,78,0,0,0,0,0.10350394,0.06990963,0.042790718981195186,0.0,-0.13170367,-0.36892667,0,0,0,1,0,1,0,0
2RN2,"A52V,V74A",0,22,0,0,0,0,1.1620297,0.21271566,0.00789406671759613,0.0,-0.4476683,-0.4976395,0,0,1,1,1,1,0,0
2RN2,"A52L,V74A",1,22,0,0,0,0,1.1620297,0.21271566,0.00789406671759613,0.0,-0.4476683,-0.4976395,0,0,1,1,1,1,0,1
2RN2,"A52I,V74A",1,22,0,0,0,0,1.1620297,0.21271566,0.00789406671759613,0.0,-0.4476683,-0.4976395,0,0,1,1,1,1,0,1
2RN2,"A52F,V74A",0,22,0,0,0,0,1.1620297,0.21271566,0.00789406671759613,0.0,-0.4476683,-0.4976395,0,0,1,1,1,1,0,1
2RN2,"A52G,V74L",0,22,0,0,0,0,1.1620297,0.21271566,0.00789406671759613,0.0,-0.4476683,-0.4976395,0,0,1,1,1,1,0,0
2RN2,"A52V,V74L",0,22,0,0,0,0,1.1620297,0.21271566,0.00789406671759613,0.0,-0.4476683,-0.4976395,0,0,1,1,1,1,0,0
2RN2,"A52L,V74L",0,22,0,0,0,0,1.1620297,0.21271566,0.00789406671759613,0.0,-0.4476683,-0.4976395,0,0,1,1,1,1,0,1
2RN2,"A52I,V74L",1,22,0,0,0,0,1.1620297,0.21271566,0.00789406671759613,0.0,-0.4476683,-0.4976395,0,0,1,1,1,1,0,1
2RN2,"A52F,V74L",1,22,0,0,0,0,1.1620297,0.21271566,0.00789406671759613,0.0,-0.4476683,-0.4976395,0,0,1,1,1,1,0,1
2CI2,"P25A,A35G",1,10,0,0,0,0,0.9294688,0.06486168,0.005420054200542005,0.0,-0.13752376,-0.30426583,0,0,1,1,0,1,0,0
2CI2,"I48A,I76V",0,28,0,0,0,0,0.6036521,0.01595988,0.004215597711532671,0.0,-0.562325,-1.0176686,0,0,0,1,0,1,0,1
2CI2,"L51A,V57A",0,6,0,0,0,0,0.41432652,0.06673284,0.02168021680216802,0.0,0.5828205,-0.80976635,0,0,0,0,0,1,0,1
2CI2,"L51V,V57A",0,6,0,0,0,0,0.41432652,0.06673284,0.02168021680216802,0.0,0.5828205,-0.80976635,0,0,0,0,0,1,0,0
2CI2,"K43A,E45A",0,2,0,0,0,0,0.6259506,0.3391088,0.009334537789822343,0.0,-0.045661177,-0.26621485,0,1,0,0,0,1,0,0
2CI2,"K43A,E45A",0,2,0,0,0,0,0.6259506,0.3391088,0.009334537789822343,0.0,-0.045661177,-0.26621485,0,1,0,0,0,1,0,0
2CI2,"L51V,F69L",0,18,0,0,0,0,2.3442369,0.61845124,0.02168021680216802,0.0,-0.80976635,-0.9449988,0,0,0,1,0,1,0,0
2CI2,"K21A,E26A",0,5,0,0,0,1,0.16447683,0.02313323,0.004215597711532671,0.0,0.16886981,-0.3134506,0,0,0,0,1,1,0,0
2CI2,"R62A,D64A",0,2,0,1,0,0,0.17117344,0.43036446,0.012646793134598013,0.0,0.53753215,0.43615043,0,1,0,0,0,0,0,0
2CI2,"V57A,F69L",0,12,0,0,0,0,0.96092707,0.15227541,0.0,0.0,0.5828205,-0.9449988,0,0,0,0,1,1,0,0
2CI2,"L51A,F69L",0,18,0,0,0,0,2.3442369,0.61845124,0.02168021680216802,0.0,-0.80976635,-0.9449988,0,0,0,1,0,1,0,1
2CI2,"L51A,F69A",0,18,0,0,0,0,2.3442369,0.61845124,0.02168021680216802,0.0,-0.80976635,-0.9449988,0,0,0,1,0,1,0,1
2CI2,"T58D,E60A",0,2,0,0,0,0,0.66102684,0.48644343,0.0,0.0,1.801549,1.337601,0,1,0,0,1,1,0,0
2CI2,"T58A,E60A",0,2,0,0,0,0,0.66102684,0.48644343,0.0,0.0,1.801549,1.337601,0,1,0,0,1,1,0,0
2CI2,"L51V,F69A",0,18,0,0,0,0,2.3442369,0.61845124,0.02168021680216802,0.0,-0.80976635,-0.9449988,0,0,0,1,0,1,0,1
2CI2,"I48A,I76V",0,28,0,0,0,0,0.6036521,0.01595988,0.004215597711532671,0.0,-0.562325,-1.0176686,0,0,0,1,0,1,0,1
2CI2,"K21A,E26A",0,5,0,0,0,1,0.16447683,0.02313323,0.004215597711532671,0.0,0.16886981,-0.3134506,0,0,0,0,1,1,0,0
2CI2,"K43A,E45A",0,2,0,0,0,0,0.6259506,0.3391088,0.009334537789822343,0.0,-0.045661177,-0.26621485,0,1,0,0,0,1,0,0
2CI2,"L51A,F69A",1,18,0,0,0,0,2.3442369,0.61845124,0.02168021680216802,0.0,-0.80976635,-0.9449988,0,0,0,1,0,1,0,1
2CI2,"L51A,F69L",1,18,0,0,0,0,2.3442369,0.61845124,0.02168021680216802,0.0,-0.80976635,-0.9449988,0,0,0,1,0,1,0,1
2CI2,"L51A,V57A",0,6,0,0,0,0,0.41432652,0.06673284,0.02168021680216802,0.0,0.5828205,-0.80976635,0,0,0,0,0,1,0,1
2CI2,"L51V,F69A",0,18,0,0,0,0,2.3442369,0.61845124,0.02168021680216802,0.0,-0.80976635,-0.9449988,0,0,0,1,0,1,0,1
2CI2,"L51V,F69L",0,18,0,0,0,0,2.3442369,0.61845124,0.02168021680216802,0.0,-0.80976635,-0.9449988,0,0,0,1,0,1,0,0
2CI2,"L51V,V57A",0,6,0,0,0,0,0.41432652,0.06673284,0.02168021680216802,0.0,0.5828205,-0.80976635,0,0,0,0,0,1,0,0
2CI2,"P25A,A35G",0,10,0,0,0,0,0.9294688,0.06486168,0.005420054200542005,0.0,-0.13752376,-0.30426583,0,0,1,1,0,1,0,0
2CI2,"R62A,D64A",0,2,0,1,0,0,0.17117344,0.43036446,0.012646793134598013,0.0,0.53753215,0.43615043,0,1,0,0,0,0,0,0
2CI2,"T58A,E60A",0,2,0,0,0,0,0.66102684,0.48644343,0.0,0.0,1.801549,1.337601,0,1,0,0,1,1,0,0
2CI2,"T58D,E60A",0,2,0,0,0,0,0.66102684,0.48644343,0.0,0.0,1.801549,1.337601,0,1,0,0,1,1,0,0
2CI2,"V57A,F69L",1,12,0,0,0,0,0.96092707,0.15227541,0.0,0.0,0.5828205,-0.9449988,0,0,0,0,1,1,0,0
