PDB,mut,exp,dddG,z_rep1,pred_rep1,z_rep2,pred_rep2,z_rep3,pred_rep3,z_mean,z_sd
1STN,"V66L,G88V",Additive,-0.76,0.5198,Additive,0.2435,Additive,0.0228,Additive,0.2620333333333334,0.24901779722207276
1STN,"V23L,V66L",Additive,-0.7,1.0911,Additive,1.7943,Additive,0.8989,Additive,1.2614333333333334,0.47137604238371444
1STN,"E73A,V74A",Additive,-0.5,0.3186,Additive,0.0579,Additive,0.0096,Additive,0.1287,0.16622192996112156
1STN,"V23I,V66L",Additive,-0.5,1.0911,Additive,1.7943,Additive,0.8989,Additive,1.2614333333333334,0.47137604238371444
1STN,"V66I,I72L",Additive,-0.5,0.1412,Additive,0.2956,Additive,0.1367,Additive,0.19116666666666662,0.09046990291435783
1STN,"I92L,V99L",Additive,-0.4,1.3978,Additive,1.9422,Additive,1.948,Additive,1.7626666666666668,0.3159971096914232
1STN,"M65A,V66A",Additive,-0.4,0.5326,Additive,0.1235,Additive,0.0679,Additive,0.2413333333333333,0.25377163618760334
1STN,"V23L,V66I",Additive,-0.4,1.0911,Additive,1.7943,Additive,0.8989,Additive,1.2614333333333334,0.47137604238371444
1STN,"V66L,I72L",Additive,-0.4,0.1412,Additive,0.2956,Additive,0.1367,Additive,0.19116666666666662,0.09046990291435783
1STN,"I72L,V99L",Additive,-0.3,0.6205,Additive,1.2788,Additive,0.9365,Additive,0.9452666666666666,0.329237548486398
1STN,"L25A,M26A",Additive,-0.3,0.9616,Additive,0.8617,Additive,0.83,Additive,0.8844333333333334,0.0686821908017889
1STN,"L25I,V66I",Additive,-0.3,0.9431,Additive,1.3294,Additive,0.6054,Additive,0.9592999999999999,0.36227176263131516
1STN,"V23I,V66I",Additive,-0.3,1.0911,Additive,1.7943,Additive,0.8989,Additive,1.2614333333333334,0.47137604238371444
1STN,"V66I,I92L",Additive,-0.3,0.5749,Additive,0.7302,Additive,0.1792,Additive,0.49476666666666663,0.28410607760717355
1STN,"V66L,G88V",Additive,-0.3,0.5198,Additive,0.2435,Additive,0.0228,Additive,0.2620333333333334,0.24901779722207276
1STN,"I92V,V99L",Additive,-0.2,1.3978,Additive,1.9422,Additive,1.948,Additive,1.7626666666666668,0.3159971096914232
1STN,"L38A,V39A",Additive,-0.2,0.738,Non-additive,0.527,Non-additive,0.9067,Non-additive,0.7239,0.19024229287937
1STN,"V23F,E75V",Additive,-0.18,0.4108,Additive,0.3958,Additive,0.1093,Additive,0.30529999999999996,0.16990659198512575
1STN,"L37A,P117L",Additive,-0.14,2.3336,Non-additive,3.1683,Non-additive,0.1524,Additive,1.8847666666666667,1.5572417035686315
1STN,"I18M,A90S",Additive,-0.1,1.4946,Additive,0.3622,Additive,1.5106,Additive,1.1224666666666667,0.6584588471068888
1STN,"I72L,I92V",Additive,-0.1,1.76,Additive,2.4849,Additive,2.1839,Additive,2.1429333333333336,0.36418223917886683
1STN,"I72L,V99I",Additive,-0.1,0.6205,Additive,1.2788,Additive,0.9365,Additive,0.9452666666666666,0.329237548486398
1STN,"I92L,V99I",Additive,-0.1,1.3978,Additive,1.9422,Additive,1.948,Additive,1.7626666666666668,0.3159971096914232
1STN,"I92V,V99I",Additive,-0.1,1.3978,Additive,1.9422,Additive,1.948,Additive,1.7626666666666668,0.3159971096914232
1STN,"L25V,V66I",Additive,-0.1,0.9431,Additive,1.3294,Additive,0.6054,Additive,0.9592999999999999,0.36227176263131516
1STN,"V23I,I72L",Additive,-0.1,0.4263,Additive,0.4876,Additive,0.199,Additive,0.37096666666666667,0.15204875314626334
1STN,"V23L,I72L",Additive,-0.1,0.4263,Additive,0.4876,Additive,0.199,Additive,0.37096666666666667,0.15204875314626334
1STN,"V66L,I92L",Additive,-0.1,0.5749,Additive,0.7302,Additive,0.1792,Additive,0.49476666666666663,0.28410607760717355
1STN,"V66L,V99I",Additive,-0.1,1.1944,Additive,1.6547,Additive,1.1225,Additive,1.3238666666666667,0.28875668534829346
1STN,"I18M,T33S",Additive,-0.05,2.358,Additive,1.8939,Additive,2.3463,Additive,2.1994000000000002,0.26463542846716503
1STN,"A69T,A90S",Additive,-0.02,0.3311,Additive,0.2837,Additive,0.3562,Additive,0.3236666666666667,0.03681716085378303
1STN,"I18M,A90S",Additive,0.0,1.4946,Additive,0.3622,Additive,1.5106,Additive,1.1224666666666667,0.6584588471068888
1STN,"V66I,V99L",Additive,0.0,1.1944,Additive,1.6547,Additive,1.1225,Additive,1.3238666666666667,0.28875668534829346
1STN,"V66L,G88V",Additive,0.0,0.5198,Additive,0.2435,Additive,0.0228,Additive,0.2620333333333334,0.24901779722207276
1STN,"I18M,A90S",Additive,0.02,1.4946,Additive,0.3622,Additive,1.5106,Additive,1.1224666666666667,0.6584588471068888
1STN,"Y85A,Y113A",Additive,0.07,0.5121,Additive,0.0836,Additive,0.6786,Additive,0.4247666666666667,0.3069634885997573
1STN,"I15V,Y113A",Additive,0.08,1.5856,Additive,1.4918,Additive,2.5896,Additive,1.889,0.6085473523071151
1STN,"I18M,A69T",Additive,0.08,0.417,Additive,0.2965,Additive,0.2537,Additive,0.3224,0.08467484868601774
1STN,"T33S,A90S",Additive,0.09,2.2442,Non-additive,1.9445,Non-additive,1.8739,Non-additive,2.0208666666666666,0.19660728199467437
1STN,"I72L,I92L",Additive,0.1,1.76,Additive,2.4849,Additive,2.1839,Additive,2.1429333333333336,0.36418223917886683
1STN,"L25I,V66L",Additive,0.1,0.9431,Additive,1.3294,Additive,0.6054,Additive,0.9592999999999999,0.36227176263131516
1STN,"V23L,L25V",Additive,0.1,1.036,Additive,0.4025,Additive,0.2594,Additive,0.5659666666666667,0.4133012259034968
1STN,"T62A,G88V",Additive,0.14,0.8862,Additive,0.0535,Additive,0.6178,Additive,0.5191666666666667,0.4250220268801763
1STN,"F61A,T62A",Additive,0.15,0.1322,Additive,0.1211,Additive,0.3396,Additive,0.19763333333333333,0.12307194372940299
1STN,"L37A,Y85A",Additive,0.17,0.5778,Additive,0.0647,Additive,0.6451,Additive,0.42919999999999997,0.3174547369311096
1STN,"L37A,Y113A",Additive,0.19,0.0239,Additive,0.7744,Additive,0.6176,Additive,0.4719666666666667,0.39587796520308294
1STN,"V23F,G79S",Additive,0.19,0.0151,Additive,0.674,Additive,0.6817,Additive,0.45693333333333336,0.3826582591991624
1STN,"V23F,Y85A",Additive,0.19,1.8061,Additive,0.7794,Additive,1.4409,Additive,1.3421333333333336,0.5204270970398576
1STN,"E75V,Y85A",Additive,0.2,0.3517,Additive,0.4389,Additive,0.069,Additive,0.2865333333333333,0.19336887891626545
1STN,"L25I,I72L",Additive,0.2,1.3442,Additive,1.7379,Additive,1.4433,Additive,1.5084666666666668,0.2047802317933382
1STN,"V23I,L25I",Additive,0.2,1.036,Additive,0.4025,Additive,0.2594,Additive,0.5659666666666667,0.4133012259034968
1STN,"L7A,V23F",Additive,0.25,0.3587,Additive,0.6293,Additive,0.3692,Additive,0.45239999999999997,0.15328982353698498
1STN,"L7A,E75V",Additive,0.27,1.8163,Additive,2.9248,Additive,1.2359,Additive,1.992333333333333,0.8581005787979246
1STN,"E75V,G79S",Additive,0.28,0.0763,Additive,0.6616,Additive,0.7832,Additive,0.5070333333333333,0.37794846650480446
1STN,"E75V,I15V",Additive,0.28,0.2069,Additive,0.3833,Additive,0.2792,Additive,0.2898,0.08867643429908532
1STN,"L25V,V66L",Additive,0.3,0.9431,Additive,1.3294,Additive,0.6054,Additive,0.9592999999999999,0.36227176263131516
1STN,"L37A,A69T",Additive,0.3,0.2516,Additive,0.5166,Additive,0.2749,Additive,0.34769999999999995,0.14673489700817594
1STN,"T62A,V66L",Additive,0.3,0.603,Additive,0.7118,Additive,0.7627,Additive,0.6925,0.08158057366800017
1STN,"V23L,L25I",Additive,0.3,1.036,Additive,0.4025,Additive,0.2594,Additive,0.5659666666666667,0.4133012259034968
1STN,"V66L,G88V",Additive,0.3,0.5198,Additive,0.2435,Additive,0.0228,Additive,0.2620333333333334,0.24901779722207276
1STN,"V23F,Y113A",Additive,0.31,1.6668,Additive,0.902,Additive,1.223,Additive,1.2639333333333334,0.3840395986527084
1STN,"G79S,Y113A",Additive,0.32,0.4634,Additive,1.4431,Non-additive,0.5439,Additive,0.8168000000000001,0.5438831032492184
1STN,"L7A,I15V",Additive,0.32,0.1505,Additive,1.0518,Additive,0.9264,Additive,0.7095666666666668,0.4882089136151995
1STN,"G79S,I15V",Additive,0.34,0.3635,Additive,1.3371,Additive,0.2294,Additive,0.6433333333333333,0.6045492894159527
1STN,"E75V,T33S",Additive,0.35,1.2055,Non-additive,0.5744,Non-additive,0.3984,Non-additive,0.7261000000000001,0.4243963595508331
1STN,"G79S,Y85A",Additive,0.35,0.6043,Additive,0.4041,Additive,0.2621,Additive,0.4235,0.17192288969186154
1STN,"G79S,P117L",Additive,0.36,0.5507,Non-additive,1.0688,Non-additive,0.71,Non-additive,0.7765,0.2653744335839457
1STN,"L37A,I15V",Additive,0.38,0.6757,Additive,0.1677,Additive,0.2184,Additive,0.35393333333333327,0.27980879781260154
1STN,"L37A,I92V",Additive,0.38,2.1928,Additive,2.9376,Additive,1.4349,Additive,2.1884333333333332,0.7513595166984535
1STN,"I72V,V99L",Additive,0.4,0.6205,Additive,1.2788,Additive,0.9365,Additive,0.9452666666666666,0.329237548486398
1STN,"L25V,I72L",Additive,0.4,1.3442,Additive,1.7379,Additive,1.4433,Additive,1.5084666666666668,0.2047802317933382
1STN,"L7A,Y113A",Additive,0.4,0.3521,Additive,1.8317,Non-additive,2.0396,Non-additive,1.4078,0.9201535034981935
1STN,"L7A,Y85A",Additive,0.4,0.8151,Additive,0.6838,Additive,0.491,Additive,0.6633,0.16301960004858312
1STN,"L37A,A90S",Additive,0.43,2.6648,Non-additive,3.4208,Non-additive,2.5678,Non-additive,2.8844666666666665,0.4670035688657349
1STN,"L7A,I92V",Additive,0.46,1.4776,Additive,0.2854,Additive,0.0314,Additive,0.5981333333333333,0.7721562104479465
1STN,"G79S,I92V",Additive,0.49,0.8468,Additive,0.0929,Additive,0.1502,Additive,0.3633,0.4197022873418728
1STN,"E75V,P117L",Additive,0.5,1.4797,Additive,2.3876,Additive,0.9033,Additive,1.5902,0.7482942669832503
1STN,"I72V,I92V",Additive,0.5,1.76,Additive,2.4849,Additive,2.1839,Additive,2.1429333333333336,0.36418223917886683
1STN,"L25I,I72V",Additive,0.5,1.3442,Additive,1.7379,Additive,1.4433,Additive,1.5084666666666668,0.2047802317933382
1STN,"V66I,V99I",Additive,0.5,1.1944,Additive,1.6547,Additive,1.1225,Additive,1.3238666666666667,0.28875668534829346
1STN,"V23F,I15V",Additive,0.51,2.385,Additive,2.4335,Additive,2.2728,Additive,2.363766666666667,0.08242732152225568
1STN,"I15V,I72V",Additive,0.6,0.7397,Additive,1.7292,Additive,0.5598,Additive,1.0095666666666667,0.6296785714420758
1STN,"I72V,I92L",Additive,0.6,1.76,Additive,2.4849,Additive,2.1839,Additive,2.1429333333333336,0.36418223917886683
1STN,"I72V,Y85A",Additive,0.6,0.3611,Additive,0.0298,Additive,0.2175,Additive,0.20279999999999998,0.16613846634659898
1STN,"V23I,L25V",Additive,0.6,1.036,Additive,0.4025,Additive,0.2594,Additive,0.5659666666666667,0.4133012259034968
1STN,"V66L,V99L",Additive,0.6,1.1944,Additive,1.6547,Additive,1.1225,Additive,1.3238666666666667,0.28875668534829346
1STN,"E75V,A69T",Additive,0.64,1.2259,Additive,1.0661,Additive,0.8579,Additive,1.0499666666666665,0.1845297085385801
1STN,"E75V,I92V",Additive,0.66,2.1037,Additive,2.2947,Additive,2.1094,Additive,2.1692666666666667,0.10866583333013816
1STN,"E75V,Y113A",Additive,0.66,0.5026,Additive,1.0744,Additive,0.4756,Additive,0.6842,0.33819266698141165
1STN,"V23F,I92V",Additive,0.69,1.2106,Additive,0.7314,Additive,0.0749,Additive,0.6723,0.5701519358907764
1STN,"L25V,I72V",Additive,0.7,1.3442,Additive,1.7379,Additive,1.4433,Additive,1.5084666666666668,0.2047802317933382
1STN,"V66I,I92V",Additive,0.7,0.5749,Additive,0.7302,Additive,0.1792,Additive,0.49476666666666663,0.28410607760717355
1STN,"E75V,A90S",Additive,0.71,2.3355,Additive,2.0921,Additive,1.5834,Additive,2.0036666666666667,0.3837693882181504
1STN,"T62G,G88V",Additive,0.73,0.8862,Additive,0.0535,Additive,0.6178,Additive,0.5191666666666667,0.4250220268801763
1STN,"I72V,Y113A",Additive,0.76,0.0702,Additive,0.8858,Additive,0.5388,Additive,0.4982666666666667,0.4093080176753606
1STN,"L37A,I72V",Additive,0.77,1.5514,Additive,1.0577,Additive,0.849,Additive,1.1527,0.3607079012164829
1STN,"L37A,T33S",Additive,0.79,0.0276,Additive,0.573,Additive,0.558,Additive,0.38619999999999993,0.3106472597657993
1STN,"I72V,V99I",Additive,0.8,0.6205,Additive,1.2788,Additive,0.9365,Additive,0.9452666666666666,0.329237548486398
1STN,"V23L,I72V",Additive,0.8,0.4263,Additive,0.4876,Additive,0.199,Additive,0.37096666666666667,0.15204875314626334
1STN,"V66L,I92V",Additive,0.8,0.5749,Additive,0.7302,Additive,0.1792,Additive,0.49476666666666663,0.28410607760717355
1STN,"G79S,I72V",Additive,0.83,0.0182,Additive,0.6559,Additive,0.3943,Additive,0.35613333333333336,0.32055864258093764
1STN,"V23F,T33S",Additive,0.83,3.1747,Additive,3.4467,Additive,3.3743,Additive,3.3318999999999996,0.14086986902812101
1STN,"V23F,L37A",Additive,0.88,1.3236,Additive,1.2757,Additive,1.1293,Additive,1.2428666666666668,0.10122570490410697
1STN,"V23I,I72V",Additive,0.9,0.4263,Additive,0.4876,Additive,0.199,Additive,0.37096666666666667,0.15204875314626334
1STN,"V23F,A69T",Additive,0.98,0.2566,Additive,0.4447,Additive,0.1785,Additive,0.2932666666666667,0.1368354608035992
1STN,"E75V,I72V",Additive,0.99,0.5033,Additive,0.8931,Additive,0.6271,Additive,0.6745,0.19917600257059082
1STN,"L7A,I72V",Additive,0.99,0.0681,Additive,0.4069,Additive,0.8173,Additive,0.4307666666666667,0.3751697926717093
1STN,"V23F,A90S",Additive,0.99,1.8619,Additive,0.6019,Additive,1.5592,Additive,1.341,0.6577297545344897
1STN,"V23F,I72V",Non-additive,1.2,0.4263,Additive,0.4876,Additive,0.199,Additive,0.37096666666666667,0.15204875314626334
1STN,"P117L,N118D",Non-additive,1.25,1.3545,Non-additive,1.4157,Non-additive,1.1044,Non-additive,1.2915333333333334,0.16492581160428868
1STN,"L7A,G79S",Non-additive,1.47,0.2527,Additive,1.8845,Non-additive,0.4086,Additive,0.8485999999999999,0.9004958689522125
1STN,"L37A,L38A",Non-additive,1.55,1.3355,Additive,1.1074,Additive,2.0508,Additive,1.4979000000000002,0.49222069237284216
1STN,"L37A,E75V",Non-additive,1.59,2.2612,Non-additive,2.5794,Non-additive,1.8287,Non-additive,2.2231,0.37679746549041443
1STN,"V66I,I72V",Non-additive,1.6,0.1412,Additive,0.2956,Additive,0.1367,Additive,0.19116666666666662,0.09046990291435783
1STN,"V66L,I72V",Non-additive,1.6,0.1412,Additive,0.2956,Additive,0.1367,Additive,0.19116666666666662,0.09046990291435783
1STN,"L7A,L37A",Non-additive,1.7,0.4768,Additive,0.1678,Additive,0.05,Additive,0.23153333333333337,0.22042235216359826
1STN,"G79D,N118D",Non-additive,2.15,0.6386,Non-additive,1.751,Non-additive,2.8643,Non-additive,1.7512999999999999,1.112850030327537
1STN,"G79S,N118D",Non-additive,2.3,0.6386,Non-additive,1.751,Non-additive,2.8643,Non-additive,1.7512999999999999,1.112850030327537
1STN,"L37A,N118D",Non-additive,2.48,2.1742,Non-additive,2.3814,Non-additive,0.6477,Additive,1.7344333333333335,0.9468236178578001
1STN,"L37A,G79S",Non-additive,2.56,1.4582,Non-additive,0.2711,Additive,0.7907,Additive,0.8399999999999999,0.595083582364696
1BNI,"D12A,T16R",Additive,-0.53,1.8528,Non-additive,2.43,Non-additive,2.1091,Non-additive,2.1306333333333334,0.28920187297687644
1BNI,"Y13F,Y17F",Additive,-0.27,1.7072,Non-additive,2.0666,Non-additive,1.8228,Non-additive,1.8655333333333335,0.18347123298580997
1BNI,"I4A,Y78F",Additive,0.14,1.0348,Additive,0.5764,Additive,1.0462,Additive,0.8858,0.2680088804498836
1BNI,"I4A,I76V",Additive,0.19,2.0494,Non-additive,0.2084,Additive,1.9344,Non-additive,1.3974,1.031308392286226
1BNI,"D12A,R110A",Additive,0.33,1.3871,Non-additive,0.6181,Non-additive,1.3018,Non-additive,1.1023333333333334,0.4215216048239205
1BNI,"D8A,D12A",Additive,0.38,1.4755,Non-additive,0.3218,Non-additive,0.2031,Additive,0.6668,0.7028649870352058
1BNI,"D8A,D12A",Additive,0.38,1.4755,Non-additive,0.3218,Non-additive,0.2031,Additive,0.6668,0.7028649870352058
1BNI,"I4A,I51V",Additive,0.39,1.0106,Additive,1.3553,Additive,1.1014,Additive,1.1557666666666666,0.17866539489597122
1BNI,"H18G,W94L",Additive,0.46,0.6078,Non-additive,0.0337,Additive,0.4645,Non-additive,0.36866666666666664,0.2988071674731604
1BNI,"Y13A,Y17A",Additive,0.76,1.7072,Non-additive,2.0666,Non-additive,1.8228,Non-additive,1.8655333333333335,0.18347123298580997
1BNI,"D8A,R110A",Additive,0.98,1.9091,Non-additive,1.5299,Non-additive,1.6445,Non-additive,1.6945,0.19448177292486818
1BNI,"D8A,R110A",Additive,0.98,1.9091,Non-additive,1.5299,Non-additive,1.6445,Non-additive,1.6945,0.19448177292486818
1BNI,"Y13A,Y17A",Non-additive,1.0,1.7072,Non-additive,2.0666,Non-additive,1.8228,Non-additive,1.8655333333333335,0.18347123298580997
1BNI,"Y13A,Y17A",Non-additive,1.12,1.7072,Non-additive,2.0666,Non-additive,1.8228,Non-additive,1.8655333333333335,0.18347123298580997
1BNI,"D12A,R110A",Non-additive,1.19,1.3871,Non-additive,0.6181,Non-additive,1.3018,Non-additive,1.1023333333333334,0.4215216048239205
1BNI,"D12A,R110A",Non-additive,1.19,1.3871,Non-additive,0.6181,Non-additive,1.3018,Non-additive,1.1023333333333334,0.4215216048239205
1BNI,"T16S,Y17A",Non-additive,1.37,0.899,Non-additive,1.1124,Non-additive,0.5147,Non-additive,0.8420333333333333,0.3028947396924109
1BNI,"H18G,W94L",Non-additive,1.4,0.6078,Non-additive,0.0337,Additive,0.4645,Non-additive,0.36866666666666664,0.2988071674731604
1BNI,"T16S,Y17A",Non-additive,1.53,0.899,Non-additive,1.1124,Non-additive,0.5147,Non-additive,0.8420333333333333,0.3028947396924109
1BNI,"D8A,D12A",Non-additive,2.07,1.4755,Non-additive,0.3218,Non-additive,0.2031,Additive,0.6668,0.7028649870352058
1BNI,"R69S,D93N",Non-additive,3.34,2.2037,Non-additive,1.3545,Non-additive,2.5758,Non-additive,2.0446666666666666,0.6259889163023044
1BNI,"R83K,D75N",Non-additive,3.63,0.7738,Non-additive,1.7461,Non-additive,0.8007,Non-additive,1.1068666666666667,0.5537556711522992
1BNI,"Y17A,T16A",Additive,0.29,0.899,Non-additive,1.1124,Non-additive,0.5147,Non-additive,0.8420333333333333,0.3028947396924109
1BNI,"D8A,V10A",Non-additive,5.04,0.6327,Non-additive,0.3226,Additive,0.1659,Additive,0.3737333333333333,0.23756372478417942
1BNI,"Y13A,Y17A",Non-additive,9.94,1.7072,Non-additive,2.0666,Non-additive,1.8228,Non-additive,1.8655333333333335,0.18347123298580997
2LZM,"S117I,N132I",Non-additive,-1.5,2.5795,Non-additive,2.3338,Non-additive,2.0582,Non-additive,2.323833333333333,0.26079287439140925
2LZM,"S117I,N132M",Non-additive,-1.2,2.5795,Non-additive,2.3338,Non-additive,2.0582,Non-additive,2.323833333333333,0.26079287439140925
2LZM,"M6I,R96H",Additive,-0.88,1.8103,Additive,1.2997,Additive,1.2044,Additive,1.4381333333333333,0.32580905962439616
2LZM,"V111I,F153L",Additive,-0.6,0.2958,Additive,0.1799,Additive,0.018,Additive,0.16456666666666667,0.13953330546265053
2LZM,"V111I,F153L",Additive,-0.54,0.2958,Additive,0.1799,Additive,0.018,Additive,0.16456666666666667,0.13953330546265053
2LZM,"K16E,R154E",Additive,-0.4,0.2045,Additive,0.2815,Additive,0.2597,Additive,0.24856666666666669,0.03968895732232497
2LZM,"D89A,R96H",Additive,-0.2,1.4344,Additive,0.3483,Additive,0.1202,Additive,0.6343,0.7022303112227497
2LZM,"T115A,S117A",Additive,-0.18,0.4791,Additive,0.3535,Additive,0.5953,Additive,0.4759666666666667,0.12093044833015935
2LZM,"A41V,V131A",Additive,-0.15,0.0824,Additive,0.3131,Additive,0.0024,Additive,0.13263333333333333,0.16132626361920532
2LZM,"K16E,R119E",Additive,-0.14,1.9661,Additive,0.7919,Additive,1.1923,Additive,1.3167666666666666,0.5969132041874541
2LZM,"N116D,R119M",Additive,-0.1,0.674,Additive,0.4545,Additive,0.7465,Additive,0.625,0.15204193500478744
2LZM,"V131A,A41V",Additive,-0.03,0.0824,Additive,0.3131,Additive,0.0024,Additive,0.13263333333333333,0.16132626361920532
2LZM,"S38D,N144D",Additive,-0.02,0.8764,Additive,1.1519,Additive,1.2024,Additive,1.0769,0.17546438385039853
2LZM,"A41V,V131A",Additive,-0.01,0.0824,Additive,0.3131,Additive,0.0024,Additive,0.13263333333333333,0.16132626361920532
2LZM,"E128A,V131A",Additive,-0.01,0.8808,Additive,1.011,Additive,0.8388,Additive,0.9102,0.08978574497101413
2LZM,"R80K,R119H",Additive,-0.01,0.3409,Additive,0.3499,Additive,0.3404,Additive,0.3437333333333333,0.005346338310781818
2LZM,"L99G,E108V",Additive,0.0,0.2828,Additive,1.0766,Non-additive,1.0964,Non-additive,0.8186,0.4641220098206937
2LZM,"L99G,E108V",Additive,0.0,0.2828,Additive,1.0766,Non-additive,1.0964,Non-additive,0.8186,0.4641220098206937
2LZM,"E128A,V131A",Additive,0.01,0.8808,Additive,1.011,Additive,0.8388,Additive,0.9102,0.08978574497101413
2LZM,"S38D,N144D",Additive,0.02,0.8764,Additive,1.1519,Additive,1.2024,Additive,1.0769,0.17546438385039853
2LZM,"V131A,A41V",Additive,0.02,0.0824,Additive,0.3131,Additive,0.0024,Additive,0.13263333333333333,0.16132626361920532
2LZM,"S117A,R119A",Additive,0.07,0.045,Additive,0.3823,Additive,0.6765,Non-additive,0.3679333333333333,0.3159950368808557
2LZM,"K16E,R119E",Additive,0.1,1.9661,Additive,0.7919,Additive,1.1923,Additive,1.3167666666666666,0.5969132041874541
2LZM,"K85A,R96H",Additive,0.1,1.4249,Additive,0.7299,Additive,0.0951,Additive,0.7499666666666666,0.6651270655546453
2LZM,"L99A,E108V",Additive,0.1,0.2828,Additive,1.0766,Non-additive,1.0964,Non-additive,0.8186,0.4641220098206937
2LZM,"N116D,R119M",Additive,0.1,0.674,Additive,0.4545,Additive,0.7465,Additive,0.625,0.15204193500478744
2LZM,"R119E,K135E",Additive,0.1,0.0939,Additive,1.1726,Additive,1.5554,Additive,0.9406333333333334,0.7578601212185091
2LZM,"E45A,K48A",Additive,0.15,1.0904,Additive,1.0012,Additive,0.6698,Additive,0.9204666666666667,0.22161789939743892
2LZM,"T115A,R119A",Additive,0.15,0.8993,Additive,0.4952,Additive,0.6398,Additive,0.6781,0.20475441387183818
2LZM,"M120A,Q122A",Additive,0.19,0.9582,Additive,0.1856,Additive,0.4355,Additive,0.5264333333333334,0.3942452832100003
2LZM,"D89A,R96H",Additive,0.2,1.4344,Additive,0.3483,Additive,0.1202,Additive,0.6343,0.7022303112227497
2LZM,"K135E,K147E",Additive,0.2,0.8132,Non-additive,1.7219,Non-additive,1.5668,Non-additive,1.3673,0.4860906396959316
2LZM,"K16E,K135E",Additive,0.2,0.2724,Non-additive,0.3524,Non-additive,0.5613,Non-additive,0.3953666666666667,0.14916569087204115
2LZM,"K16E,R154E",Additive,0.2,0.2045,Additive,0.2815,Additive,0.2597,Additive,0.24856666666666669,0.03968895732232497
2LZM,"K85A,R96H",Additive,0.2,1.4249,Additive,0.7299,Additive,0.0951,Additive,0.7499666666666666,0.6651270655546453
2LZM,"L99A,E108V",Additive,0.2,0.2828,Additive,1.0766,Non-additive,1.0964,Non-additive,0.8186,0.4641220098206937
2LZM,"L99A,F153A",Additive,0.2,1.2354,Additive,0.3401,Additive,0.2105,Additive,0.5953333333333334,0.5580887414500791
2LZM,"L99A,F153A",Additive,0.2,1.2354,Additive,0.3401,Additive,0.2105,Additive,0.5953333333333334,0.5580887414500791
2LZM,"L99F,F153L",Additive,0.21,1.2354,Additive,0.3401,Additive,0.2105,Additive,0.5953333333333334,0.5580887414500791
2LZM,"L99F,V111I",Additive,0.22,1.3145,Non-additive,1.1086,Non-additive,1.2044,Non-additive,1.2091666666666665,0.10303272942775674
2LZM,"L99F,F153L",Additive,0.23,1.2354,Additive,0.3401,Additive,0.2105,Additive,0.5953333333333334,0.5580887414500791
2LZM,"R119A,Q123A",Additive,0.23,1.3241,Additive,0.6347,Additive,0.5513,Additive,0.8367,0.4241555846620436
2LZM,"N116A,M120A",Additive,0.24,0.7251,Additive,0.4757,Additive,0.6723,Additive,0.6243666666666666,0.13142790165460805
2LZM,"L99F,V111I",Additive,0.27,1.3145,Non-additive,1.1086,Non-additive,1.2044,Non-additive,1.2091666666666665,0.10303272942775674
2LZM,"L99F,M102L",Additive,0.37,0.3772,Additive,0.1221,Additive,0.2372,Additive,0.24549999999999997,0.1277523776686759
2LZM,"M102L,V111F",Additive,0.4,1.7463,Non-additive,1.6147,Non-additive,1.4231,Non-additive,1.5946999999999998,0.16252556721943778
2LZM,"L99F,M102L",Additive,0.43,0.3772,Additive,0.1221,Additive,0.2372,Additive,0.24549999999999997,0.1277523776686759
2LZM,"E45A,K48A",Additive,0.56,1.0904,Additive,1.0012,Additive,0.6698,Additive,0.9204666666666667,0.22161789939743892
2LZM,"M102L,V111F",Additive,0.66,1.7463,Non-additive,1.6147,Non-additive,1.4231,Non-additive,1.5946999999999998,0.16252556721943778
2LZM,"A129M,F153A",Non-additive,1.0,0.5793,Additive,1.0406,Additive,1.2219,Additive,0.9472666666666667,0.33131106732696586
2LZM,"A98V,T152S",Non-additive,1.0,1.6794,Non-additive,0.7341,Non-additive,0.0639,Additive,0.8258,0.8116444603396243
2LZM,"L99A,F153A",Non-additive,1.4,1.2354,Additive,0.3401,Additive,0.2105,Additive,0.5953333333333334,0.5580887414500791
2LZM,"R119E,K135E",Non-additive,2.1,0.0939,Additive,1.1726,Additive,1.5554,Additive,0.9406333333333334,0.7578601212185091
2LZM,"K16E,K135E",Non-additive,2.2,0.2724,Non-additive,0.3524,Non-additive,0.5613,Non-additive,0.3953666666666667,0.14916569087204115
2LZM,"L121A,A129L",Non-additive,2.5,1.5756,Non-additive,1.3592,Non-additive,1.3975,Non-additive,1.4441,0.11548121059289251
2LZM,"K135E,K147E",Non-additive,3.2,0.8132,Non-additive,1.7219,Non-additive,1.5668,Non-additive,1.3673,0.4860906396959316
2LZM,"L121A,A129M",Non-additive,3.2,1.5756,Non-additive,1.3592,Non-additive,1.3975,Non-additive,1.4441,0.11548121059289251
1PGA,"I6T,T53F",Non-additive,-4.36,0.9648,Non-additive,1.062,Non-additive,0.7366,Non-additive,0.9211333333333335,0.16703704180011492
1PGA,"I6T,T53F",Non-additive,-4.18,0.9648,Non-additive,1.062,Non-additive,0.7366,Non-additive,0.9211333333333335,0.16703704180011492
1PGA,"I6T,T53Y",Non-additive,-4.03,0.9648,Non-additive,1.062,Non-additive,0.7366,Non-additive,0.9211333333333335,0.16703704180011492
1PGA,"I6T,T53I",Non-additive,-3.78,0.9648,Non-additive,1.062,Non-additive,0.7366,Non-additive,0.9211333333333335,0.16703704180011492
1PGA,"I6T,T53I",Non-additive,-3.47,0.9648,Non-additive,1.062,Non-additive,0.7366,Non-additive,0.9211333333333335,0.16703704180011492
1PGA,"I6T,T53V",Non-additive,-3.45,0.9648,Non-additive,1.062,Non-additive,0.7366,Non-additive,0.9211333333333335,0.16703704180011492
1PGA,"I6T,T53V",Non-additive,-3.28,0.9648,Non-additive,1.062,Non-additive,0.7366,Non-additive,0.9211333333333335,0.16703704180011492
1PGA,"V21P,A23P",Additive,-0.1,1.022,Additive,0.9524,Additive,1.2506,Additive,1.075,0.15600499991987432
1CSP,"E3K,E66K",Non-additive,-3.02,0.3942,Non-additive,0.6556,Non-additive,0.0852,Additive,0.37833333333333324,0.2855308272907381
1CSP,"V20K,E3R",Non-additive,-2.47,0.157,Non-additive,0.6065,Non-additive,0.4168,Non-additive,0.39343333333333336,0.22565917515876313
1CSP,"V20Q,E3R",Non-additive,-2.17,0.157,Non-additive,0.6065,Non-additive,0.4168,Non-additive,0.39343333333333336,0.22565917515876313
1CSP,"M1R,E66K",Non-additive,-1.3,0.0,Additive,0.0,Additive,0.0,Additive,0.0,0.0
1CSP,"E3R,E66L",Non-additive,-1.04,0.3942,Non-additive,0.6556,Non-additive,0.0852,Additive,0.37833333333333324,0.2855308272907381
1CSP,"E3R,E66L",Additive,-0.7,0.3942,Non-additive,0.6556,Non-additive,0.0852,Additive,0.37833333333333324,0.2855308272907381
1CSP,"A46K,S48R",Additive,-0.34,1.052,Non-additive,1.0441,Non-additive,0.7617,Non-additive,0.9526,0.1653714304225491
1CSP,"D25Q,E19Q",Additive,-0.06,0.4643,Additive,2.0051,Additive,2.0122,Additive,1.4938666666666667,0.8916379553009918
1CSP,"E21Q,E19Q",Additive,0.1,0.3717,Additive,1.7499,Additive,1.8258,Additive,1.3158,0.8184948442110067
1CSP,"D25K,E19Q",Additive,0.14,0.4643,Additive,2.0051,Additive,2.0122,Additive,1.4938666666666667,0.8916379553009918
2RN2,"K91R,D94E",Additive,-0.4,1.317,Additive,0.7801,Additive,1.1415,Additive,1.0795333333333332,0.2737613985450347
2RN2,"K91R,K95G",Additive,-0.3,1.867,Additive,1.501,Additive,1.7696,Additive,1.7125333333333332,0.18955593721467381
2RN2,"K91R,K95G",Additive,-0.3,1.867,Additive,1.501,Additive,1.7696,Additive,1.7125333333333332,0.18955593721467381
2RN2,"Q80L,K117R",Additive,-0.27,0.3931,Additive,1.6835,Additive,0.6588,Additive,0.9118,0.6813881346193225
2RN2,"E119V,R41C",Additive,-0.12,0.1035,Additive,1.124,Non-additive,0.603,Non-additive,0.6101666666666666,0.5102877456233232
2RN2,"K91R,D94E",Additive,-0.1,1.317,Additive,0.7801,Additive,1.1415,Additive,1.0795333333333332,0.2737613985450347
2RN2,"E119V,R41C",Additive,0.02,0.1035,Additive,1.124,Non-additive,0.603,Non-additive,0.6101666666666666,0.5102877456233232
2RN2,"A52V,V74A",Additive,-0.02,1.162,Additive,0.7116,Additive,0.7289,Additive,0.8675,0.2551911244538101
2RN2,"A52L,V74A",Non-additive,1.26,1.162,Non-additive,0.7116,Additive,0.7289,Additive,0.8675,0.2551911244538101
2RN2,"A52I,V74A",Non-additive,1.49,1.162,Non-additive,0.7116,Additive,0.7289,Additive,0.8675,0.2551911244538101
2RN2,"A52F,V74A",Additive,0.3,1.162,Non-additive,0.7116,Additive,0.7289,Additive,0.8675,0.2551911244538101
2RN2,"A52G,V74L",Additive,0.2,1.162,Additive,0.7116,Additive,0.7289,Additive,0.8675,0.2551911244538101
2RN2,"A52V,V74L",Additive,-0.37,1.162,Additive,0.7116,Additive,0.7289,Additive,0.8675,0.2551911244538101
2RN2,"A52L,V74L",Additive,-0.91,1.162,Non-additive,0.7116,Additive,0.7289,Additive,0.8675,0.2551911244538101
2RN2,"A52I,V74L",Non-additive,-1.81,1.162,Non-additive,0.7116,Additive,0.7289,Additive,0.8675,0.2551911244538101
2RN2,"A52F,V74L",Non-additive,-1.57,1.162,Non-additive,0.7116,Additive,0.7289,Additive,0.8675,0.2551911244538101
2CI2,"P25A,A35G",Non-additive,-2.32,0.9295,Additive,0.1473,Additive,0.6605,Additive,0.5791,0.3974024156947212
2CI2,"I48A,I76V",Additive,-0.62,0.6037,Additive,0.6361,Additive,0.1387,Additive,0.4595,0.2782928673178671
2CI2,"L51A,V57A",Additive,-0.03,0.4143,Additive,0.1509,Additive,0.4321,Additive,0.33243333333333336,0.15746419698881817
2CI2,"L51V,V57A",Additive,-0.02,0.4143,Additive,0.1509,Additive,0.4321,Additive,0.33243333333333336,0.15746419698881817
2CI2,"K43A,E45A",Additive,0.26,0.626,Additive,1.3166,Additive,1.1126,Additive,1.0184,0.35480603151581286
2CI2,"K43A,E45A",Additive,0.36,0.626,Additive,1.3166,Additive,1.1126,Additive,1.0184,0.35480603151581286
2CI2,"L51V,F69L",Additive,0.36,2.3442,Additive,2.1585,Additive,1.8676,Additive,2.1234333333333333,0.24022727433273125
2CI2,"K21A,E26A",Additive,0.45,0.1645,Additive,0.3381,Additive,1.0305,Non-additive,0.5110333333333333,0.4581685861485195
2CI2,"R62A,D64A",Additive,0.49,0.1712,Additive,0.7424,Additive,1.3177,Additive,0.7437666666666667,0.5732512218332668
2CI2,"V57A,F69L",Additive,0.51,0.9609,Additive,0.3168,Additive,0.2714,Additive,0.5163666666666668,0.38564582628797284
2CI2,"L51A,F69L",Additive,0.66,2.3442,Additive,2.1585,Additive,1.8676,Additive,2.1234333333333333,0.24022727433273125
2CI2,"L51A,F69A",Additive,0.79,2.3442,Additive,2.1585,Additive,1.8676,Additive,2.1234333333333333,0.24022727433273125
2CI2,"T58D,E60A",Additive,0.83,0.661,Additive,1.5513,Non-additive,0.8587,Additive,1.0236666666666665,0.46751366111947285
2CI2,"T58A,E60A",Additive,0.85,0.661,Additive,1.5513,Non-additive,0.8587,Additive,1.0236666666666665,0.46751366111947285
2CI2,"L51V,F69A",Additive,0.87,2.3442,Additive,2.1585,Additive,1.8676,Additive,2.1234333333333333,0.24022727433273125
2CI2,"I48A,I76V",Additive,-0.42,0.6037,Additive,0.6361,Additive,0.1387,Additive,0.4595,0.2782928673178671
2CI2,"K21A,E26A",Additive,-0.08,0.1645,Additive,0.3381,Additive,1.0305,Non-additive,0.5110333333333333,0.4581685861485195
2CI2,"K43A,E45A",Additive,-0.36,0.626,Additive,1.3166,Additive,1.1126,Additive,1.0184,0.35480603151581286
2CI2,"L51A,F69A",Non-additive,1.42,2.3442,Additive,2.1585,Additive,1.8676,Additive,2.1234333333333333,0.24022727433273125
2CI2,"L51A,F69L",Non-additive,1.06,2.3442,Additive,2.1585,Additive,1.8676,Additive,2.1234333333333333,0.24022727433273125
2CI2,"L51A,V57A",Additive,0.68,0.4143,Additive,0.1509,Additive,0.4321,Additive,0.33243333333333336,0.15746419698881817
2CI2,"L51V,F69A",Additive,0.93,2.3442,Additive,2.1585,Additive,1.8676,Additive,2.1234333333333333,0.24022727433273125
2CI2,"L51V,F69L",Additive,0.19,2.3442,Additive,2.1585,Additive,1.8676,Additive,2.1234333333333333,0.24022727433273125
2CI2,"L51V,V57A",Additive,0.12,0.4143,Additive,0.1509,Additive,0.4321,Additive,0.33243333333333336,0.15746419698881817
2CI2,"P25A,A35G",Additive,0.01,0.9295,Additive,0.1473,Additive,0.6605,Additive,0.5791,0.3974024156947212
2CI2,"R62A,D64A",Additive,0.16,0.1712,Additive,0.7424,Additive,1.3177,Additive,0.7437666666666667,0.5732512218332668
2CI2,"T58A,E60A",Additive,0.5,0.661,Additive,1.5513,Non-additive,0.8587,Additive,1.0236666666666665,0.46751366111947285
2CI2,"T58D,E60A",Additive,0.39,0.661,Additive,1.5513,Non-additive,0.8587,Additive,1.0236666666666665,0.46751366111947285
2CI2,"V57A,F69L",Non-additive,1.0,0.9609,Additive,0.3168,Additive,0.2714,Additive,0.5163666666666668,0.38564582628797284
