zthr,dist,TP,TN,FP,FN,sensitivity,specificity,mcc
0.5,6,46,51,160,8,0.8518518518518519,0.24170616113744076,0.0905856658848229
0.5,8,54,1,210,0,1.0,0.004739336492890996,0.031135345464315133
0.5,10,54,0,211,0,1.0,0.0,0.0
0.5,12,54,0,211,0,1.0,0.0,0.0
0.5,14,54,0,211,0,1.0,0.0,0.0
0.5,16,54,0,211,0,1.0,0.0,0.0
0.5,18,54,0,211,0,1.0,0.0,0.0
0.5,20,54,1,210,0,1.0,0.004739336492890996,0.031135345464315133
0.5,25,54,2,209,0,1.0,0.009478672985781991,0.04411565948197286
0.75,6,39,88,123,15,0.7222222222222222,0.41706161137440756,0.11509665432522498
0.75,8,54,1,210,0,1.0,0.004739336492890996,0.031135345464315133
0.75,10,54,0,211,0,1.0,0.0,0.0
0.75,12,54,0,211,0,1.0,0.0,0.0
0.75,14,54,0,211,0,1.0,0.0,0.0
0.75,16,54,0,211,0,1.0,0.0,0.0
0.75,18,54,0,211,0,1.0,0.0,0.0
0.75,20,54,1,210,0,1.0,0.004739336492890996,0.031135345464315133
0.75,25,54,2,209,0,1.0,0.009478672985781991,0.04411565948197286
1.0,6,35,96,115,19,0.6481481481481481,0.4549763033175355,0.08381180798555439
1.0,8,50,24,187,4,0.9259259259259259,0.11374407582938388,0.05198130024011915
1.0,10,51,3,208,3,0.9444444444444444,0.014218009478672985,-0.11193278055632579
1.0,12,54,0,211,0,1.0,0.0,0.0
1.0,14,54,0,211,0,1.0,0.0,0.0
1.0,16,54,0,211,0,1.0,0.0,0.0
1.0,18,54,0,211,0,1.0,0.0,0.0
1.0,20,54,1,210,0,1.0,0.004739336492890996,0.031135345464315133
1.0,25,54,2,209,0,1.0,0.009478672985781991,0.04411565948197286
1.25,6,34,106,105,20,0.6296296296296297,0.5023696682464455,0.1064674999119026
1.25,8,47,40,171,7,0.8703703703703703,0.1895734597156398,0.06321285714386392
1.25,10,51,5,206,3,0.9444444444444444,0.023696682464454975,-0.07499925723390147
1.25,12,54,1,210,0,1.0,0.004739336492890996,0.031135345464315133
1.25,14,54,1,210,0,1.0,0.004739336492890996,0.031135345464315133
1.25,16,54,1,210,0,1.0,0.004739336492890996,0.031135345464315133
1.25,18,54,1,210,0,1.0,0.004739336492890996,0.031135345464315133
1.25,20,54,2,209,0,1.0,0.009478672985781991,0.04411565948197286
1.25,25,54,3,208,0,1.0,0.014218009478672985,0.05413344100032487
1.5,6,31,109,102,23,0.5740740740740741,0.5165876777251185,0.07303809341727066
1.5,8,44,57,154,10,0.8148148148148148,0.27014218009478674,0.07873489511114685
1.5,10,48,15,196,6,0.8888888888888888,0.07109004739336493,-0.059679087563783983
1.5,12,52,3,208,2,0.9629629629629629,0.014218009478672985,-0.06755594357029447
1.5,14,52,3,208,2,0.9629629629629629,0.014218009478672985,-0.06755594357029447
1.5,16,52,3,208,2,0.9629629629629629,0.014218009478672985,-0.06755594357029447
1.5,18,52,3,208,2,0.9629629629629629,0.014218009478672985,-0.06755594357029447
1.5,20,52,3,208,2,0.9629629629629629,0.014218009478672985,-0.06755594357029447
1.5,25,52,3,208,2,0.9629629629629629,0.014218009478672985,-0.06755594357029447
1.75,6,26,118,93,28,0.48148148148148145,0.5592417061611374,0.03297842908942682
1.75,8,33,82,129,21,0.6111111111111112,0.3886255924170616,-0.00021757401573766538
1.75,10,35,48,163,19,0.6481481481481481,0.22748815165876776,-0.1152555231120817
1.75,12,41,32,179,13,0.7592592592592593,0.15165876777251186,-0.09556752468289312
1.75,14,47,20,191,7,0.8703703703703703,0.0947867298578199,-0.04639616012176295
1.75,16,47,20,191,7,0.8703703703703703,0.0947867298578199,-0.04639616012176295
1.75,18,47,20,191,7,0.8703703703703703,0.0947867298578199,-0.04639616012176295
1.75,20,47,20,191,7,0.8703703703703703,0.0947867298578199,-0.04639616012176295
1.75,25,47,20,191,7,0.8703703703703703,0.0947867298578199,-0.04639616012176295
2.0,6,24,131,80,30,0.4444444444444444,0.6208530805687204,0.05386482091996376
2.0,8,28,120,91,26,0.5185185185185185,0.5687203791469194,0.07064775542002211
2.0,10,31,78,133,23,0.5740740740740741,0.3696682464454976,-0.046659202445412405
2.0,12,34,64,147,20,0.6296296296296297,0.3033175355450237,-0.05804653770694287
2.0,14,34,64,147,20,0.6296296296296297,0.3033175355450237,-0.05804653770694287
2.0,16,34,64,147,20,0.6296296296296297,0.3033175355450237,-0.05804653770694287
2.0,18,34,60,151,20,0.6296296296296297,0.2843601895734597,-0.07546700423658066
2.0,20,36,54,157,18,0.6666666666666666,0.2559241706161137,-0.07009476351303195
2.0,25,37,43,168,17,0.6851851851851852,0.2037914691943128,-0.10685623356273716
2.25,6,15,162,49,39,0.2777777777777778,0.7677725118483413,0.04286879090336537
2.25,8,15,158,53,39,0.2777777777777778,0.7488151658767772,0.02452544812643576
2.25,10,17,142,69,37,0.3148148148148148,0.6729857819905213,-0.010495447283057943
2.25,12,17,135,76,37,0.3148148148148148,0.6398104265402843,-0.03829541125701869
2.25,14,17,135,76,37,0.3148148148148148,0.6398104265402843,-0.03829541125701869
2.25,16,17,134,77,37,0.3148148148148148,0.6350710900473934,-0.04219257379909888
2.25,18,17,134,77,37,0.3148148148148148,0.6350710900473934,-0.04219257379909888
2.25,20,17,134,77,37,0.3148148148148148,0.6350710900473934,-0.04219257379909888
2.25,25,22,117,94,32,0.4074074074074074,0.5545023696682464,-0.03092640885936674
2.5,6,14,172,39,40,0.25925925925925924,0.8151658767772512,0.07494659030924569
2.5,8,14,172,39,40,0.25925925925925924,0.8151658767772512,0.07494659030924569
2.5,10,15,172,39,39,0.2777777777777778,0.8151658767772512,0.09294365455502897
2.5,12,15,172,39,39,0.2777777777777778,0.8151658767772512,0.09294365455502897
2.5,14,15,172,39,39,0.2777777777777778,0.8151658767772512,0.09294365455502897
2.5,16,15,172,39,39,0.2777777777777778,0.8151658767772512,0.09294365455502897
2.5,18,15,168,43,39,0.2777777777777778,0.7962085308056872,0.07207593709161608
2.5,20,15,168,43,39,0.2777777777777778,0.7962085308056872,0.07207593709161608
2.5,25,19,160,51,35,0.35185185185185186,0.7582938388625592,0.10063273881112947
2.75,6,12,182,29,42,0.2222222222222222,0.8625592417061612,0.09443284659935544
2.75,8,12,177,34,42,0.2222222222222222,0.8388625592417062,0.06496361124562333
2.75,10,13,177,34,41,0.24074074074074073,0.8388625592417062,0.08394445304463335
2.75,12,13,177,34,41,0.24074074074074073,0.8388625592417062,0.08394445304463335
2.75,14,13,177,34,41,0.24074074074074073,0.8388625592417062,0.08394445304463335
2.75,16,13,177,34,41,0.24074074074074073,0.8388625592417062,0.08394445304463335
2.75,18,13,177,34,41,0.24074074074074073,0.8388625592417062,0.08394445304463335
2.75,20,13,176,35,41,0.24074074074074073,0.8341232227488151,0.07829976128188533
2.75,25,17,171,40,37,0.3148148148148148,0.8104265402843602,0.12277693012970772
3.0,6,9,186,25,45,0.16666666666666666,0.8815165876777251,0.0580348395962367
3.0,8,9,181,30,45,0.16666666666666666,0.8578199052132701,0.027840662951126804
3.0,10,9,181,30,45,0.16666666666666666,0.8578199052132701,0.027840662951126804
3.0,12,9,181,30,45,0.16666666666666666,0.8578199052132701,0.027840662951126804
3.0,14,9,181,30,45,0.16666666666666666,0.8578199052132701,0.027840662951126804
3.0,16,9,181,30,45,0.16666666666666666,0.8578199052132701,0.027840662951126804
3.0,18,9,181,30,45,0.16666666666666666,0.8578199052132701,0.027840662951126804
3.0,20,9,181,30,45,0.16666666666666666,0.8578199052132701,0.027840662951126804
3.0,25,9,181,30,45,0.16666666666666666,0.8578199052132701,0.027840662951126804
3.25,6,7,192,19,47,0.12962962962962962,0.909952606635071,0.05359852148644281
3.25,8,7,192,19,47,0.12962962962962962,0.909952606635071,0.05359852148644281
3.25,10,7,192,19,47,0.12962962962962962,0.909952606635071,0.05359852148644281
3.25,12,7,192,19,47,0.12962962962962962,0.909952606635071,0.05359852148644281
3.25,14,7,192,19,47,0.12962962962962962,0.909952606635071,0.05359852148644281
3.25,16,7,192,19,47,0.12962962962962962,0.909952606635071,0.05359852148644281
3.25,18,7,192,19,47,0.12962962962962962,0.909952606635071,0.05359852148644281
3.25,20,7,192,19,47,0.12962962962962962,0.909952606635071,0.05359852148644281
3.25,25,7,192,19,47,0.12962962962962962,0.909952606635071,0.05359852148644281
3.5,6,7,192,19,47,0.12962962962962962,0.909952606635071,0.05359852148644281
3.5,8,7,192,19,47,0.12962962962962962,0.909952606635071,0.05359852148644281
3.5,10,7,192,19,47,0.12962962962962962,0.909952606635071,0.05359852148644281
3.5,12,7,192,19,47,0.12962962962962962,0.909952606635071,0.05359852148644281
3.5,14,7,192,19,47,0.12962962962962962,0.909952606635071,0.05359852148644281
3.5,16,7,192,19,47,0.12962962962962962,0.909952606635071,0.05359852148644281
3.5,18,7,192,19,47,0.12962962962962962,0.909952606635071,0.05359852148644281
3.5,20,7,192,19,47,0.12962962962962962,0.909952606635071,0.05359852148644281
3.5,25,7,192,19,47,0.12962962962962962,0.909952606635071,0.05359852148644281
3.75,6,7,192,19,47,0.12962962962962962,0.909952606635071,0.05359852148644281
3.75,8,7,192,19,47,0.12962962962962962,0.909952606635071,0.05359852148644281
3.75,10,7,192,19,47,0.12962962962962962,0.909952606635071,0.05359852148644281
3.75,12,7,192,19,47,0.12962962962962962,0.909952606635071,0.05359852148644281
3.75,14,7,192,19,47,0.12962962962962962,0.909952606635071,0.05359852148644281
3.75,16,7,192,19,47,0.12962962962962962,0.909952606635071,0.05359852148644281
3.75,18,7,192,19,47,0.12962962962962962,0.909952606635071,0.05359852148644281
3.75,20,7,192,19,47,0.12962962962962962,0.909952606635071,0.05359852148644281
3.75,25,7,192,19,47,0.12962962962962962,0.909952606635071,0.05359852148644281
4.0,6,7,192,19,47,0.12962962962962962,0.909952606635071,0.05359852148644281
4.0,8,7,192,19,47,0.12962962962962962,0.909952606635071,0.05359852148644281
4.0,10,7,192,19,47,0.12962962962962962,0.909952606635071,0.05359852148644281
4.0,12,7,192,19,47,0.12962962962962962,0.909952606635071,0.05359852148644281
4.0,14,7,192,19,47,0.12962962962962962,0.909952606635071,0.05359852148644281
4.0,16,7,192,19,47,0.12962962962962962,0.909952606635071,0.05359852148644281
4.0,18,7,192,19,47,0.12962962962962962,0.909952606635071,0.05359852148644281
4.0,20,7,192,19,47,0.12962962962962962,0.909952606635071,0.05359852148644281
4.0,25,7,192,19,47,0.12962962962962962,0.909952606635071,0.05359852148644281
