,VAL3,ILE4,ASN5,THR6,PHE7,ASP8,GLY9,VAL10,ALA11,ASP12,TYR13,LEU14,GLN15,THR16,TYR17,HIS18,LYS19,LEU20,PRO21,ASP22,ASN23,TYR24,ILE25,THR26,LYS27,SER28,GLU29,ALA30,GLN31,ALA32,LEU33,GLY34,TRP35,VAL36,ALA37,SER38,LYS39,GLY40,ASN41,LEU42,ALA43,ASP44,VAL45,ALA46,PRO47,GLY48,LYS49,SER50,ILE51,GLY52,GLY53,ASP54,ILE55,PHE56,SER57,ASN58,ARG59,GLU60,GLY61,LYS62,LEU63,PRO64,GLY65,LYS66,SER67,GLY68,ARG69,THR70,TRP71,ARG72,GLU73,ALA74,ASP75,ILE76,ASN77,TYR78,THR79,SER80,GLY81,PHE82,ARG83,ASN84,SER85,ASP86,ARG87,ILE88,LEU89,TYR90,SER91,SER92,ASP93,TRP94,LEU95,ILE96,TYR97,LYS98,THR99,THR100,ASP101,HIS102,TYR103,GLN104,THR105,PHE106,THR107,LYS108,ILE109,ARG110
VAL3,0.0,-1.16414,-0.58806,-0.2207,-0.64106,-0.19236,1.02369,0.94875,0.01825,0.4203,0.83828,0.04433,-0.25115,0.0187,0.01948,-0.23907,0.39869,0.98082,1.20164,0.31203,0.51371,0.62219,0.31503,0.48652,0.46103,0.51849,0.13695,-0.1596,0.4049,0.30858,-0.34803,-0.17966,-0.25271,0.18861,0.22031,0.21294,0.02297,-0.21333,-0.59489,-0.62425,-0.91829,-0.67235,-0.13711,-0.20485,-0.91567,-0.761,0.194,0.39332,1.04892,1.31355,1.21103,1.12594,0.90228,0.71382,0.62472,0.583,0.50983,0.434,0.29457,0.21646,0.12735,0.13195,0.21566,0.26609,-0.04402,0.37257,0.18593,-0.02601,-0.07776,0.08295,0.413,0.88441,0.75834,0.77235,0.2816,-0.08484,-0.24965,-0.35979,-0.87487,-0.69871,-0.44135,-0.50202,0.3723,0.73041,1.57763,0.75603,0.04031,0.05168,-0.09468,0.28783,0.17467,0.24381,0.0391,-0.30594,-0.14285,0.40298,0.62261,0.38083,0.21751,-0.15521,0.37245,0.10134,-0.17485,-0.01676,0.79835,1.39448,0.0,0.0
ILE4,-1.16414,0.0,0.20589,0.29258,-0.60067,0.11754,1.45535,1.49323,0.42875,0.76482,1.16945,0.31839,0.03282,0.1674,0.07762,-0.17294,0.51679,1.27452,1.18166,0.18031,0.4089,0.69318,0.29859,0.33523,0.26932,0.21605,-0.16593,-0.42875,-0.0175,-0.20154,-0.91667,-0.6466,-0.52352,0.17475,0.38171,0.26602,-0.14708,-0.20624,-0.88845,-0.76605,-1.23687,-1.28209,-0.69714,-0.46542,-1.08316,-0.63945,0.12987,0.65053,1.01065,1.68491,1.78547,1.68785,1.49939,1.04088,1.16152,0.71693,0.68595,0.2907,-0.08189,-0.48025,-0.73843,-0.73471,-0.17364,-0.16811,-0.03958,0.20805,-0.15141,-0.0451,-0.00865,0.45075,0.51512,1.36604,1.34612,2.04936,1.79464,1.03481,0.56827,0.0082,-0.95647,-0.41366,0.03572,-0.15472,0.17703,0.81678,0.69378,0.35926,-0.63317,-1.35199,-0.84367,-0.12413,-0.73024,-0.56588,-0.70465,-1.06756,-0.76091,0.19544,0.27209,0.46618,0.29461,0.21262,0.04757,-0.5298,-0.88571,-1.00653,-1.22363,-1.53344,-0.49338,0.0
ASN5,-0.58806,0.20589,0.0,-0.67571,-1.33508,-0.45028,0.61684,0.60956,-0.04309,0.15951,0.36406,-0.3188,-0.46475,-0.45658,-0.53507,-0.71078,-0.121,0.72111,0.895,0.20827,0.538,0.78273,0.47477,0.36713,0.10013,0.21073,0.03559,-0.43659,-0.21488,-0.03644,-0.50119,-0.58993,-0.78317,-0.47115,-0.27318,-0.36063,-0.79255,-0.84404,-1.27026,-0.91965,-1.07438,-1.13483,-0.41054,-0.02454,-0.66317,-0.20333,0.49104,0.65781,0.60326,1.61315,1.76848,1.77426,1.77341,1.64742,1.52301,1.16613,0.96964,0.45425,0.08046,-0.37153,-0.64912,-0.71651,-0.14928,-0.1399,-0.03861,0.37362,0.06745,0.29759,0.49502,0.95262,1.16553,1.62614,2.01246,3.41986,2.56743,1.48928,0.99372,0.26236,-1.17204,-0.97427,-0.50314,-0.37189,0.16958,1.05788,1.1429,0.76969,-0.01888,-1.00771,-0.86534,0.13998,-0.55973,-0.35952,-0.93595,-0.98351,-0.16285,1.2782,1.52585,1.21279,0.92021,0.94451,0.30202,0.01678,-0.32491,-0.32574,-0.61734,-0.79867,-0.24116,-0.9011
THR6,-0.2207,0.29258,-0.67571,0.0,-0.39564,0.50939,1.22631,1.16616,0.88991,0.8825,0.89707,0.2887,-0.02403,-0.12333,-0.42484,-0.66324,-0.35724,0.25102,0.31894,-0.34544,-0.11255,0.13031,0.10271,0.42719,0.41666,0.60611,0.25089,-0.18328,0.23453,0.26223,-0.20843,-0.00027,-0.05941,0.42734,0.41023,0.2565,-0.26245,-0.50264,-0.86484,-0.84637,-1.18428,-0.9718,-0.27183,-0.29417,-1.11376,-1.13906,-0.45523,-0.09737,0.27628,1.28489,1.44661,1.3265,1.04983,0.88202,0.87792,0.27951,0.32915,-0.10612,-0.41993,-0.87375,-1.19528,-1.12137,-0.63772,-0.54562,-0.34381,0.16632,-0.13314,0.07766,0.08124,0.50377,0.71737,0.85398,1.10555,2.75187,1.39809,0.50998,-0.26146,-0.45013,-0.70487,-0.55271,-0.19846,-0.18065,0.4584,0.97883,1.05015,0.78607,0.31645,-0.83336,-0.91507,0.17238,0.10445,0.67679,0.35918,1.10363,0.97171,1.59511,1.39448,1.16339,0.83602,0.30889,0.3646,-0.12756,-0.33573,-1.07742,-0.99163,-0.73511,0.39275,0.97625
PHE7,-0.64106,-0.60067,-1.33508,-0.39564,0.0,0.43854,0.66317,1.20303,1.50174,1.40441,1.34909,1.13677,0.88488,0.67637,0.30688,0.07613,-0.03941,0.1309,-0.48348,-1.22041,-1.02725,-0.64017,-0.35046,0.34825,0.52057,0.69268,0.30859,0.00703,0.44085,0.3903,-0.10441,0.29129,0.46777,1.00431,0.99801,0.91482,0.40924,0.03748,-0.31305,-0.50512,-1.04846,-0.6993,-0.2835,-0.49008,-1.22314,-1.74286,-1.45907,-0.80801,0.17509,1.32101,1.63426,1.39202,0.72887,0.44108,0.25661,-0.51351,-0.39572,-0.76543,-0.96591,-1.33702,-1.80666,-1.70888,-1.29882,-1.24676,-0.7483,-0.29516,-0.62549,-0.29038,-0.1691,0.8121,0.78641,0.60389,0.90016,2.2795,0.8762,0.16748,-0.5173,-0.60044,-0.36697,-0.06933,0.31084,0.6701,0.93565,1.30516,1.10252,1.35113,1.17817,0.36869,-0.81437,-0.01011,0.20821,1.73973,1.23103,3.19682,2.63828,2.01472,0.76401,1.18685,0.5921,0.04603,-0.17888,-0.46431,-0.74071,-1.04972,-1.46712,-0.54967,0.62478,1.6463
ASP8,-0.19236,0.11754,-0.45028,0.50939,0.43854,0.0,0.32658,0.63274,1.37787,1.47552,1.28893,0.99512,1.21595,1.06841,0.50607,0.2554,-0.12806,-0.17121,-0.66419,-1.4537,-1.36153,-1.0725,-0.77121,-0.01061,0.39834,0.65545,0.17073,0.06733,0.6573,0.43055,-0.02999,0.48789,0.72067,1.30301,1.27459,1.3973,0.95579,0.39761,0.14878,-0.06207,-0.66621,-0.26511,0.14287,-0.07325,-0.86277,-1.55011,-1.40096,-0.76822,0.00685,0.88068,1.24276,0.87022,0.43085,0.19073,0.18436,-0.47415,-0.27319,-0.60948,-0.79045,-1.08258,-1.37037,-1.34483,-1.07945,-1.19562,-0.72313,-0.36223,-0.67136,-0.4646,-0.44747,0.31882,0.2922,0.15074,0.16635,1.04966,0.30375,-0.04765,-0.45267,-0.36639,-0.3064,-0.08722,0.25215,0.59095,0.91383,0.43162,-0.13834,0.92616,0.81051,-0.60447,-1.6151,-1.21661,-1.03393,0.29506,0.86049,2.81233,1.17668,0.14686,-0.63799,0.56181,0.2323,-0.42007,-0.75225,-0.97273,-1.31014,-1.49165,-1.14408,0.19198,2.13152,1.90905
GLY9,1.02369,1.45535,0.61684,1.22631,0.66317,0.32658,0.0,-0.14021,0.30865,1.01074,1.13545,0.62057,0.68745,0.90598,0.57079,0.18556,-0.01207,0.12947,-0.28992,-1.20325,-1.02556,-0.78384,-0.60064,0.11975,0.50001,0.68476,0.12259,-0.05819,0.57358,0.30093,-0.37968,0.1017,0.28667,0.85888,1.04063,1.2277,0.77275,0.31635,-0.15491,-0.40478,-1.02679,-0.63489,-0.17811,-0.3407,-1.18677,-1.59776,-1.08313,-0.49469,0.21255,1.03735,1.3908,0.89674,0.45069,0.16991,0.18943,-0.28239,-0.08396,-0.31899,-0.48199,-0.75302,-1.05823,-1.06703,-0.9544,-1.07066,-0.86097,-0.29834,-0.46472,-0.23654,-0.21413,0.32705,0.39631,0.54292,0.37912,1.02747,0.15469,-0.23633,-0.6957,-0.60793,-0.47559,-0.24977,0.14222,0.30796,0.84404,0.3769,0.19146,0.8117,0.44914,-0.71841,-1.36079,-1.01785,-1.1394,-0.12566,0.45537,2.23584,0.78668,0.60938,0.22653,0.93401,0.82766,0.09406,-0.19129,-0.56666,-0.98992,-1.51438,-1.14298,-0.51507,1.18636,0.51989
VAL10,0.94875,1.49323,0.60956,1.16616,1.20303,0.63274,-0.14021,0.0,0.1888,0.91678,1.42459,1.34213,0.9652,1.18404,1.13751,0.98486,0.91542,0.99992,0.04066,-0.87988,-0.8334,-0.32518,-0.16244,0.52954,0.7671,0.69098,0.16128,-0.03548,0.47409,0.13578,-0.54169,-0.20881,0.00746,0.46617,0.66189,0.89964,0.53639,0.14195,-0.37123,-0.80936,-1.2784,-0.93479,-0.66104,-0.7944,-1.39902,-1.6902,-1.06022,-0.34378,0.81225,1.771,2.03004,1.40728,0.65953,0.31034,-0.06833,-0.69084,-0.42187,-0.75673,-1.08477,-1.25605,-1.68791,-1.61114,-1.45495,-1.65092,-1.40618,-0.71704,-0.92893,-0.51002,0.13014,1.14779,1.20904,1.04931,1.25568,1.52843,0.29147,-0.25739,-0.74875,-0.86159,-0.29206,-0.28977,-0.09141,0.05215,0.82717,0.85562,0.92798,0.94304,0.56119,0.36049,-0.91848,-1.00297,-1.28378,0.00223,0.01832,3.11963,1.27801,1.33589,0.64227,1.6091,0.75548,-0.10919,-0.36881,-0.69468,-1.14384,-1.70852,-1.31108,-0.49951,0.77119,1.64847
ALA11,0.01825,0.42875,-0.04309,0.88991,1.50174,1.37787,0.30865,0.1888,0.0,0.50605,0.88992,1.42312,1.4277,1.39686,1.17318,1.3876,0.80345,0.46462,-0.5197,-1.34246,-1.29836,-0.92603,-0.61454,0.23704,0.71584,0.68588,0.19534,0.19568,0.78496,0.47719,-0.038,0.35566,0.43585,0.69547,0.60061,0.89217,0.92145,0.58093,0.58719,0.05308,-0.67739,-0.18262,-0.02546,-0.34343,-0.92274,-1.52978,-1.30836,-0.79692,0.46995,1.41524,1.67724,1.07405,0.39211,0.22216,-0.21181,-0.8986,-0.58625,-0.78992,-1.0963,-1.25955,-1.66951,-1.80853,-1.55616,-1.77951,-1.55711,-1.00222,-1.45177,-0.90202,-0.16381,0.95148,1.02797,0.20937,0.31796,0.5438,-0.32908,-0.46642,-0.64594,-0.4732,0.04823,-0.11744,-0.23157,0.08993,0.34414,-0.01082,0.2161,1.26385,1.42558,0.72262,-1.0472,-1.21428,-1.69724,-0.54104,-0.62325,3.7706,2.23877,0.72161,-0.48557,0.74937,0.25711,-0.34218,-0.72979,-0.91325,-1.25597,-1.5653,-1.12784,0.08903,1.88319,2.36427
ASP12,0.4203,0.76482,0.15951,0.8825,1.40441,1.47552,1.01074,0.91678,0.50605,0.0,0.81545,0.79537,1.51959,1.85283,1.47831,1.35572,0.43568,-0.0081,-0.63199,-1.61643,-1.57489,-1.24709,-0.94232,-0.03619,0.71001,0.76391,0.1511,0.23765,0.99082,0.59444,0.05441,0.603,0.75445,0.99346,0.91118,1.12077,1.10558,0.82763,0.87513,0.34173,-0.57591,-0.01047,0.17891,-0.25956,-0.94969,-1.71824,-1.42139,-1.00093,0.13982,0.93338,1.2786,0.70817,-0.00186,-0.21144,-0.35974,-0.88667,-0.48718,-0.68486,-0.90502,-1.02445,-1.51897,-1.444,-1.17438,-1.43092,-1.19444,-0.84998,-1.29111,-0.94991,-0.60367,0.22403,0.35502,0.22988,-0.05224,0.4563,-0.45973,-0.5533,-0.606,-0.32117,-0.1397,0.0713,0.0649,0.36074,0.79553,-0.03615,-0.09489,1.12612,1.0293,0.04318,-1.21075,-1.43563,-1.90708,-1.44552,-1.51629,1.70743,0.55064,-0.16188,-1.47824,-0.14175,-0.29123,-0.7876,-0.99241,-1.03524,-1.33475,-1.70562,-1.11146,-0.04994,1.81076,1.38708
TYR13,0.83828,1.16945,0.36406,0.89707,1.34909,1.28893,1.13545,1.42459,0.88992,0.81545,0.0,0.03385,0.67972,1.67185,1.70723,1.57844,1.32258,0.8838,0.00403,-1.18257,-1.23556,-0.74433,-0.59944,0.1041,0.64445,0.60931,-0.08941,-0.15335,0.58497,0.09444,-0.49438,0.08415,0.3289,0.73799,0.74047,0.93792,0.69623,0.46557,0.19372,-0.37152,-1.08269,-0.5291,-0.36066,-0.6143,-1.27079,-1.67528,-1.22616,-0.63842,0.58196,1.58909,2.06432,1.34356,0.42673,-0.06494,-0.37036,-0.94098,-0.67096,-0.8777,-1.15927,-1.13037,-1.65444,-1.59029,-1.22521,-1.51982,-1.22594,-0.77448,-1.18921,-0.65098,-0.30699,0.77263,0.88619,1.26278,0.91471,0.91063,-0.01096,-0.45627,-0.76253,-0.58198,-0.11919,0.15866,0.37347,0.56591,1.28073,0.72865,0.61383,0.86394,0.5675,0.36248,-0.71963,-0.82406,-1.70053,-1.18955,-1.62103,0.1669,-0.78053,-0.02256,-0.76896,0.28515,0.16732,-0.23711,-0.39777,-0.24223,-0.86523,-1.58573,-1.23378,-0.47929,0.79406,0.71558
LEU14,0.04433,0.31839,-0.3188,0.2887,1.13677,0.99512,0.62057,1.34213,1.42312,0.79537,0.03385,0.0,0.34363,1.08542,1.36155,1.87695,1.81838,1.32933,-0.01418,-0.99233,-1.23895,-0.38248,-0.37113,0.13253,0.51665,0.27298,-0.19312,-0.18177,0.38088,-0.11015,-0.52222,-0.00684,0.25059,0.55759,0.55893,0.6403,0.52917,0.32613,0.24076,-0.21103,-0.63957,-0.28051,-0.38771,-0.61239,-0.94804,-1.2309,-1.09773,-0.48192,0.75482,1.88206,2.4417,1.83696,0.8509,0.31128,-0.18185,-0.86914,-0.63689,-0.94502,-1.52719,-1.40577,-1.83916,-1.90757,-1.63062,-1.75773,-1.39646,-1.01821,-1.38144,-0.70108,-0.19111,1.20767,1.45202,1.7273,1.48203,0.91687,0.07479,-0.18785,-0.53254,-0.42495,0.1998,0.21262,0.2424,0.54355,1.1494,0.88945,0.95124,0.93621,0.68594,0.80429,-0.62842,-0.65354,-1.51101,-0.85046,-1.78139,0.38408,-0.71344,-0.14324,-0.48994,0.73682,0.29822,0.29764,-0.17479,-0.29575,-0.90754,-1.56763,-1.19553,-0.32115,0.96454,1.91587
GLN15,-0.25115,0.03282,-0.46475,-0.02403,0.88488,1.21595,0.68745,0.9652,1.4277,1.51959,0.67972,0.34363,0.0,0.95195,0.97006,1.4702,0.48029,0.02859,-0.67985,-1.43638,-1.64735,-0.99809,-0.7767,-0.22945,0.22236,0.14158,-0.24705,-0.07214,0.53797,0.14907,-0.12618,0.38355,0.59,0.82105,0.6945,0.76076,0.66053,0.48127,0.52687,0.27779,-0.14742,0.27303,0.30201,-0.05833,-0.42587,-0.90078,-0.9887,-0.61512,0.18926,0.91813,1.57195,1.17298,0.63056,0.34567,0.06418,-0.51584,-0.28731,-0.56127,-1.06398,-1.04567,-1.34468,-1.36149,-1.08679,-1.34599,-0.99615,-0.81055,-1.10969,-0.63146,-0.43007,0.45464,0.64733,0.8072,0.44445,0.27075,-0.22282,-0.2914,-0.28054,-0.03883,0.28627,0.34284,0.27009,0.64242,1.07822,0.27,0.15205,0.78818,0.7775,0.25395,-0.95638,-0.91947,-1.65715,-1.27028,-2.22236,-0.14538,-0.88137,-0.93575,-1.54618,-0.34274,-0.23568,0.46652,-0.14077,-0.26235,-0.8993,-1.52161,-1.21699,0.0169,1.29357,1.88434
THR16,0.0187,0.1674,-0.45658,-0.12333,0.67637,1.06841,0.90598,1.18404,1.39686,1.85283,1.67185,1.08542,0.95195,0.0,0.89902,1.03506,0.19041,-0.3676,-0.73264,-1.51151,-1.7111,-1.20748,-0.94873,-0.26952,0.28483,0.17041,-0.36895,-0.25749,0.54301,0.04562,-0.32938,0.29567,0.55373,0.91535,0.91346,1.01137,0.81212,0.54734,0.46206,0.09963,-0.30439,0.06648,0.16795,-0.15218,-0.59918,-1.17794,-1.06377,-0.58903,0.23408,0.82048,1.19933,0.98539,0.36869,0.13097,0.04213,-0.45652,-0.17772,-0.37901,-0.82351,-0.75581,-1.28994,-1.26424,-0.94519,-1.18289,-0.88808,-0.61064,-1.05095,-0.63011,-0.61912,0.11857,0.32284,0.92196,0.67592,0.49772,-0.08894,-0.26336,-0.35835,-0.04462,0.26282,0.55127,0.55217,0.77278,1.35404,0.61534,0.23817,0.49966,0.26213,-0.16296,-1.06472,-0.97304,-1.56691,-1.38339,-1.99184,-0.76204,-1.15643,-0.86661,-1.62284,-1.098,-0.71697,-0.28959,-0.22572,0.13652,-0.38918,-1.5207,-1.00589,0.28476,1.23902,1.19508
TYR17,0.01948,0.07762,-0.53507,-0.42484,0.30688,0.50607,0.57079,1.13751,1.17318,1.47831,1.70723,1.36155,0.97006,0.89902,0.0,1.002,0.79283,-0.11451,-0.71126,-1.19548,-1.45582,-0.84138,-0.77034,-0.22187,0.20412,-0.01891,-0.51769,-0.53585,0.0469,-0.45895,-0.75943,-0.17775,0.14703,0.65337,0.85384,1.02772,0.75954,0.49763,0.19928,-0.22203,-0.43053,-0.30713,-0.50801,-0.65366,-0.783,-0.93548,-0.87735,-0.32239,0.50916,1.24417,1.60895,1.11041,0.46464,0.11536,0.10478,-0.40404,-0.10631,-0.26298,-0.76371,-0.6704,-1.19844,-1.29048,-1.07758,-1.16409,-0.8919,-0.6667,-0.99668,-0.46079,-0.518,0.40902,0.46995,1.55393,1.28317,0.96475,0.43828,0.14319,-0.27045,0.04671,0.64344,0.93941,0.93082,0.98271,1.558,1.21448,0.77981,0.53917,-0.02724,-0.15692,-0.90493,-0.6884,-1.25357,-1.04233,-1.57286,-0.78966,-1.30987,-0.42397,-1.08656,-0.78678,-0.86669,-0.44517,-0.28793,0.45376,-0.1279,-1.179,-1.12776,-0.06878,0.74006,1.0231
HIS18,-0.23907,-0.17294,-0.71078,-0.66324,0.07613,0.2554,0.18556,0.98486,1.3876,1.35572,1.57844,1.87695,1.4702,1.03506,1.002,0.0,0.09655,-0.49275,-1.20214,-1.28029,-1.40076,-0.70667,-0.75722,-0.46081,-0.13028,-0.3578,-0.63638,-0.57813,-0.27135,-0.69451,-0.82639,-0.3524,-0.09314,0.3536,0.56185,0.70782,0.62906,0.45573,0.22325,-0.20914,-0.23575,-0.22812,-0.51439,-0.59275,-0.36363,-0.27194,-0.61368,-0.21046,0.49358,1.2025,1.68296,1.26206,0.74489,0.43747,0.26276,-0.23171,0.07168,-0.13185,-0.65525,-0.58589,-1.01319,-1.19189,-1.02451,-1.00287,-0.67109,-0.50507,-0.68066,-0.01674,0.00423,0.89475,0.78656,1.49226,1.35026,0.75692,0.48631,0.4309,0.12008,0.32542,0.72212,0.97232,0.90222,0.92368,1.30277,1.05625,0.69341,0.4843,0.0765,0.10883,-0.58824,-0.42109,-0.98447,-0.60779,-1.3555,-0.542,-1.22396,-0.69075,-1.14203,-0.74356,-1.00212,-0.51589,-0.59761,-0.1896,-0.60623,-1.36281,-1.39314,-0.45729,0.91612,1.94199
LYS19,0.39869,0.51679,-0.121,-0.35724,-0.03941,-0.12806,-0.01207,0.91542,0.80345,0.43568,1.32258,1.81838,0.48029,0.19041,0.79283,0.09655,0.0,0.08266,-0.83211,-0.9452,-0.94798,-0.00024,-0.25926,-0.17435,-0.11336,-0.42478,-0.68257,-0.81729,-0.66519,-1.07988,-1.30201,-1.13253,-0.84643,-0.24223,0.1541,0.2203,0.07786,0.04693,-0.41016,-0.6604,-0.63856,-0.8839,-1.10001,-0.89073,-0.64651,-0.07154,-0.02651,0.55157,1.22466,2.01446,2.12952,1.80542,1.23056,0.84784,0.66932,0.25222,0.50247,0.30334,-0.47713,-0.40489,-0.913,-1.11803,-1.01314,-1.15508,-0.75192,-0.4545,-0.72706,0.04659,0.37322,1.54568,1.59439,2.3787,2.26931,1.54206,1.0121,0.90024,0.39322,0.17141,0.5692,0.84106,0.97948,1.17046,1.30273,1.43377,1.34555,0.78435,-0.06629,-0.24255,-0.93175,-0.82245,-1.3322,-0.96513,-1.5336,-0.6381,-1.0122,-0.17602,-0.33462,-0.15192,-0.39306,0.27788,0.22703,0.27156,-0.05606,-0.86173,-1.08108,-0.67033,0.25413,1.57094
LEU20,0.98082,1.27452,0.72111,0.25102,0.1309,-0.17121,0.12947,0.99992,0.46462,-0.0081,0.8838,1.32933,0.02859,-0.3676,-0.11451,-0.49275,0.08266,0.0,-0.20012,-1.04143,-0.76926,0.31861,-0.01498,-0.06414,-0.28087,-0.51431,-0.58558,-0.94362,-0.91632,-1.06163,-1.45691,-1.60312,-1.56473,-0.90715,-0.39487,-0.43391,-0.68173,-0.59531,-1.13959,-1.04079,-1.03099,-1.37823,-1.42013,-0.88582,-0.71831,0.08827,0.57601,1.35237,1.9196,3.10252,2.92134,2.51908,1.88593,1.50065,1.10161,0.82712,1.07334,0.8297,-0.10766,-0.20714,-0.81001,-1.25864,-0.98797,-1.26827,-0.84361,-0.46476,-0.75908,0.15244,0.80873,2.31097,2.67965,3.05523,2.81616,2.21326,1.63276,0.98114,0.50172,0.00432,0.08894,0.39075,0.76594,1.03521,1.18463,1.79906,1.8546,0.93363,0.06809,-0.57296,-1.45008,-1.1302,-1.97324,-1.59791,-1.99392,-1.00227,-0.9889,0.01168,0.46487,0.6795,0.54308,0.81125,0.79552,1.04239,0.6067,-0.21168,-1.15389,-0.91351,-0.42934,0.5777
PRO21,1.20164,1.18166,0.895,0.31894,-0.48348,-0.66419,-0.28992,0.04066,-0.5197,-0.63199,0.00403,-0.01418,-0.67985,-0.73264,-0.71126,-1.20214,-0.83211,-0.20012,0.0,-0.59323,-0.36658,0.07591,-0.40723,-0.60174,-0.68558,-0.70387,-0.65615,-0.97236,-0.94955,-0.91751,-1.20068,-1.51421,-1.68399,-1.28602,-0.74146,-0.8254,-1.09562,-0.96013,-1.43705,-0.98588,-0.76736,-1.07421,-0.93023,-0.37522,-0.32105,0.77147,1.72449,2.10267,1.4288,1.97515,1.56765,1.81989,1.84028,1.93715,1.77505,1.87765,2.19511,2.31939,1.71806,1.51947,0.7591,0.17729,0.33278,-0.24853,-0.1166,0.15438,-0.03983,0.59023,1.10483,1.65476,1.85198,1.58166,1.40872,0.96017,0.90369,0.45015,0.71195,0.27526,-0.37815,0.117,0.32184,0.35929,-0.06307,0.49537,0.70252,0.0906,-0.27237,-1.25564,-1.7003,-1.62234,-2.23964,-2.2106,-2.23624,-1.68699,-1.23297,-0.66378,0.42493,0.66453,1.49629,1.28554,1.14132,1.59864,1.60444,0.77963,-0.58403,-1.14033,-1.50523,-0.9053
ASP22,0.31203,0.18031,0.20827,-0.34544,-1.22041,-1.4537,-1.20325,-0.87988,-1.34246,-1.61643,-1.18257,-0.99233,-1.43638,-1.51151,-1.19548,-1.28029,-0.9452,-1.04143,-0.59323,0.0,-0.0947,0.5851,0.27637,-0.29578,-0.51271,-0.37582,0.15818,-0.11747,-0.63712,-0.44837,-0.49273,-0.9177,-1.21031,-1.20964,-0.81594,-0.93016,-1.12434,-0.85205,-1.0962,-0.68646,-0.18669,-0.54019,-0.55106,-0.07768,0.24674,1.46706,2.61786,3.13322,2.07127,1.30965,-0.21428,0.34671,0.76462,1.08759,1.3625,1.76156,1.90451,2.37304,2.33717,2.35309,2.01729,1.53619,1.15575,0.65043,0.38535,0.48283,0.30098,0.24166,0.50338,0.10257,0.42206,0.16736,0.47895,-0.11359,-0.04824,0.25956,0.42185,0.22168,0.6236,0.70958,0.43187,-0.02663,-0.78977,-0.73071,-0.47779,-0.50032,-0.51958,-1.20282,-1.21993,-1.66145,-1.68785,-1.73517,-1.35927,-1.42792,-0.613,-0.67485,0.22256,0.29995,0.80951,0.71148,0.71921,0.81201,1.20711,1.66462,0.93391,-0.03582,-1.33434,-0.90704
ASN23,0.51371,0.4089,0.538,-0.11255,-1.02725,-1.36153,-1.02556,-0.8334,-1.29836,-1.57489,-1.23556,-1.23895,-1.64735,-1.7111,-1.45582,-1.40076,-0.94798,-0.76926,-0.36658,-0.0947,0.0,-0.13873,-0.11278,-0.72488,-0.93814,-0.69323,-0.05513,-0.36357,-0.98405,-0.68573,-0.72154,-1.11395,-1.32421,-1.4485,-1.08902,-1.3125,-1.57234,-1.13165,-1.32031,-0.63892,-0.07583,-0.63774,-0.32429,0.43971,0.48322,2.04163,3.6943,3.80064,2.32978,1.55432,0.11253,0.45129,0.97749,1.17231,1.18123,1.4824,1.61069,1.8534,1.89221,2.14992,1.90746,1.48693,1.24533,0.74318,0.44791,0.64277,0.51304,0.40611,0.61728,0.3439,0.84998,0.42343,0.90035,0.27205,0.35057,0.83357,0.42838,0.01298,0.8367,0.5738,0.31132,-0.07805,-0.95678,-0.75118,-0.12018,-0.31319,-0.34919,-0.70333,-0.71152,-0.95659,-1.14867,-1.31027,-0.93439,-1.17816,-0.59765,-0.50935,0.36071,0.51406,0.78785,0.65564,0.51893,0.3617,0.30839,0.83506,0.25378,-0.66539,-1.21151,-0.99128
TYR24,0.62219,0.69318,0.78273,0.13031,-0.64017,-1.0725,-0.78384,-0.32518,-0.92603,-1.24709,-0.74433,-0.38248,-0.99809,-1.20748,-0.84138,-0.70667,-0.00024,0.31861,0.07591,0.5851,-0.13873,0.0,0.31437,-0.3109,-0.74062,-0.4927,0.36693,0.16397,-0.66426,-0.47261,-0.5261,-1.10411,-1.0847,-1.14716,-0.7612,-0.98231,-1.28244,-0.93338,-1.13514,-0.8706,-0.34178,-0.75173,-0.73099,-0.19539,0.14474,1.30581,2.66253,3.11799,3.29095,2.79775,0.8548,0.49198,0.50947,0.50631,0.43777,0.45858,0.62114,0.75172,0.5773,0.87899,0.74085,0.50922,0.16586,0.00703,-0.14323,0.078,-0.34012,-0.59743,-0.09545,0.25917,0.90708,1.5201,2.14463,1.16971,0.36765,0.84832,-0.04081,-0.44483,1.00931,0.8557,1.00893,0.5568,0.29823,0.44913,0.75149,0.36455,-0.34349,-0.53125,-1.00238,-1.23837,-1.3113,-1.34056,-1.27894,-1.07751,-0.48952,0.01976,0.55676,0.54545,0.1993,0.15613,0.26348,-0.02017,-0.1122,0.10628,0.08092,-0.67382,-0.86256,-1.01649
ILE25,0.31503,0.29859,0.47477,0.10271,-0.35046,-0.77121,-0.60064,-0.16244,-0.61454,-0.94232,-0.59944,-0.37113,-0.7767,-0.94873,-0.77034,-0.75722,-0.25926,-0.01498,-0.40723,0.27637,-0.11278,0.31437,0.0,0.1891,-0.15894,0.31577,1.30004,1.2794,0.56758,0.83503,0.59367,-0.09253,0.11373,-0.25603,-0.03537,-0.30121,-0.6052,-0.48398,-0.55351,-0.53157,-0.64919,-0.748,-0.51504,-0.25095,-0.18373,0.51815,1.69909,2.14778,2.996,2.22765,0.14581,-0.66942,-0.91859,-0.57255,-0.35495,-0.34071,-0.1818,-0.03954,-0.12159,0.27047,0.34003,0.38465,-0.22315,-0.38976,-0.66591,-0.33233,-0.91278,-1.44109,-0.92185,-0.64401,0.33022,1.15055,1.52766,0.66346,-0.46299,0.05462,-0.55155,-0.82238,0.81187,0.80353,0.85565,0.23461,0.09743,-0.11815,0.43893,0.60856,-0.21249,-0.20947,-1.0898,-1.32503,-0.95362,-0.63893,-0.50837,-0.24836,0.21958,0.48943,0.54145,0.53511,-0.12125,-0.23692,-0.32845,-0.5113,-0.2782,0.42412,1.03492,0.39923,0.81636,0.18123
THR26,0.48652,0.33523,0.36713,0.42719,0.34825,-0.01061,0.11975,0.52954,0.23704,-0.03619,0.1041,0.13253,-0.22945,-0.26952,-0.22187,-0.46081,-0.17435,-0.06414,-0.60174,-0.29578,-0.72488,-0.3109,0.1891,0.0,1.12183,1.68974,1.74557,1.49564,1.60213,1.628,0.94292,0.64838,1.19399,0.86763,0.79568,0.58369,0.18732,-0.04334,-0.27815,-0.63594,-1.44262,-1.13263,-0.63747,-0.73013,-1.05405,-0.97052,0.20718,0.80661,2.68444,1.91198,0.07604,-1.00632,-1.5608,-1.60593,-1.39256,-1.36206,-1.03519,-0.97044,-1.12957,-0.60745,-0.6312,-0.41041,-0.96155,-0.95293,-1.21934,-0.61638,-1.25188,-1.76313,-1.42851,-0.87553,0.20564,1.17557,1.56131,0.88071,-0.41656,-0.23342,-0.91851,-1.04793,0.91415,1.00433,1.09756,0.58261,0.47127,0.10025,0.70507,0.92009,-0.15886,0.11552,-0.99509,-1.02624,-0.46345,-0.02682,-0.01129,0.47219,0.46164,0.70435,0.1906,0.17883,-0.33173,-0.56511,-0.94991,-1.05417,-0.85751,-0.43163,0.58545,0.16244,1.63349,1.01504
LYS27,0.46103,0.26932,0.10013,0.41666,0.52057,0.39834,0.50001,0.7671,0.71584,0.71001,0.64445,0.51665,0.22236,0.28483,0.20412,-0.13028,-0.11336,-0.28087,-0.68558,-0.51271,-0.93814,-0.74062,-0.15894,1.12183,0.0,1.22852,1.00208,1.40011,1.90047,1.53799,0.75882,1.25635,2.13736,1.83866,1.53503,1.33325,0.88551,0.46703,0.2548,-0.20011,-1.56822,-1.09982,-0.44296,-0.77554,-1.43582,-1.57627,-0.4678,0.31261,2.05933,1.25014,-0.2772,-1.05878,-1.75458,-2.02116,-1.81559,-1.79081,-1.45235,-1.31025,-1.34643,-0.88952,-0.79358,-0.43067,-0.96956,-0.71081,-0.93264,-0.40316,-1.0226,-1.4932,-1.46506,-1.04437,-0.28044,0.62608,0.9776,0.41219,-0.6518,-0.62273,-0.82298,-0.93348,0.69461,0.90408,0.92114,0.5162,0.1787,-0.49817,0.07468,0.65241,-0.25357,0.29987,-0.5437,-0.55953,0.23541,0.58692,0.56964,0.88913,0.49531,0.45347,-0.58776,-0.62452,-0.94465,-1.12685,-1.71011,-1.66917,-1.30272,-1.05767,0.16168,0.18425,1.61675,1.16124
SER28,0.51849,0.21605,0.21073,0.60611,0.69268,0.65545,0.68476,0.69098,0.68588,0.76391,0.60931,0.27298,0.14158,0.17041,-0.01891,-0.3578,-0.42478,-0.51431,-0.70387,-0.37582,-0.69323,-0.4927,0.31577,1.68974,1.22852,0.0,0.92683,1.24872,2.06433,1.96795,1.2803,1.63071,2.21827,1.85985,1.37728,1.01129,0.54878,0.13503,0.0348,-0.40826,-1.99482,-1.01766,0.11992,-0.38951,-1.36189,-1.70315,-0.57087,-0.3097,1.08168,0.50789,-0.82826,-1.3185,-1.89992,-2.1435,-2.1151,-1.93975,-1.56222,-1.15912,-1.06447,-0.45978,-0.39628,-0.13177,-0.74377,-0.76165,-1.06069,-0.7019,-1.33839,-1.86919,-1.78597,-1.47283,-0.58815,0.0919,0.41517,0.025,-1.04913,-1.24987,-1.14462,-1.20534,0.07429,0.25624,0.31465,-0.06552,-0.16632,-0.67782,-0.03424,0.77083,-0.30792,0.0202,-0.94965,-1.13599,-0.20831,0.2842,0.49201,0.92032,0.92117,0.99008,0.16421,0.07693,-0.25822,-0.71771,-1.21389,-0.99607,-0.42731,-0.07076,1.13033,1.17555,2.10141,1.02953
GLU29,0.13695,-0.16593,0.03559,0.25089,0.30859,0.17073,0.12259,0.16128,0.19534,0.1511,-0.08941,-0.19312,-0.24705,-0.36895,-0.51769,-0.63638,-0.68257,-0.58558,-0.65615,0.15818,-0.05513,0.36693,1.30004,1.74557,1.00208,0.92683,0.0,0.84476,1.36292,2.04084,1.58148,1.38651,1.84724,1.17523,0.83894,0.50398,0.20474,-0.02617,0.09495,-0.17125,-1.37397,-0.48381,0.47545,-0.03235,-0.69507,-0.94528,-0.13745,-0.31629,0.66059,0.15013,-1.08731,-1.45166,-1.89066,-1.8087,-1.72443,-1.45578,-1.07334,-0.69389,-0.57649,0.02837,0.09629,0.25904,-0.43458,-0.50374,-0.80579,-0.79405,-1.37233,-2.02818,-1.86235,-1.60675,-0.74906,-0.25377,-0.05672,-0.42358,-1.39952,-1.55365,-1.27753,-1.31638,-0.28902,-0.00675,0.15099,-0.36265,-0.41916,-0.84526,-0.40256,0.39757,-0.39846,-0.24677,-1.36446,-1.59896,-0.6287,-0.05847,0.32839,0.74432,1.04313,1.0308,0.82402,0.68182,0.09694,-0.47047,-0.72332,-0.36844,0.30193,0.77314,1.7434,1.46945,1.85842,0.71167
ALA30,-0.1596,-0.42875,-0.43659,-0.18328,0.00703,0.06733,-0.05819,-0.03548,0.19568,0.23765,-0.15335,-0.18177,-0.07214,-0.25749,-0.53585,-0.57813,-0.81729,-0.94362,-0.97236,-0.11747,-0.36357,0.16397,1.2794,1.49564,1.40011,1.24872,0.84476,0.0,0.66634,1.58622,1.66382,1.67565,2.42551,1.60468,1.23886,1.01572,0.9075,0.67436,1.02213,0.73037,-0.48383,0.1892,0.92835,0.22686,-0.39778,-0.7468,-0.27776,-0.28327,0.70588,-0.2044,-1.19573,-1.57685,-2.05561,-1.95721,-1.73792,-1.63681,-1.38975,-1.00072,-0.71723,-0.09788,0.0314,0.36454,-0.34578,-0.13742,-0.37778,-0.60595,-1.02551,-1.8984,-1.7461,-1.86158,-1.24026,-0.76879,-0.58232,-0.99557,-1.72104,-1.78567,-1.25942,-1.16774,-0.23746,0.06377,0.23969,-0.36639,-0.44647,-1.34775,-1.28502,-0.39285,-0.79828,-0.28959,-1.05834,-1.17163,0.11708,0.53091,0.98258,1.05359,0.8815,0.50795,-0.11132,-0.18734,-0.83886,-1.23526,-1.4397,-1.10134,-0.30522,0.20378,1.34466,1.34207,1.77556,1.09095
GLN31,0.4049,-0.0175,-0.21488,0.23453,0.44085,0.6573,0.57358,0.47409,0.78496,0.99082,0.58497,0.38088,0.53797,0.54301,0.0469,-0.27135,-0.66519,-0.91632,-0.94955,-0.63712,-0.98405,-0.66426,0.56758,1.60213,1.90047,2.06433,1.36292,0.66634,0.0,1.29947,0.80316,1.69788,2.08011,1.72309,1.31482,1.21461,1.0638,0.61638,0.94742,0.59663,-1.02327,-0.10178,1.11304,0.31893,-1.00002,-1.80557,-1.08274,-0.95993,0.22977,-0.31476,-1.11052,-1.61561,-2.13289,-2.19268,-1.84274,-1.74305,-1.75446,-1.44076,-1.10818,-0.33696,-0.16769,0.18722,-0.55833,-0.31218,-0.56302,-0.71029,-1.14079,-1.82606,-1.87138,-1.9033,-1.29067,-0.67857,-0.65784,-0.83506,-1.72322,-2.1127,-1.50595,-1.39677,-0.47582,-0.20522,-0.02663,-0.33885,-0.34445,-1.04753,-1.03073,-0.02154,-0.64244,-0.01269,-0.8095,-0.91043,0.47435,0.89829,1.391,1.65535,1.22018,0.74793,-0.16648,-0.23214,-0.74168,-1.4449,-1.81494,-1.37675,-0.5511,-0.09115,1.32995,1.57563,2.23609,1.50483
ALA32,0.30858,-0.20154,-0.03644,0.26223,0.3903,0.43055,0.30093,0.13578,0.47719,0.59444,0.09444,-0.11015,0.14907,0.04562,-0.45895,-0.69451,-1.07988,-1.06163,-0.91751,-0.44837,-0.68573,-0.47261,0.83503,1.628,1.53799,1.96795,2.04084,1.58622,1.29947,0.0,0.62863,1.44001,1.24734,0.4781,0.06904,-0.00548,0.07042,-0.19611,0.46903,0.46922,-0.76437,0.3868,1.74692,1.01368,-0.26649,-1.29921,-0.79013,-1.23571,-0.4356,-0.68974,-1.28179,-1.51338,-1.93798,-1.77665,-1.51537,-1.13312,-0.98655,-0.62126,-0.31183,0.52425,0.61552,0.7537,-0.10696,-0.06748,-0.38444,-0.70104,-1.02439,-1.70844,-1.63584,-1.81693,-1.20888,-0.81078,-0.80162,-0.93175,-1.67063,-2.25906,-1.52489,-1.42717,-0.92278,-0.85925,-0.61974,-0.71081,-0.49677,-0.91316,-0.85438,-0.06039,-0.56325,-0.36694,-1.22992,-1.58685,-0.12111,0.37317,0.97228,1.33812,1.48104,1.02655,0.60675,0.55188,0.20899,-0.6683,-1.1252,-0.45377,0.33498,0.80347,2.01161,2.09894,2.19637,1.29655
LEU33,-0.34803,-0.91667,-0.50119,-0.20843,-0.10441,-0.02999,-0.37968,-0.54169,-0.038,0.05441,-0.49438,-0.52222,-0.12618,-0.32938,-0.75943,-0.82639,-1.30201,-1.45691,-1.20068,-0.49273,-0.72154,-0.5261,0.59367,0.94292,0.75882,1.2803,1.58148,1.66382,0.80316,0.62863,0.0,0.91161,0.73037,-0.43121,-0.81233,-0.71806,-0.15482,-0.14174,1.03452,1.12173,0.57568,1.56709,2.31054,1.56881,0.96051,-0.10199,-0.41439,-1.19361,-0.92243,-1.25647,-1.51297,-1.46411,-1.59512,-1.43756,-1.09495,-0.70222,-0.47111,-0.04526,0.39371,1.13598,1.40062,1.56304,0.56265,0.54902,0.18387,-0.2653,-0.40358,-1.0862,-1.12317,-1.74353,-1.39612,-1.31953,-1.34033,-1.34443,-1.55553,-1.98667,-1.09797,-0.94849,-0.93009,-1.0787,-0.92028,-1.08059,-0.59423,-1.17043,-1.28735,-0.50658,-0.61403,-0.47621,-0.97977,-1.30059,0.21584,0.41456,1.08538,1.02408,1.3669,0.74054,0.46897,0.42901,0.00979,-0.70625,-0.8815,-0.1747,0.60537,1.00022,1.96926,2.08726,1.88906,1.20553
GLY34,-0.17966,-0.6466,-0.58993,-0.00027,0.29129,0.48789,0.1017,-0.20881,0.35566,0.603,0.08415,-0.00684,0.38355,0.29567,-0.17775,-0.3524,-1.13253,-1.60312,-1.51421,-0.9177,-1.11395,-1.10411,-0.09253,0.64838,1.25635,1.63071,1.38651,1.67565,1.69788,1.44001,0.91161,0.0,0.64104,-0.16067,-0.58618,-0.24522,0.37886,0.32061,1.6325,1.56803,0.3716,1.38438,2.34177,1.34825,0.31147,-0.92778,-0.96639,-1.38992,-0.87345,-1.35878,-1.51054,-1.59952,-1.80033,-1.72114,-1.40609,-1.13394,-1.00562,-0.64237,-0.24415,0.30493,0.74978,1.34889,0.39685,0.53611,0.15961,-0.2864,-0.37108,-1.07541,-1.26013,-1.92397,-1.57202,-1.28504,-1.26682,-1.25577,-1.46088,-1.83198,-1.05362,-0.92625,-0.83128,-0.85677,-0.75374,-0.9205,-0.54848,-1.196,-1.39529,-0.34461,-0.54463,-0.18112,-0.63843,-0.78447,0.89058,1.17859,1.69523,1.57002,1.30504,0.60857,-0.19106,-0.19766,-0.62217,-1.31695,-1.50638,-1.10288,-0.22865,0.25628,1.45498,1.73307,2.05093,1.54791
TRP35,-0.25271,-0.52352,-0.78317,-0.05941,0.46777,0.72067,0.28667,0.00746,0.43585,0.75445,0.3289,0.25059,0.59,0.55373,0.14703,-0.09314,-0.84643,-1.56473,-1.68399,-1.21031,-1.32421,-1.0847,0.11373,1.19399,2.13736,2.21827,1.84724,2.42551,2.08011,1.24734,0.73037,0.64104,0.0,-0.14334,0.21196,0.56426,1.06427,1.26906,2.49773,2.30784,0.47884,1.23736,1.93846,0.91821,-0.08158,-1.28191,-1.23662,-1.22723,-0.27376,-1.1338,-1.36976,-1.77297,-2.12182,-2.14055,-1.74856,-1.65,-1.54467,-1.36752,-0.9495,-0.59755,-0.21961,0.67722,-0.0661,0.37476,0.07041,-0.38485,-0.52672,-1.30898,-1.66499,-1.99318,-1.84677,-1.13243,-1.10276,-1.23145,-1.51299,-1.65788,-0.9794,-0.8733,-0.49469,-0.25773,-0.27281,-0.64457,-0.50464,-1.34736,-1.70983,-0.60315,-0.88985,-0.06644,-0.47435,-0.43882,1.40377,1.70635,2.17157,1.84053,1.07241,0.30269,-1.01809,-1.05985,-1.56617,-1.93225,-2.25095,-2.07264,-1.39275,-0.67137,0.87626,1.35831,1.957,1.64461
VAL36,0.18861,0.17475,-0.47115,0.42734,1.00431,1.30301,0.85888,0.46617,0.69547,0.99346,0.73799,0.55759,0.82105,0.91535,0.65337,0.3536,-0.24223,-0.90715,-1.28602,-1.20964,-1.4485,-1.14716,-0.25603,0.86763,1.83866,1.85985,1.17523,1.60468,1.72309,0.4781,-0.43121,-0.16067,-0.14334,0.0,0.96818,1.62513,1.8241,1.69743,2.03987,1.45595,-0.51294,0.12059,0.53429,-0.38177,-0.97249,-1.61864,-1.6238,-1.27734,-0.19475,-0.83832,-0.89277,-1.38955,-1.97521,-2.17047,-1.79033,-1.78224,-1.65027,-1.60962,-1.35149,-1.02231,-0.77814,-0.0517,-0.39412,0.1706,0.00241,-0.40848,-0.55155,-1.18539,-1.74986,-1.74311,-1.59481,-0.63794,-0.45778,-0.47078,-0.81373,-1.02609,-0.53713,-0.34721,-0.23127,0.83331,0.91956,0.17968,-0.00132,-0.61363,-1.16249,-0.22888,-0.79653,0.11593,-0.23064,0.02893,1.42906,1.73694,1.95538,1.86073,0.933,0.3867,-1.17915,-1.25202,-1.91781,-1.7818,-2.00937,-2.29006,-1.71575,-1.35806,0.25549,0.84526,1.42009,1.28045
ALA37,0.22031,0.38171,-0.27318,0.41023,0.99801,1.27459,1.04063,0.66189,0.60061,0.91118,0.74047,0.55893,0.6945,0.91346,0.85384,0.56185,0.1541,-0.39487,-0.74146,-0.81594,-1.08902,-0.7612,-0.03537,0.79568,1.53503,1.37728,0.83894,1.23886,1.31482,0.06904,-0.81233,-0.58618,0.21196,0.96818,0.0,1.54122,1.60836,1.85949,1.14761,0.65405,-0.8849,-0.67013,-0.66588,-1.17072,-1.29245,-1.33869,-1.27255,-0.76112,0.17203,-0.45592,-0.44622,-0.95675,-1.55807,-1.84702,-1.43152,-1.56165,-1.38134,-1.57025,-1.45026,-1.38605,-1.1277,-0.46712,-0.58422,0.02538,0.15636,-0.25795,-0.4549,-0.84962,-1.4236,-1.22407,-1.23027,-0.1851,0.1154,0.11732,-0.08227,-0.27645,-0.09595,0.04962,-0.05143,1.62804,1.83807,0.8752,0.39818,-0.09862,-0.8242,-0.23215,-0.81812,0.25664,0.05949,0.46044,1.4792,1.70294,1.57922,1.30672,0.37034,0.21109,-1.32997,-1.24408,-1.96756,-1.55616,-1.82101,-2.32097,-2.01883,-1.75915,-0.58042,0.07745,0.5867,0.537
SER38,0.21294,0.26602,-0.36063,0.2565,0.91482,1.3973,1.2277,0.89964,0.89217,1.12077,0.93792,0.6403,0.76076,1.01137,1.02772,0.70782,0.2203,-0.43391,-0.8254,-0.93016,-1.3125,-0.98231,-0.30121,0.58369,1.33325,1.01129,0.50398,1.01572,1.21461,-0.00548,-0.71806,-0.24522,0.56426,1.62513,1.54122,0.0,1.31369,1.92295,0.97519,0.15908,-0.93373,-0.63733,-0.84167,-1.45053,-1.32068,-1.47258,-1.46453,-0.76439,0.17189,-0.42103,-0.38285,-0.92422,-1.47781,-1.85072,-1.4708,-1.59911,-1.41619,-1.60004,-1.42851,-1.49884,-1.19273,-0.47905,-0.47202,0.12041,0.30484,0.00137,-0.10903,-0.64496,-1.18591,-1.09312,-1.21421,-0.17767,0.06455,0.08064,-0.02258,-0.00972,0.06563,0.39656,0.45936,1.92032,1.97572,0.97918,0.78867,-0.07226,-0.9301,-0.26835,-0.59163,0.59401,0.60731,0.98919,1.88645,2.00643,1.81541,1.36094,0.32423,0.0282,-1.80103,-1.74132,-2.38691,-1.96372,-2.15249,-2.58076,-2.19332,-1.81183,-0.64743,-0.00161,0.56139,0.60399
LYS39,0.02297,-0.14708,-0.79255,-0.26245,0.40924,0.95579,0.77275,0.53639,0.92145,1.10558,0.69623,0.52917,0.66053,0.81212,0.75954,0.62906,0.07786,-0.68173,-1.09562,-1.12434,-1.57234,-1.28244,-0.6052,0.18732,0.88551,0.54878,0.20474,0.9075,1.0638,0.07042,-0.15482,0.37886,1.06427,1.8241,1.60836,1.31369,0.0,1.08982,1.70484,0.18644,-0.56576,0.04537,-0.24894,-1.05417,-0.5886,-1.1325,-1.53603,-1.06993,-0.19292,-0.86648,-0.73754,-1.21608,-1.73766,-1.96861,-1.50224,-1.52357,-1.29493,-1.37546,-1.08084,-1.14306,-0.84388,-0.21788,-0.23601,0.3681,0.545,0.23135,0.28501,-0.49524,-1.20842,-1.2769,-1.4613,-0.67669,-0.45027,-0.58016,-0.41879,-0.10778,0.31105,0.86692,1.03514,1.86013,1.53228,0.56329,0.43022,-0.53277,-1.43289,-0.63078,-0.70724,0.54027,0.73211,1.16195,2.0765,1.97562,1.90046,1.29539,0.22636,-0.46138,-2.16876,-1.9947,-2.66383,-2.15721,-2.1188,-2.57673,-1.92725,-1.44354,-0.36764,0.27243,0.73368,1.01868
GLY40,-0.21333,-0.20624,-0.84404,-0.50264,0.03748,0.39761,0.31635,0.14195,0.58093,0.82763,0.46557,0.32613,0.48127,0.54734,0.49763,0.45573,0.04693,-0.59531,-0.96013,-0.85205,-1.13165,-0.93338,-0.48398,-0.04334,0.46703,0.13503,-0.02617,0.67436,0.61638,-0.19611,-0.14174,0.32061,1.26906,1.69743,1.85949,1.92295,1.08982,0.0,0.59623,-0.06497,-0.7507,-0.2397,-0.5467,-1.00874,-0.27857,-0.59215,-1.1218,-0.87622,-0.23824,-0.9337,-0.72125,-1.12175,-1.59796,-1.8381,-1.24691,-1.29708,-1.02658,-1.1412,-0.86633,-0.91009,-0.7076,-0.14631,-0.16235,0.378,0.59919,0.2873,0.3555,-0.26031,-1.06101,-1.24522,-1.40554,-0.70107,-0.49756,-0.58264,-0.15923,0.09076,0.52258,0.99558,1.14564,2.15556,1.77668,0.8245,0.34991,-0.42617,-1.50063,-0.95068,-0.8832,0.38152,0.77518,1.20588,2.24077,1.87087,1.62992,0.96629,0.05017,-0.54884,-2.17099,-2.04479,-2.62071,-1.83619,-1.73355,-2.38247,-1.93677,-1.34254,-0.48131,0.07949,0.23774,0.58899
ASN41,-0.59489,-0.88845,-1.27026,-0.86484,-0.31305,0.14878,-0.15491,-0.37123,0.58719,0.87513,0.19372,0.24076,0.52687,0.46206,0.19928,0.22325,-0.41016,-1.13959,-1.43705,-1.0962,-1.32031,-1.13514,-0.55351,-0.27815,0.2548,0.0348,0.09495,1.02213,0.94742,0.46903,1.03452,1.6325,2.49773,2.03987,1.14761,0.97519,1.70484,0.59623,0.0,-0.62115,-0.27125,0.76019,0.44613,-0.09772,0.63714,-0.27221,-0.986,-0.95683,-0.52288,-1.4203,-1.24666,-1.6612,-1.99443,-2.19148,-1.41364,-1.22264,-1.01418,-0.97297,-0.5087,-0.4398,-0.1373,0.39342,0.13358,0.69287,0.6797,0.33748,0.52014,-0.27955,-1.06677,-1.75637,-1.86584,-1.28642,-1.15081,-1.39426,-0.86341,-0.54492,0.28968,1.13077,1.66028,1.62045,0.80793,-0.09682,-0.1399,-1.23689,-2.16061,-1.37903,-0.99864,0.26683,0.76115,1.10153,2.41521,2.08671,2.0453,1.08077,0.21501,-0.87314,-2.359,-2.22903,-2.95733,-2.46852,-1.99166,-2.0261,-1.50404,-0.89261,0.15785,0.72074,0.75756,1.11162
LEU42,-0.62425,-0.76605,-0.91965,-0.84637,-0.50512,-0.06207,-0.40478,-0.80936,0.05308,0.34173,-0.37152,-0.21103,0.27779,0.09963,-0.22203,-0.20914,-0.6604,-1.04079,-0.98588,-0.68646,-0.63892,-0.8706,-0.53157,-0.63594,-0.20011,-0.40826,-0.17125,0.73037,0.59663,0.46922,1.12173,1.56803,2.30784,1.45595,0.65405,0.15908,0.18644,-0.06497,-0.62115,0.0,-0.59058,0.05182,0.73026,1.02804,1.02444,0.45746,0.18627,0.015,-0.28423,-1.4412,-1.06586,-1.20699,-1.44354,-1.56607,-0.91999,-0.70466,-0.5019,-0.48317,-0.13964,-0.09305,0.15639,0.54577,0.28699,0.56528,0.57374,0.07345,0.21471,-0.28873,-0.72156,-1.4263,-1.57143,-1.19263,-1.32579,-1.32823,-0.33765,-0.00076,1.04389,1.54816,0.50288,0.99677,0.57619,0.28141,-0.22793,-1.21061,-1.97663,-1.20389,-0.72241,-0.00225,0.34264,0.47747,1.89851,1.50057,1.75989,0.8005,0.07999,-0.90648,-1.87598,-1.62818,-1.98392,-1.4321,-1.50717,-1.35728,-0.96975,-0.54878,0.30524,0.8591,0.65293,0.88624
ALA43,-0.91829,-1.23687,-1.07438,-1.18428,-1.04846,-0.66621,-1.02679,-1.2784,-0.67739,-0.57591,-1.08269,-0.63957,-0.14742,-0.30439,-0.43053,-0.23575,-0.63856,-1.03099,-0.76736,-0.18669,-0.07583,-0.34178,-0.64919,-1.44262,-1.56822,-1.99482,-1.37397,-0.48383,-1.02327,-0.76437,0.57568,0.3716,0.47884,-0.51294,-0.8849,-0.93373,-0.56576,-0.7507,-0.27125,-0.59058,0.0,0.22403,0.30428,0.74637,1.63625,1.31315,0.68155,0.4129,-0.49649,-1.43843,-1.08587,-0.89485,-0.40898,-0.3237,0.19758,0.55729,0.5643,0.56343,0.90712,0.74845,1.0185,1.30054,1.1124,1.3371,1.18885,0.82936,1.09883,0.76828,0.67684,-0.44284,-1.03988,-1.17501,-1.28296,-1.31948,-0.26376,0.30857,0.94631,1.61917,1.4794,0.65959,0.05268,-0.13582,0.02008,-0.90392,-1.64287,-1.21293,-0.32631,0.13887,1.09908,1.08576,1.9743,1.28649,1.6201,0.33856,-0.08003,-0.99097,-1.40765,-1.48123,-1.46328,-1.29758,-0.55691,-0.13969,0.01733,0.30235,0.36935,0.70383,-0.15328,0.32523
ASP44,-0.67235,-1.28209,-1.13483,-0.9718,-0.6993,-0.26511,-0.63489,-0.93479,-0.18262,-0.01047,-0.5291,-0.28051,0.27303,0.06648,-0.30713,-0.22812,-0.8839,-1.37823,-1.07421,-0.54019,-0.63774,-0.75173,-0.748,-1.13263,-1.09982,-1.01766,-0.48381,0.1892,-0.10178,0.3868,1.56709,1.38438,1.23736,0.12059,-0.67013,-0.63733,0.04537,-0.2397,0.76019,0.05182,0.22403,0.0,0.20827,0.19488,1.06934,-0.01796,-0.39464,-0.94917,-1.44543,-2.13885,-1.86187,-1.52972,-0.92318,-0.62004,-0.15431,0.32465,0.38096,0.57602,1.03491,0.99278,1.26047,1.5365,1.17312,1.36034,1.07156,0.66726,0.95781,0.38405,0.21213,-1.10514,-1.64649,-1.98206,-2.00543,-2.0527,-1.15738,-0.79875,0.13225,0.74237,1.01264,0.01422,-0.56767,-0.84905,-0.24602,-1.32933,-1.8161,-1.2217,-0.34733,0.09806,0.95811,0.82586,1.88187,1.27172,1.94424,0.85681,0.58047,-0.57961,-1.00403,-1.32863,-1.3428,-1.68707,-0.76043,-0.01489,0.49963,0.87588,1.2058,1.64904,0.67698,0.82222
VAL45,-0.13711,-0.69714,-0.41054,-0.27183,-0.2835,0.14287,-0.17811,-0.66104,-0.02546,0.17891,-0.36066,-0.38771,0.30201,0.16795,-0.50801,-0.51439,-1.10001,-1.42013,-0.93023,-0.55106,-0.32429,-0.73099,-0.51504,-0.63747,-0.44296,0.11992,0.47545,0.92835,1.11304,1.74692,2.31054,2.34177,1.93846,0.53429,-0.66588,-0.84167,-0.24894,-0.5467,0.44613,0.73026,0.30428,0.20827,0.0,0.92525,0.18905,-0.90185,-0.40936,-1.20359,-1.71864,-2.30986,-2.10091,-1.6639,-1.2332,-0.85676,-0.4466,0.05078,0.0657,0.43477,0.90042,1.08188,1.27715,1.4042,0.91687,0.99871,0.57665,0.18604,0.23498,-0.28639,-0.3066,-1.25943,-1.39431,-1.8582,-2.11668,-2.06813,-1.30555,-1.26659,-0.17004,0.14277,-0.20179,-1.17992,-1.53979,-1.29318,-0.67109,-1.44161,-1.59882,-0.92655,-0.33911,-0.07203,0.13728,-0.16593,1.07204,0.8047,1.57681,0.94579,0.89289,-0.06368,-0.23192,-0.24769,-0.27105,-0.92444,-0.60665,0.3583,1.11716,1.41766,1.89448,2.30492,1.71322,1.38903
ALA46,-0.20485,-0.46542,-0.02454,-0.29417,-0.49008,-0.07325,-0.3407,-0.7944,-0.34343,-0.25956,-0.6143,-0.61239,-0.05833,-0.15218,-0.65366,-0.59275,-0.89073,-0.88582,-0.37522,-0.07768,0.43971,-0.19539,-0.25095,-0.73013,-0.77554,-0.38951,-0.03235,0.22686,0.31893,1.01368,1.56881,1.34825,0.91821,-0.38177,-1.17072,-1.45053,-1.05417,-1.00874,-0.09772,1.02804,0.74637,0.19488,0.92525,0.0,-0.72695,-1.11471,0.06785,-0.69994,-1.46423,-1.90031,-1.70967,-1.1964,-0.66881,-0.2739,0.05749,0.49104,0.4799,0.76085,1.12502,1.27387,1.33228,1.30142,0.92537,0.90322,0.61812,0.29386,0.2722,-0.10348,-0.0628,-0.69549,-0.66567,-1.14115,-1.42539,-1.52027,-0.55324,-0.5648,0.30625,0.22523,-0.40071,-1.3041,-1.49346,-1.04565,-0.57263,-0.89676,-0.97538,-0.66477,-0.11497,-0.06632,0.09572,-0.25536,0.56454,0.27515,0.89912,0.32808,0.50976,-0.00114,0.30821,0.45839,0.56199,0.00825,-0.00907,0.87325,1.344,1.66476,1.63812,1.86977,1.15275,0.95789
PRO47,-0.91567,-1.08316,-0.66317,-1.11376,-1.22314,-0.86277,-1.18677,-1.39902,-0.92274,-0.94969,-1.27079,-0.94804,-0.42587,-0.59918,-0.783,-0.36363,-0.64651,-0.71831,-0.32105,0.24674,0.48322,0.14474,-0.18373,-1.05405,-1.43582,-1.36189,-0.69507,-0.39778,-1.00002,-0.26649,0.96051,0.31147,-0.08158,-0.97249,-1.29245,-1.32068,-0.5886,-0.27857,0.63714,1.02444,1.63625,1.06934,0.18905,-0.72695,0.0,-1.09461,-0.68755,-1.05657,-1.65984,-1.90159,-1.661,-1.06179,-0.32869,0.16127,0.66489,1.01811,1.00212,1.21667,1.54285,1.47562,1.56287,1.50877,1.27933,1.3466,1.12071,0.80042,0.86177,0.41895,0.39061,-0.45856,-0.63642,-0.98011,-1.23567,-1.58203,-0.23816,0.11834,0.6355,0.57541,0.49888,-0.46573,-0.8172,-0.73003,-0.17483,-0.58777,-0.97068,-0.77171,0.01016,-0.06941,0.53715,0.26814,0.6767,0.14667,0.64326,-0.16406,0.07317,-0.3975,-0.04885,0.12543,-0.02154,-0.10984,0.32618,0.80768,1.00757,1.40954,1.16393,1.14042,0.03882,0.20683
GLY48,-0.761,-0.63945,-0.20333,-1.13906,-1.74286,-1.55011,-1.59776,-1.6902,-1.52978,-1.71824,-1.67528,-1.2309,-0.90078,-1.17794,-0.93548,-0.27194,-0.07154,0.08827,0.77147,1.46706,2.04163,1.30581,0.51815,-0.97052,-1.57627,-1.70315,-0.94528,-0.7468,-1.80557,-1.29921,-0.10199,-0.92778,-1.28191,-1.61864,-1.33869,-1.47258,-1.1325,-0.59215,-0.27221,0.45746,1.31315,-0.01796,-0.90185,-1.11471,-1.09461,0.0,-0.23554,-0.46076,-1.44486,-1.52259,-1.24328,-0.46635,0.39268,0.85626,1.28675,1.49476,1.40665,1.47137,1.65007,1.45479,1.60126,1.4584,1.37641,1.28097,1.20468,0.86617,1.0427,0.88424,0.85768,0.14174,-0.1645,-0.39024,-0.41278,-0.71692,0.56593,1.29681,1.52732,1.08322,0.58227,0.16136,0.08073,-0.04973,-0.15336,-0.22417,-0.34553,-0.26369,0.44926,-0.05862,0.69261,0.48348,0.27224,-0.31575,-0.0534,-0.70147,-0.25251,-0.52805,0.1931,0.34086,0.32721,0.57122,0.81715,0.83494,0.84854,1.20619,0.53248,0.10136,-1.22538,-0.75217
LYS49,0.194,0.12987,0.49104,-0.45523,-1.45907,-1.40096,-1.08313,-1.06022,-1.30836,-1.42139,-1.22616,-1.09773,-0.9887,-1.06377,-0.87735,-0.61368,-0.02651,0.57601,1.72449,2.61786,3.6943,2.66253,1.69909,0.20718,-0.4678,-0.57087,-0.13745,-0.27776,-1.08274,-0.79013,-0.41439,-0.96639,-1.23662,-1.6238,-1.27255,-1.46453,-1.53603,-1.1218,-0.986,0.18627,0.68155,-0.39464,-0.40936,0.06785,-0.68755,-0.23554,0.0,-0.35118,-1.58628,-1.57933,-1.53935,-0.94615,-0.14209,0.38372,0.69311,0.9987,0.98816,1.10423,1.09446,1.16694,1.17178,1.08381,0.97973,0.78345,0.6098,0.51397,0.5958,0.41863,0.44871,-0.02126,0.00334,-0.26855,-0.08853,-0.36406,0.30329,1.20822,1.00272,0.60634,0.7161,0.19625,0.07615,-0.02155,-0.37883,-0.48805,-0.16321,-0.01223,0.4283,-0.00345,0.28938,0.02339,0.00803,-0.30492,-0.08439,-0.51857,-0.07403,-0.30956,0.37033,0.57264,0.67922,0.71343,0.61865,0.65231,0.65646,1.11873,0.57018,0.12247,-0.7188,-0.5553
SER50,0.39332,0.65053,0.65781,-0.09737,-0.80801,-0.76822,-0.49469,-0.34378,-0.79692,-1.00093,-0.63842,-0.48192,-0.61512,-0.58903,-0.32239,-0.21046,0.55157,1.35237,2.10267,3.13322,3.80064,3.11799,2.14778,0.80661,0.31261,-0.3097,-0.31629,-0.28327,-0.95993,-1.23571,-1.19361,-1.38992,-1.22723,-1.27734,-0.76112,-0.76439,-1.06993,-0.87622,-0.95683,0.015,0.4129,-0.94917,-1.20359,-0.69994,-1.05657,-0.46076,-0.35118,0.0,-0.9185,-1.49563,-1.41154,-0.96791,-0.24656,-0.0588,0.21742,0.31879,0.34629,0.36943,0.30463,0.22255,0.25559,0.27148,0.39728,0.42796,0.36146,0.51114,0.50925,0.45613,0.48655,0.3711,0.23992,0.5177,0.91412,0.5451,0.8436,1.89651,1.05945,0.6849,1.52145,0.99578,0.89936,0.66032,0.50368,0.46769,0.4944,0.3229,0.32718,0.29222,0.62573,0.52508,0.36565,0.06124,-0.0688,-0.55853,-0.54113,-0.39459,-0.07584,0.08627,0.17339,0.34877,0.29121,0.16351,-0.06153,-0.08919,-0.41911,-0.62482,-1.06704,-0.63231
ILE51,1.04892,1.01065,0.60326,0.27628,0.17509,0.00685,0.21255,0.81225,0.46995,0.13982,0.58196,0.75482,0.18926,0.23408,0.50916,0.49358,1.22466,1.9196,1.4288,2.07127,2.32978,3.29095,2.996,2.68444,2.05933,1.08168,0.66059,0.70588,0.22977,-0.4356,-0.92243,-0.87345,-0.27376,-0.19475,0.17203,0.17189,-0.19292,-0.23824,-0.52288,-0.28423,-0.49649,-1.44543,-1.71864,-1.46423,-1.65984,-1.44486,-1.58628,-0.9185,0.0,-1.3705,-1.79732,-1.53827,-1.0974,-1.11921,-1.0286,-1.18047,-1.05801,-1.00464,-1.05804,-0.92356,-0.83032,-0.74132,-0.79966,-0.57797,-0.41295,0.00884,-0.18352,-0.22387,-0.04366,0.48288,0.73686,1.5636,1.78323,0.94049,0.29898,0.84974,-0.20358,-0.40634,1.83686,1.65029,1.70541,1.24518,1.26239,1.0674,1.4093,1.25069,0.67796,1.06188,0.6859,0.66616,0.69358,0.75194,0.42585,0.43712,0.1005,0.59104,0.07363,-0.10861,-0.46844,-0.19616,-0.32739,-0.57894,-0.64224,-0.52924,-0.18732,-0.13209,0.38323,0.32741
GLY52,1.31355,1.68491,1.61315,1.28489,1.32101,0.88068,1.03735,1.771,1.41524,0.93338,1.58909,1.88206,0.91813,0.82048,1.24417,1.2025,2.01446,3.10252,1.97515,1.30965,1.55432,2.79775,2.22765,1.91198,1.25014,0.50789,0.15013,-0.2044,-0.31476,-0.68974,-1.25647,-1.35878,-1.1338,-0.83832,-0.45592,-0.42103,-0.86648,-0.9337,-1.4203,-1.4412,-1.43843,-2.13885,-2.30986,-1.90031,-1.90159,-1.52259,-1.57933,-1.49563,-1.3705,0.0,-1.50692,-1.01075,-0.55556,-0.55868,-0.65624,-0.99935,-0.86414,-0.94879,-1.27199,-1.21696,-1.31535,-1.54842,-1.4459,-1.46419,-1.13195,-0.50374,-0.78204,-0.24306,0.40612,1.76149,2.259,2.78354,2.39876,1.80844,1.02971,0.8498,-0.11783,-0.45786,0.97366,0.88595,1.29053,1.36151,1.58379,2.17034,2.79973,2.78064,1.86424,1.6561,0.58768,0.50841,-0.27844,0.29153,-0.32838,0.57115,0.67576,1.5534,1.47452,1.27187,0.88424,1.24966,0.96978,0.59335,0.24472,-0.02371,-0.15587,-0.38947,0.4111,0.50102
GLY53,1.21103,1.78547,1.76848,1.44661,1.63426,1.24276,1.3908,2.03004,1.67724,1.2786,2.06432,2.4417,1.57195,1.19933,1.60895,1.68296,2.12952,2.92134,1.56765,-0.21428,0.11253,0.8548,0.14581,0.07604,-0.2772,-0.82826,-1.08731,-1.19573,-1.11052,-1.28179,-1.51297,-1.51054,-1.36976,-0.89277,-0.44622,-0.38285,-0.73754,-0.72125,-1.24666,-1.06586,-1.08587,-1.86187,-2.10091,-1.70967,-1.661,-1.24328,-1.53935,-1.41154,-1.79732,-1.50692,0.0,-0.15313,-0.17474,-0.23236,-0.56792,-0.80204,-0.70709,-0.88768,-1.45153,-1.50171,-1.66345,-1.97246,-1.49724,-1.62843,-1.11139,-0.84913,-0.83554,0.21195,1.16805,2.95805,3.12092,3.11706,2.26608,2.01323,1.52651,1.10566,0.35681,0.13652,0.23062,0.38236,1.10126,1.5472,1.83939,2.68094,3.00612,2.73881,2.14088,2.09262,1.12132,1.15495,-0.04791,0.79233,-0.10941,0.96189,0.6647,1.66051,1.73248,1.93361,1.40621,2.13477,1.61908,1.0054,0.226,-0.05888,-0.55827,-0.64459,0.1962,0.46089
ASP54,1.12594,1.68785,1.77426,1.3265,1.39202,0.87022,0.89674,1.40728,1.07405,0.70817,1.34356,1.83696,1.17298,0.98539,1.11041,1.26206,1.80542,2.51908,1.81989,0.34671,0.45129,0.49198,-0.66942,-1.00632,-1.05878,-1.3185,-1.45166,-1.57685,-1.61561,-1.51338,-1.46411,-1.59952,-1.77297,-1.38955,-0.95675,-0.92422,-1.21608,-1.12175,-1.6612,-1.20699,-0.89485,-1.52972,-1.6639,-1.1964,-1.06179,-0.46635,-0.94615,-0.96791,-1.53827,-1.01075,-0.15313,0.0,0.1307,0.03657,-0.7023,-0.5295,-0.37989,-0.33946,-0.70115,-0.8521,-1.03479,-1.53238,-0.91421,-1.06857,-0.64454,-0.43503,-0.29397,1.04507,2.2144,3.66004,3.25854,2.56514,1.98278,1.73202,1.56031,0.88045,0.51617,0.24913,-0.32634,-0.36759,0.14239,0.84621,1.18541,2.41688,2.57537,2.20857,2.21374,1.8434,1.36172,1.52962,0.07569,0.69807,-0.21056,0.74146,0.62911,1.23666,1.55579,1.66341,1.7234,2.44432,1.98916,1.42586,0.82631,0.35101,-0.45637,-0.5158,-0.14575,0.18402
ILE55,0.90228,1.49939,1.77341,1.04983,0.72887,0.43085,0.45069,0.65953,0.39211,-0.00186,0.42673,0.8509,0.63056,0.36869,0.46464,0.74489,1.23056,1.88593,1.84028,0.76462,0.97749,0.50947,-0.91859,-1.5608,-1.75458,-1.89992,-1.89066,-2.05561,-2.13289,-1.93798,-1.59512,-1.80033,-2.12182,-1.97521,-1.55807,-1.47781,-1.73766,-1.59796,-1.99443,-1.44354,-0.40898,-0.92318,-1.2332,-0.66881,-0.32869,0.39268,-0.14209,-0.24656,-1.0974,-0.55556,-0.17474,0.1307,0.0,0.43189,-0.44679,-0.05358,-0.03804,0.16382,0.00259,-0.21578,-0.29951,-0.79868,-0.22087,-0.43974,-0.02326,0.3884,0.83585,2.47334,3.8491,4.03548,3.08454,1.83051,1.37848,1.37666,1.49802,0.90183,0.68582,0.35911,-0.2961,-0.6689,-0.52725,0.17539,0.40578,1.70267,1.99808,1.64934,2.10004,1.76118,2.13183,2.02701,0.47186,0.64386,-0.06586,0.21695,0.17095,0.36956,1.03727,1.17233,1.43213,2.09235,1.69875,1.35798,0.81236,0.49194,-0.66115,-0.78597,-0.55358,-0.29487
PHE56,0.71382,1.04088,1.64742,0.88202,0.44108,0.19073,0.16991,0.31034,0.22216,-0.21144,-0.06494,0.31128,0.34567,0.13097,0.11536,0.43747,0.84784,1.50065,1.93715,1.08759,1.17231,0.50631,-0.57255,-1.60593,-2.02116,-2.1435,-1.8087,-1.95721,-2.19268,-1.77665,-1.43756,-1.72114,-2.14055,-2.17047,-1.84702,-1.85072,-1.96861,-1.8381,-2.19148,-1.56607,-0.3237,-0.62004,-0.85676,-0.2739,0.16127,0.85626,0.38372,-0.0588,-1.11921,-0.55868,-0.23236,0.03657,0.43189,0.0,-0.2051,0.82051,0.47641,0.48387,0.48714,0.24375,0.41181,-0.2887,0.03064,-0.34354,-0.03804,0.43352,0.77314,2.14461,3.85385,3.47125,2.75749,1.189,0.65637,0.73676,1.0343,0.64005,0.75142,0.34933,-0.40471,-0.78704,-0.86689,-0.45563,-0.75686,0.53855,1.53562,1.54686,2.04682,1.23149,1.48547,1.18079,-0.1799,-0.12961,-0.34219,0.16059,0.36324,0.13393,1.08145,1.30943,1.84783,2.14993,1.95051,1.71585,1.10491,0.95006,-0.20056,-0.47944,-0.28661,0.04392
SER57,0.62472,1.16152,1.52301,0.87792,0.25661,0.18436,0.18943,-0.06833,-0.21181,-0.35974,-0.37036,-0.18185,0.06418,0.04213,0.10478,0.26276,0.66932,1.10161,1.77505,1.3625,1.18123,0.43777,-0.35495,-1.39256,-1.81559,-2.1151,-1.72443,-1.73792,-1.84274,-1.51537,-1.09495,-1.40609,-1.74856,-1.79033,-1.43152,-1.4708,-1.50224,-1.24691,-1.41364,-0.91999,0.19758,-0.15431,-0.4466,0.05749,0.66489,1.28675,0.69311,0.21742,-1.0286,-0.65624,-0.56792,-0.7023,-0.44679,-0.2051,0.0,1.22837,1.58441,0.81624,0.71982,0.23911,0.44394,0.07803,0.32105,-0.02143,0.06243,0.30442,0.5368,1.5063,2.28893,1.81344,1.31406,0.48148,0.1542,0.35159,0.86228,0.67926,0.86269,0.48698,-0.28106,-0.566,-0.57686,-0.34969,-0.75982,0.05923,0.49707,0.62102,0.97435,0.1512,0.5146,0.46017,-0.47408,-0.61838,-0.80344,-0.77559,-0.26523,-0.25126,0.47312,0.71272,1.1516,1.62289,1.2167,0.94516,0.38794,0.19564,-0.64809,-0.9234,-0.96759,-0.60307
ASN58,0.583,0.71693,1.16613,0.27951,-0.51351,-0.47415,-0.28239,-0.69084,-0.8986,-0.88667,-0.94098,-0.86914,-0.51584,-0.45652,-0.40404,-0.23171,0.25222,0.82712,1.87765,1.76156,1.4824,0.45858,-0.34071,-1.36206,-1.79081,-1.93975,-1.45578,-1.63681,-1.74305,-1.13312,-0.70222,-1.13394,-1.65,-1.78224,-1.56165,-1.59911,-1.52357,-1.29708,-1.22264,-0.70466,0.55729,0.32465,0.05078,0.49104,1.01811,1.49476,0.9987,0.31879,-1.18047,-0.99935,-0.80204,-0.5295,-0.05358,0.82051,1.22837,0.0,1.31586,1.53303,1.37096,0.85482,1.28041,0.78657,0.73552,0.22418,-0.01698,0.24226,0.42822,1.04453,1.8891,1.10208,0.82413,-0.03372,-0.31267,-0.14859,0.43929,0.30774,0.7811,0.38199,-0.32652,-0.82892,-1.02734,-0.8276,-1.20557,-0.64973,-0.12901,-0.04877,0.60512,-0.23017,0.19319,-0.12862,-0.71299,-0.97572,-0.68288,-0.97633,-0.1152,-0.32567,0.55117,0.62242,1.22434,1.4132,1.17337,1.17657,0.83119,0.86856,-0.1191,-0.42424,-0.90369,-0.69613
ARG59,0.50983,0.68595,0.96964,0.32915,-0.39572,-0.27319,-0.08396,-0.42187,-0.58625,-0.48718,-0.67096,-0.63689,-0.28731,-0.17772,-0.10631,0.07168,0.50247,1.07334,2.19511,1.90451,1.61069,0.62114,-0.1818,-1.03519,-1.45235,-1.56222,-1.07334,-1.38975,-1.75446,-0.98655,-0.47111,-1.00562,-1.54467,-1.65027,-1.38134,-1.41619,-1.29493,-1.02658,-1.01418,-0.5019,0.5643,0.38096,0.0657,0.4799,1.00212,1.40665,0.98816,0.34629,-1.05801,-0.86414,-0.70709,-0.37989,-0.03804,0.47641,1.58441,1.31586,0.0,1.01604,1.1108,0.39406,0.29794,0.10574,0.41349,0.05711,-0.06997,0.08317,0.18778,0.67251,1.13909,0.55815,0.29782,-0.28189,-0.46713,-0.18183,0.42415,0.30659,0.75278,0.43998,-0.20932,-0.64764,-0.85829,-0.7911,-1.12409,-0.69436,-0.469,-0.35113,0.20905,-0.54275,-0.14588,-0.40314,-0.96322,-1.16427,-0.87189,-1.0561,-0.3323,-0.34227,0.43756,0.63549,1.32308,1.46113,1.02386,0.82941,0.4118,0.40105,-0.39652,-0.61701,-0.93281,-0.63064
GLU60,0.434,0.2907,0.45425,-0.10612,-0.76543,-0.60948,-0.31899,-0.75673,-0.78992,-0.68486,-0.8777,-0.94502,-0.56127,-0.37901,-0.26298,-0.13185,0.30334,0.8297,2.31939,2.37304,1.8534,0.75172,-0.03954,-0.97044,-1.31025,-1.15912,-0.69389,-1.00072,-1.44076,-0.62126,-0.04526,-0.64237,-1.36752,-1.60962,-1.57025,-1.60004,-1.37546,-1.1412,-0.97297,-0.48317,0.56343,0.57602,0.43477,0.76085,1.21667,1.47137,1.10423,0.36943,-1.00464,-0.94879,-0.88768,-0.33946,0.16382,0.48387,0.81624,1.53303,1.01604,0.0,0.71256,1.10459,0.45861,0.06498,0.25933,-0.05997,-0.22114,-0.00426,0.17018,0.51461,0.94353,0.25131,0.06824,-0.66259,-0.88136,-0.62184,0.04349,-0.06144,0.52558,0.3073,-0.24072,-0.72708,-1.01654,-0.99705,-1.37527,-0.98077,-0.64246,-0.50564,0.22999,-0.60284,-0.20501,-0.64602,-1.00777,-1.2476,-0.65869,-0.80244,-0.04565,-0.24628,0.62921,0.76627,1.73719,1.59343,1.24716,1.35163,1.02115,1.07419,0.02434,-0.24365,-0.73969,-0.47325
GLY61,0.29457,-0.08189,0.08046,-0.41993,-0.96591,-0.79045,-0.48199,-1.08477,-1.0963,-0.90502,-1.15927,-1.52719,-1.06398,-0.82351,-0.76371,-0.65525,-0.47713,-0.10766,1.71806,2.33717,1.89221,0.5773,-0.12159,-1.12957,-1.34643,-1.06447,-0.57649,-0.71723,-1.10818,-0.31183,0.39371,-0.24415,-0.9495,-1.35149,-1.45026,-1.42851,-1.08084,-0.86633,-0.5087,-0.13964,0.90712,1.03491,0.90042,1.12502,1.54285,1.65007,1.09446,0.30463,-1.05804,-1.27199,-1.45153,-0.70115,0.00259,0.48714,0.71982,1.37096,1.1108,0.71256,0.0,0.18736,1.09548,0.51477,0.32868,0.06491,-0.20468,0.02963,0.40015,0.44149,0.72385,-0.25432,-0.45815,-1.17398,-1.29084,-1.07712,-0.30655,-0.2974,0.49488,0.36375,-0.14914,-0.61177,-0.92029,-0.92583,-1.28138,-1.20373,-0.94072,-0.82334,-0.05867,-0.65007,0.02433,-0.49398,-0.53031,-0.91291,-0.19657,-0.69949,0.05853,-0.57716,0.26824,0.4947,1.5279,1.1844,1.21278,1.56168,1.42562,1.40226,0.3183,0.09145,-0.78485,-0.65149
LYS62,0.21646,-0.48025,-0.37153,-0.87375,-1.33702,-1.08258,-0.75302,-1.25605,-1.25955,-1.02445,-1.13037,-1.40577,-1.04567,-0.75581,-0.6704,-0.58589,-0.40489,-0.20714,1.51947,2.35309,2.14992,0.87899,0.27047,-0.60745,-0.88952,-0.45978,0.02837,-0.09788,-0.33696,0.52425,1.13598,0.30493,-0.59755,-1.02231,-1.38605,-1.49884,-1.14306,-0.91009,-0.4398,-0.09305,0.74845,0.99278,1.08188,1.27387,1.47562,1.45479,1.16694,0.22255,-0.92356,-1.21696,-1.50171,-0.8521,-0.21578,0.24375,0.23911,0.85482,0.39406,1.10459,0.18736,0.0,0.68525,0.21002,-0.04264,-0.3043,-0.48234,-0.064,0.40999,0.40568,0.42862,-0.51936,-0.50614,-1.13925,-1.34189,-1.32968,-0.72009,-0.68717,0.31149,0.16148,-0.31753,-0.77424,-1.03689,-0.99148,-1.35569,-1.32668,-0.8863,-0.70614,-0.02612,-0.50995,0.14361,-0.50107,-0.46693,-0.9032,0.03833,-0.37157,0.36725,-0.22708,0.53058,0.67963,1.94031,1.29531,1.26899,2.02103,1.93972,2.08103,0.92176,0.67036,-0.13394,-0.22204
LEU63,0.12735,-0.73843,-0.64912,-1.19528,-1.80666,-1.37037,-1.05823,-1.68791,-1.66951,-1.51897,-1.65444,-1.83916,-1.34468,-1.28994,-1.19844,-1.01319,-0.913,-0.81001,0.7591,2.01729,1.90746,0.74085,0.34003,-0.6312,-0.79358,-0.39628,0.09629,0.0314,-0.16769,0.61552,1.40062,0.74978,-0.21961,-0.77814,-1.1277,-1.19273,-0.84388,-0.7076,-0.1373,0.15639,1.0185,1.26047,1.27715,1.33228,1.56287,1.60126,1.17178,0.25559,-0.83032,-1.31535,-1.66345,-1.03479,-0.29951,0.41181,0.44394,1.28041,0.29794,0.45861,1.09548,0.68525,0.0,0.37036,0.01136,-0.25926,-0.55419,-0.16271,0.61973,0.49011,0.4246,-0.78177,-0.80217,-1.24863,-1.33074,-1.4544,-0.93388,-0.79219,0.27201,0.21932,-0.11549,-0.62402,-0.89427,-0.88327,-1.12139,-1.30779,-1.01228,-0.77702,-0.01468,-0.42527,0.47301,-0.07547,0.40313,-0.39915,0.66789,-0.18954,0.44536,-0.43344,0.11788,0.19879,0.97882,0.64144,0.95622,1.57581,1.6538,2.06223,1.18377,0.96065,-0.20178,-0.39982
PRO64,0.13195,-0.73471,-0.71651,-1.12137,-1.70888,-1.34483,-1.06703,-1.61114,-1.80853,-1.444,-1.59029,-1.90757,-1.36149,-1.26424,-1.29048,-1.19189,-1.11803,-1.25864,0.17729,1.53619,1.48693,0.50922,0.38465,-0.41041,-0.43067,-0.13177,0.25904,0.36454,0.18722,0.7537,1.56304,1.34889,0.67722,-0.0517,-0.46712,-0.47905,-0.21788,-0.14631,0.39342,0.54577,1.30054,1.5365,1.4042,1.30142,1.50877,1.4584,1.08381,0.27148,-0.74132,-1.54842,-1.97246,-1.53238,-0.79868,-0.2887,0.07803,0.78657,0.10574,0.06498,0.51477,0.21002,0.37036,0.0,-0.42606,0.02381,-0.57331,-0.2645,0.80561,0.53368,0.02219,-1.46429,-1.56011,-1.60017,-1.35845,-1.34674,-0.83724,-0.6335,0.27102,0.36577,0.20482,-0.17492,-0.48229,-0.60007,-0.79814,-1.17692,-1.29193,-1.28436,-0.75268,-0.66656,0.48924,0.16668,1.19295,0.07862,1.05148,-0.45094,-0.37201,-1.08192,-0.67217,-0.35803,0.24496,0.04254,0.28849,0.86754,0.9489,1.06111,0.52881,0.82834,-0.44049,-0.49444
GLY65,0.21566,-0.17364,-0.14928,-0.63772,-1.29882,-1.07945,-0.9544,-1.45495,-1.55616,-1.17438,-1.22521,-1.63062,-1.08679,-0.94519,-1.07758,-1.02451,-1.01314,-0.98797,0.33278,1.15575,1.24533,0.16586,-0.22315,-0.96155,-0.96956,-0.74377,-0.43458,-0.34578,-0.55833,-0.10696,0.56265,0.39685,-0.0661,-0.39412,-0.58422,-0.47202,-0.23601,-0.16235,0.13358,0.28699,1.1124,1.17312,0.91687,0.92537,1.27933,1.37641,0.97973,0.39728,-0.79966,-1.4459,-1.49724,-0.91421,-0.22087,0.03064,0.32105,0.73552,0.41349,0.25933,0.32868,-0.04264,0.01136,-0.42606,0.0,-0.06585,0.26539,-0.83034,0.2812,0.28094,-0.19065,-1.24767,-1.38022,-1.33581,-1.03312,-0.73531,-0.1672,0.00308,0.61209,0.67258,0.26606,-0.0095,-0.26607,-0.26008,-0.45903,-0.65461,-0.95945,-1.02052,-0.6629,-0.70648,0.39078,0.32236,0.88175,0.13309,0.81229,-0.84177,-0.6275,-0.92672,-0.62591,-0.30882,0.17049,0.11177,0.28618,0.74283,0.81137,0.73464,0.15064,0.26047,-1.04127,-0.75776
LYS66,0.26609,-0.16811,-0.1399,-0.54562,-1.24676,-1.19562,-1.07066,-1.65092,-1.77951,-1.43092,-1.51982,-1.75773,-1.34599,-1.18289,-1.16409,-1.00287,-1.15508,-1.26827,-0.24853,0.65043,0.74318,0.00703,-0.38976,-0.95293,-0.71081,-0.76165,-0.50374,-0.13742,-0.31218,-0.06748,0.54902,0.53611,0.37476,0.1706,0.02538,0.12041,0.3681,0.378,0.69287,0.56528,1.3371,1.36034,0.99871,0.90322,1.3466,1.28097,0.78345,0.42796,-0.57797,-1.46419,-1.62843,-1.06857,-0.43974,-0.34354,-0.02143,0.22418,0.05711,-0.05997,0.06491,-0.3043,-0.25926,0.02381,-0.06585,0.0,0.82934,-0.98464,0.5646,0.27513,-0.48697,-1.51312,-1.69561,-1.57031,-0.9367,-0.7364,-0.01276,0.1657,0.60034,0.68414,0.50395,0.19265,-0.04489,-0.20412,-0.35318,-0.55735,-0.96074,-1.29684,-1.08832,-0.78255,0.50686,0.65548,1.30387,0.29883,1.12946,-0.99148,-1.22141,-1.15661,-0.87085,-0.61779,-0.18374,-0.264,-0.19576,0.24681,0.39427,0.29407,-0.15749,-0.04818,-0.98534,-0.87766
SER67,-0.04402,-0.03958,-0.03861,-0.34381,-0.7483,-0.72313,-0.86097,-1.40618,-1.55711,-1.19444,-1.22594,-1.39646,-0.99615,-0.88808,-0.8919,-0.67109,-0.75192,-0.84361,-0.1166,0.38535,0.44791,-0.14323,-0.66591,-1.21934,-0.93264,-1.06069,-0.80579,-0.37778,-0.56302,-0.38444,0.18387,0.15961,0.07041,0.00241,0.15636,0.30484,0.545,0.59919,0.6797,0.57374,1.18885,1.07156,0.57665,0.61812,1.12071,1.20468,0.6098,0.36146,-0.41295,-1.13195,-1.11139,-0.64454,-0.02326,-0.03804,0.06243,-0.01698,-0.06997,-0.22114,-0.20468,-0.48234,-0.55419,-0.57331,0.26539,0.82934,0.0,-2.91822,0.12091,-0.05167,-0.72306,-1.29532,-1.39578,-1.3902,-0.75838,-0.47032,0.33415,0.53212,0.79828,0.83431,0.5474,0.3159,0.10062,0.1616,-0.0951,-0.20201,-0.72987,-1.03211,-0.81502,-0.61391,0.62048,0.91611,1.09446,0.20428,0.7798,-0.93686,-1.28396,-1.05162,-0.82934,-0.59401,-0.2184,-0.21863,-0.14872,0.21238,0.33084,0.24921,-0.09969,-0.17561,-0.823,-0.61067
GLY68,0.37257,0.20805,0.37362,0.16632,-0.29516,-0.36223,-0.29834,-0.71704,-1.00222,-0.84998,-0.77448,-1.01821,-0.81055,-0.61064,-0.6667,-0.50507,-0.4545,-0.46476,0.15438,0.48283,0.64277,0.078,-0.33233,-0.61638,-0.40316,-0.7019,-0.79405,-0.60595,-0.71029,-0.70104,-0.2653,-0.2864,-0.38485,-0.40848,-0.25795,0.00137,0.23135,0.2873,0.33748,0.07345,0.82936,0.66726,0.18604,0.29386,0.80042,0.86617,0.51397,0.51114,0.00884,-0.50374,-0.84913,-0.43503,0.3884,0.43352,0.30442,0.24226,0.08317,-0.00426,0.02963,-0.064,-0.16271,-0.2645,-0.83034,-0.98464,-2.91822,0.0,1.24014,0.33016,-0.92639,-1.25841,-1.0985,-1.07965,-0.4398,-0.40074,0.33399,0.50203,0.64081,0.65249,0.73856,0.27896,-0.21746,-0.1946,-0.27715,-0.29942,-0.41412,-0.67413,-0.67107,-0.46926,1.12162,1.86855,1.48331,0.44071,0.2799,-0.88367,-1.10183,-0.82705,-0.54975,-0.16259,0.05413,-0.01102,-0.10657,0.14549,0.10481,-0.01427,-0.22032,-0.4764,-0.42792,-0.50923
ARG69,0.18593,-0.15141,0.06745,-0.13314,-0.62549,-0.67136,-0.46472,-0.92893,-1.45177,-1.29111,-1.18921,-1.38144,-1.10969,-1.05095,-0.99668,-0.68066,-0.72706,-0.75908,-0.03983,0.30098,0.51304,-0.34012,-0.91278,-1.25188,-1.0226,-1.33839,-1.37233,-1.02551,-1.14079,-1.02439,-0.40358,-0.37108,-0.52672,-0.55155,-0.4549,-0.10903,0.28501,0.3555,0.52014,0.21471,1.09883,0.95781,0.23498,0.2722,0.86177,1.0427,0.5958,0.50925,-0.18352,-0.78204,-0.83554,-0.29397,0.83585,0.77314,0.5368,0.42822,0.18778,0.17018,0.40015,0.40999,0.61973,0.80561,0.2812,0.5646,0.12091,1.24014,0.0,0.16416,-1.28361,-1.58456,-1.42509,-1.40395,-0.75746,-0.66326,0.22921,0.48772,0.7614,0.75414,0.62174,0.16284,-0.31751,-0.27135,-0.36394,-0.39464,-0.55701,-0.90824,-0.58051,-0.00805,2.05316,2.71529,2.20366,0.95536,0.76096,-0.68208,-1.19081,-1.22153,-1.02317,-0.54465,-0.17642,-0.27522,-0.41567,-0.08758,-0.10628,-0.22612,-0.50178,-0.65116,-0.70794,-0.79965
THR70,-0.02601,-0.0451,0.29759,0.07766,-0.29038,-0.4646,-0.23654,-0.51002,-0.90202,-0.94991,-0.65098,-0.70108,-0.63146,-0.63011,-0.46079,-0.01674,0.04659,0.15244,0.59023,0.24166,0.40611,-0.59743,-1.44109,-1.76313,-1.4932,-1.86919,-2.02818,-1.8984,-1.82606,-1.70844,-1.0862,-1.07541,-1.30898,-1.18539,-0.84962,-0.64496,-0.49524,-0.26031,-0.27955,-0.28873,0.76828,0.38405,-0.28639,-0.10348,0.41895,0.88424,0.41863,0.45613,-0.22387,-0.24306,0.21195,1.04507,2.47334,2.14461,1.5063,1.04453,0.67251,0.51461,0.44149,0.40568,0.49011,0.53368,0.28094,0.27513,-0.05167,0.33016,0.16416,0.0,-1.7123,-1.25118,-1.03041,-1.01207,-0.52747,-0.28718,0.51467,0.58584,0.80968,0.67507,0.29463,-0.08493,-0.37209,-0.24749,-0.39991,0.09772,0.10612,-0.28368,0.22362,0.82759,2.71837,3.08133,1.76532,0.76093,0.28231,-0.52556,-0.77076,-0.70135,-0.35548,0.11265,0.54454,0.4303,0.03929,0.19713,0.01321,-0.18577,-0.64175,-0.71764,-0.56198,-0.64373
TRP71,-0.07776,-0.00865,0.49502,0.08124,-0.1691,-0.44747,-0.21413,0.13014,-0.16381,-0.60367,-0.30699,-0.19111,-0.43007,-0.61912,-0.518,0.00423,0.37322,0.80873,1.10483,0.50338,0.61728,-0.09545,-0.92185,-1.42851,-1.46506,-1.78597,-1.86235,-1.7461,-1.87138,-1.63584,-1.12317,-1.26013,-1.66499,-1.74986,-1.4236,-1.18591,-1.20842,-1.06101,-1.06677,-0.72156,0.67684,0.21213,-0.3066,-0.0628,0.39061,0.85768,0.44871,0.48655,-0.04366,0.40612,1.16805,2.2144,3.8491,3.85385,2.28893,1.8891,1.13909,0.94353,0.72385,0.42862,0.4246,0.02219,-0.19065,-0.48697,-0.72306,-0.92639,-1.28361,-1.7123,0.0,0.00248,-0.41823,-0.8724,-0.55071,-0.26885,0.40666,0.26839,0.63616,0.39129,-0.26286,-0.70053,-0.77546,-0.66035,-0.69522,0.2244,0.72874,0.38848,1.36741,2.35652,2.79218,2.1323,1.09995,0.77131,0.642,0.32329,0.00922,-0.2064,0.14623,0.3832,0.95754,1.03848,0.58072,0.56982,0.25586,0.22866,-0.21522,-0.05198,0.11794,0.00107
ARG72,0.08295,0.45075,0.95262,0.50377,0.8121,0.31882,0.32705,1.14779,0.95148,0.22403,0.77263,1.20767,0.45464,0.11857,0.40902,0.89475,1.54568,2.31097,1.65476,0.10257,0.3439,0.25917,-0.64401,-0.87553,-1.04437,-1.47283,-1.60675,-1.86158,-1.9033,-1.81693,-1.74353,-1.92397,-1.99318,-1.74311,-1.22407,-1.09312,-1.2769,-1.24522,-1.75637,-1.4263,-0.44284,-1.10514,-1.25943,-0.69549,-0.45856,0.14174,-0.02126,0.3711,0.48288,1.76149,2.95805,3.66004,4.03548,3.47125,1.81344,1.10208,0.55815,0.25131,-0.25432,-0.51936,-0.78177,-1.46429,-1.24767,-1.51312,-1.29532,-1.25841,-1.58456,-1.25118,0.00248,0.0,0.25769,-0.21646,-0.06335,0.20509,0.63914,0.32056,0.2353,-0.07305,-0.57737,-0.81627,-0.5696,-0.21896,0.00921,1.38502,2.24148,1.69287,2.33902,3.09499,2.23048,1.61928,0.49389,0.81647,0.4333,0.81271,0.57971,0.7354,1.05463,1.22389,1.51586,2.1883,1.56725,1.05035,0.46983,0.32135,-0.10521,0.00422,0.63167,0.72435
GLU73,0.413,0.51512,1.16553,0.71737,0.78641,0.2922,0.39631,1.20904,1.02797,0.35502,0.88619,1.45202,0.64733,0.32284,0.46995,0.78656,1.59439,2.67965,1.85198,0.42206,0.84998,0.90708,0.33022,0.20564,-0.28044,-0.58815,-0.74906,-1.24026,-1.29067,-1.20888,-1.39612,-1.57202,-1.84677,-1.59481,-1.23027,-1.21421,-1.4613,-1.40554,-1.86584,-1.57143,-1.03988,-1.64649,-1.39431,-0.66567,-0.63642,-0.1645,0.00334,0.23992,0.73686,2.259,3.12092,3.25854,3.08454,2.75749,1.31406,0.82413,0.29782,0.06824,-0.45815,-0.50614,-0.80217,-1.56011,-1.38022,-1.69561,-1.39578,-1.0985,-1.42509,-1.03041,-0.41823,0.25769,0.0,-0.9799,-0.61613,-0.13768,-0.04841,-0.20905,-0.33565,-0.70712,-1.00089,-1.1892,-0.89822,-0.3379,-0.1527,1.32268,2.93129,2.62402,2.53727,2.41894,1.14928,0.62435,-0.22017,0.3444,0.04008,0.90141,0.82303,1.27635,1.52992,1.49128,1.96347,2.62354,2.296,1.71606,1.01015,0.87058,0.38578,0.28412,1.11874,1.21126
ALA74,0.88441,1.36604,1.62614,0.85398,0.60389,0.15074,0.54292,1.04931,0.20937,0.22988,1.26278,1.7273,0.8072,0.92196,1.55393,1.49226,2.3787,3.05523,1.58166,0.16736,0.42343,1.5201,1.15055,1.17557,0.62608,0.0919,-0.25377,-0.76879,-0.67857,-0.81078,-1.31953,-1.28504,-1.13243,-0.63794,-0.1851,-0.17767,-0.67669,-0.70107,-1.28642,-1.19263,-1.17501,-1.98206,-1.8582,-1.14115,-0.98011,-0.39024,-0.26855,0.5177,1.5636,2.78354,3.11706,2.56514,1.83051,1.189,0.48148,-0.03372,-0.28189,-0.66259,-1.17398,-1.13925,-1.24863,-1.60017,-1.33581,-1.57031,-1.3902,-1.07965,-1.40395,-1.01207,-0.8724,-0.21646,-0.9799,0.0,0.22365,0.44065,-0.20903,-0.3808,-1.17514,-1.47849,-0.89721,-0.74124,0.15058,0.41025,1.44767,2.85049,3.80942,2.63857,1.1213,1.13322,0.2894,0.10068,-0.58495,-0.03967,-0.3533,-0.00243,0.38759,1.82825,1.73824,1.05564,0.73866,1.54551,1.70742,1.24658,0.77677,0.66618,0.35152,0.25581,0.33711,0.22895
ASP75,0.75834,1.34612,2.01246,1.10555,0.90016,0.16635,0.37912,1.25568,0.31796,-0.05224,0.91471,1.48203,0.44445,0.67592,1.28317,1.35026,2.26931,2.81616,1.40872,0.47895,0.90035,2.14463,1.52766,1.56131,0.9776,0.41517,-0.05672,-0.58232,-0.65784,-0.80162,-1.34033,-1.26682,-1.10276,-0.45778,0.1154,0.06455,-0.45027,-0.49756,-1.15081,-1.32579,-1.28296,-2.00543,-2.11668,-1.42539,-1.23567,-0.41278,-0.08853,0.91412,1.78323,2.39876,2.26608,1.98278,1.37848,0.65637,0.1542,-0.31267,-0.46713,-0.88136,-1.29084,-1.34189,-1.33074,-1.35845,-1.03312,-0.9367,-0.75838,-0.4398,-0.75746,-0.52747,-0.55071,-0.06335,-0.61613,0.22365,0.0,-0.00961,-0.53206,-0.32531,-1.27562,-1.41826,-0.27148,-0.1407,0.77384,0.62627,1.6894,3.12719,3.37595,1.5321,0.02321,0.64373,0.24956,0.36228,-0.27026,0.03503,-0.29993,-0.25408,-0.15886,1.18601,1.11604,0.66289,0.15944,0.59325,0.84833,0.53805,0.31325,0.22977,-0.0852,-0.12608,0.12926,0.12843
ILE76,0.77235,2.04936,3.41986,2.75187,2.2795,1.04966,1.02747,1.52843,0.5438,0.4563,0.91063,0.91687,0.27075,0.49772,0.96475,0.75692,1.54206,2.21326,0.96017,-0.11359,0.27205,1.16971,0.66346,0.88071,0.41219,0.025,-0.42358,-0.99557,-0.83506,-0.93175,-1.34443,-1.25577,-1.23145,-0.47078,0.11732,0.08064,-0.58016,-0.58264,-1.39426,-1.32823,-1.31948,-2.0527,-2.06813,-1.52027,-1.58203,-0.71692,-0.36406,0.5451,0.94049,1.80844,2.01323,1.73202,1.37666,0.73676,0.35159,-0.14859,-0.18183,-0.62184,-1.07712,-1.32968,-1.4544,-1.34674,-0.73531,-0.7364,-0.47032,-0.40074,-0.66326,-0.28718,-0.26885,0.20509,-0.13768,0.44065,-0.00961,0.0,-0.50404,-0.02019,-1.07152,-1.12693,-0.70107,-0.4391,0.61151,1.04801,1.9524,3.59257,3.07195,1.5779,0.37912,0.27408,0.02879,0.34193,-0.36652,-0.14719,-0.53692,-0.34627,-0.00822,1.21604,1.05092,0.65877,0.11796,0.5331,0.69542,0.38611,0.16035,0.1739,-0.12083,-0.45328,-0.45978,-0.3169
ASN77,0.2816,1.79464,2.56743,1.39809,0.8762,0.30375,0.15469,0.29147,-0.32908,-0.45973,-0.01096,0.07479,-0.22282,-0.08894,0.43828,0.48631,1.0121,1.63276,0.90369,-0.04824,0.35057,0.36765,-0.46299,-0.41656,-0.6518,-1.04913,-1.39952,-1.72104,-1.72322,-1.67063,-1.55553,-1.46088,-1.51299,-0.81373,-0.08227,-0.02258,-0.41879,-0.15923,-0.86341,-0.33765,-0.26376,-1.15738,-1.30555,-0.55324,-0.23816,0.56593,0.30329,0.8436,0.29898,1.02971,1.52651,1.56031,1.49802,1.0343,0.86228,0.43929,0.42415,0.04349,-0.30655,-0.72009,-0.93388,-0.83724,-0.1672,-0.01276,0.33415,0.33399,0.22921,0.51467,0.40666,0.63914,-0.04841,-0.20903,-0.53206,-0.50404,0.0,-0.04078,-1.00078,-0.80626,-0.88597,-0.52117,0.24048,0.80525,1.14763,2.7816,1.59528,0.02108,-0.42564,-0.18657,0.209,0.67069,-0.00108,-0.1272,-0.57895,-0.86095,-0.89711,0.17621,0.2882,0.32532,0.07998,0.68766,0.29042,0.11816,-0.17723,-0.51126,-0.92178,-0.85473,-0.66321,-0.25017
TYR78,-0.08484,1.03481,1.48928,0.50998,0.16748,-0.04765,-0.23633,-0.25739,-0.46642,-0.5533,-0.45627,-0.18785,-0.2914,-0.26336,0.14319,0.4309,0.90024,0.98114,0.45015,0.25956,0.83357,0.84832,0.05462,-0.23342,-0.62273,-1.24987,-1.55365,-1.78567,-2.1127,-2.25906,-1.98667,-1.83198,-1.65788,-1.02609,-0.27645,-0.00972,-0.10778,0.09076,-0.54492,-0.00076,0.30857,-0.79875,-1.26659,-0.5648,0.11834,1.29681,1.20822,1.89651,0.84974,0.8498,1.10566,0.88045,0.90183,0.64005,0.67926,0.30774,0.30659,-0.06144,-0.2974,-0.68717,-0.79219,-0.6335,0.00308,0.1657,0.53212,0.50203,0.48772,0.58584,0.26839,0.32056,-0.20905,-0.3808,-0.32531,-0.02019,-0.04078,0.0,-2.33871,-0.60746,-0.02127,0.2421,0.76299,1.31131,1.21675,1.73881,0.81699,0.32532,0.11548,-0.07856,0.35637,0.71329,0.33936,0.09969,-0.26801,-0.4684,-0.63275,-0.24567,-0.3462,-0.28273,-0.56723,-0.0309,-0.13865,-0.47367,-0.7607,-0.81306,-1.10642,-1.30114,-1.01467,-0.2646
THR79,-0.24965,0.56827,0.99372,-0.26146,-0.5173,-0.45267,-0.6957,-0.74875,-0.64594,-0.606,-0.76253,-0.53254,-0.28054,-0.35835,-0.27045,0.12008,0.39322,0.50172,0.71195,0.42185,0.42838,-0.04081,-0.55155,-0.91851,-0.82298,-1.14462,-1.27753,-1.25942,-1.50595,-1.52489,-1.09797,-1.05362,-0.9794,-0.53713,-0.09595,0.06563,0.31105,0.52258,0.28968,1.04389,0.94631,0.13225,-0.17004,0.30625,0.6355,1.52732,1.00272,1.05945,-0.20358,-0.11783,0.35681,0.51617,0.68582,0.75142,0.86269,0.7811,0.75278,0.52558,0.49488,0.31149,0.27201,0.27102,0.61209,0.60034,0.79828,0.64081,0.7614,0.80968,0.63616,0.2353,-0.33565,-1.17514,-1.27562,-1.07152,-1.00078,-2.33871,0.0,0.74374,-3.56828,-1.2432,-0.78426,-0.30483,-0.58289,-0.20813,-0.52193,-0.36535,0.07292,-0.09296,0.42249,0.5691,0.30838,-0.00897,-0.15379,-0.34872,-0.51608,-0.77984,-0.64013,-0.3013,-0.28393,-0.081,-0.25109,-0.33343,-0.40793,-0.26522,-0.59652,-0.57574,-0.69962,0.03993
SER80,-0.35979,0.0082,0.26236,-0.45013,-0.60044,-0.36639,-0.60793,-0.86159,-0.4732,-0.32117,-0.58198,-0.42495,-0.03883,-0.04462,0.04671,0.32542,0.17141,0.00432,0.27526,0.22168,0.01298,-0.44483,-0.82238,-1.04793,-0.93348,-1.20534,-1.31638,-1.16774,-1.39677,-1.42717,-0.94849,-0.92625,-0.8733,-0.34721,0.04962,0.39656,0.86692,0.99558,1.13077,1.54816,1.61917,0.74237,0.14277,0.22523,0.57541,1.08322,0.60634,0.6849,-0.40634,-0.45786,0.13652,0.24913,0.35911,0.34933,0.48698,0.38199,0.43998,0.3073,0.36375,0.16148,0.21932,0.36577,0.67258,0.68414,0.83431,0.65249,0.75414,0.67507,0.39129,-0.07305,-0.70712,-1.47849,-1.41826,-1.12693,-0.80626,-0.60746,0.74374,0.0,-5.3853,-1.15118,-0.69558,-0.51691,-0.75205,-0.88869,-1.19814,-0.39906,0.17937,-0.03892,0.48612,0.62792,0.61029,0.27008,0.14422,-0.02223,-0.22514,-0.92713,-1.03674,-0.75173,-0.5709,-0.33823,-0.35606,-0.58679,-0.70908,-0.52229,-0.53016,-0.57731,-0.59352,0.29166
GLY81,-0.87487,-0.95647,-1.17204,-0.70487,-0.36697,-0.3064,-0.47559,-0.29206,0.04823,-0.1397,-0.11919,0.1998,0.28627,0.26282,0.64344,0.72212,0.5692,0.08894,-0.37815,0.6236,0.8367,1.00931,0.81187,0.91415,0.69461,0.07429,-0.28902,-0.23746,-0.47582,-0.92278,-0.93009,-0.83128,-0.49469,-0.23127,-0.05143,0.45936,1.03514,1.14564,1.66028,0.50288,1.4794,1.01264,-0.20179,-0.40071,0.49888,0.58227,0.7161,1.52145,1.83686,0.97366,0.23062,-0.32634,-0.2961,-0.40471,-0.28106,-0.32652,-0.20932,-0.24072,-0.14914,-0.31753,-0.11549,0.20482,0.26606,0.50395,0.5474,0.73856,0.62174,0.29463,-0.26286,-0.57737,-1.00089,-0.89721,-0.27148,-0.70107,-0.88597,-0.02127,-3.56828,-5.3853,0.0,-0.29822,-0.55939,-0.46202,-0.37093,-0.87588,-1.05997,-0.1758,0.08664,0.06521,0.53739,0.69699,0.91206,0.65061,0.50183,0.36524,0.04664,-0.59723,-1.06325,-0.99853,-1.09472,-0.86264,-0.52506,-0.79319,-0.89407,-0.74521,-0.53589,-0.74226,-0.22233,0.54036
PHE82,-0.69871,-0.41366,-0.97427,-0.55271,-0.06933,-0.08722,-0.24977,-0.28977,-0.11744,0.0713,0.15866,0.21262,0.34284,0.55127,0.93941,0.97232,0.84106,0.39075,0.117,0.70958,0.5738,0.8557,0.80353,1.00433,0.90408,0.25624,-0.00675,0.06377,-0.20522,-0.85925,-1.0787,-0.85677,-0.25773,0.83331,1.62804,1.92032,1.86013,2.15556,1.62045,0.99677,0.65959,0.01422,-1.17992,-1.3041,-0.46573,0.16136,0.19625,0.99578,1.65029,0.88595,0.38236,-0.36759,-0.6689,-0.78704,-0.566,-0.82892,-0.64764,-0.72708,-0.61177,-0.77424,-0.62402,-0.17492,-0.0095,0.19265,0.3159,0.27896,0.16284,-0.08493,-0.70053,-0.81627,-1.1892,-0.74124,-0.1407,-0.4391,-0.52117,0.2421,-1.2432,-1.15118,-0.29822,0.0,1.11368,0.41119,-0.44671,-0.90313,-1.32421,-0.3627,-0.21602,-0.17508,0.2932,0.61494,0.93004,0.77367,0.55539,0.30255,0.054,-0.61372,-1.36971,-1.27846,-1.42149,-0.63028,-0.5435,-1.36135,-1.48956,-1.26931,-0.81869,-0.92035,-0.66507,-0.02241
ARG83,-0.44135,0.03572,-0.50314,-0.19846,0.31084,0.25215,0.14222,-0.09141,-0.23157,0.0649,0.37347,0.2424,0.27009,0.55217,0.93082,0.90222,0.97948,0.76594,0.32184,0.43187,0.31132,1.00893,0.85565,1.09756,0.92114,0.31465,0.15099,0.23969,-0.02663,-0.61974,-0.92028,-0.75374,-0.27281,0.91956,1.83807,1.97572,1.53228,1.77668,0.80793,0.57619,0.05268,-0.56767,-1.53979,-1.49346,-0.8172,0.08073,0.07615,0.89936,1.70541,1.29053,1.10126,0.14239,-0.52725,-0.86689,-0.57686,-1.02734,-0.85829,-1.01654,-0.92029,-1.03689,-0.89427,-0.48229,-0.26607,-0.04489,0.10062,-0.21746,-0.31751,-0.37209,-0.77546,-0.5696,-0.89822,0.15058,0.77384,0.61151,0.24048,0.76299,-0.78426,-0.69558,-0.55939,1.11368,0.0,0.48385,-0.28493,-0.5972,-1.08314,-0.36061,-0.37218,-0.45001,-0.13242,0.28329,0.53012,0.55724,0.26501,0.07134,-0.01941,-0.22649,-0.91241,-0.85574,-1.17764,-0.20525,-0.18952,-1.12882,-1.27051,-1.12022,-0.74598,-0.85448,-0.8501,-0.47248
ASN84,-0.50202,-0.15472,-0.37189,-0.18065,0.6701,0.59095,0.30796,0.05215,0.08993,0.36074,0.56591,0.54355,0.64242,0.77278,0.98271,0.92368,1.17046,1.03521,0.35929,-0.02663,-0.07805,0.5568,0.23461,0.58261,0.5162,-0.06552,-0.36265,-0.36639,-0.33885,-0.71081,-1.08059,-0.9205,-0.64457,0.17968,0.8752,0.97918,0.56329,0.8245,-0.09682,0.28141,-0.13582,-0.84905,-1.29318,-1.04565,-0.73003,-0.04973,-0.02155,0.66032,1.24518,1.36151,1.5472,0.84621,0.17539,-0.45563,-0.34969,-0.8276,-0.7911,-0.99705,-0.92583,-0.99148,-0.88327,-0.60007,-0.26008,-0.20412,0.1616,-0.1946,-0.27135,-0.24749,-0.66035,-0.21896,-0.3379,0.41025,0.62627,1.04801,0.80525,1.31131,-0.30483,-0.51691,-0.46202,0.41119,0.48385,0.0,-0.67583,-0.76719,-1.06882,-0.38796,-0.18491,-0.68921,-0.37351,0.14198,0.29571,0.3694,-0.05067,0.08518,-0.01898,-0.10068,-0.49542,-0.3076,-0.62733,0.35521,0.2289,-0.44644,-0.73904,-0.76073,-0.6708,-0.73747,-0.81032,-0.4322
SER85,0.3723,0.17703,0.16958,0.4584,0.93565,0.91383,0.84404,0.82717,0.34414,0.79553,1.28073,1.1494,1.07822,1.35404,1.558,1.30277,1.30273,1.18463,-0.06307,-0.78977,-0.95678,0.29823,0.09743,0.47127,0.1787,-0.16632,-0.41916,-0.44647,-0.34445,-0.49677,-0.59423,-0.54848,-0.50464,-0.00132,0.39818,0.78867,0.43022,0.34991,-0.1399,-0.22793,0.02008,-0.24602,-0.67109,-0.57263,-0.17483,-0.15336,-0.37883,0.50368,1.26239,1.58379,1.83939,1.18541,0.40578,-0.75686,-0.75982,-1.20557,-1.12409,-1.37527,-1.28138,-1.35569,-1.12139,-0.79814,-0.45903,-0.35318,-0.0951,-0.27715,-0.36394,-0.39991,-0.69522,0.00921,-0.1527,1.44767,1.6894,1.9524,1.14763,1.21675,-0.58289,-0.75205,-0.37093,-0.44671,-0.28493,-0.67583,0.0,-0.79275,-0.88763,-0.72115,-0.66661,-0.73063,-0.58057,-0.0398,0.0613,0.35225,-0.05093,-0.02833,0.0852,0.8279,0.46114,0.24987,-0.60935,-0.28115,0.19927,0.05006,-0.15165,-0.2893,-0.18275,-0.1133,-0.54279,-0.41169
ASP86,0.73041,0.81678,1.05788,0.97883,1.30516,0.43162,0.3769,0.85562,-0.01082,-0.03615,0.72865,0.88945,0.27,0.61534,1.21448,1.05625,1.43377,1.79906,0.49537,-0.73071,-0.75118,0.44913,-0.11815,0.10025,-0.49817,-0.67782,-0.84526,-1.34775,-1.04753,-0.91316,-1.17043,-1.196,-1.34736,-0.61363,-0.09862,-0.07226,-0.53277,-0.42617,-1.23689,-1.21061,-0.90392,-1.32933,-1.44161,-0.89676,-0.58777,-0.22417,-0.48805,0.46769,1.0674,2.17034,2.68094,2.41688,1.70267,0.53855,0.05923,-0.64973,-0.69436,-0.98077,-1.20373,-1.32668,-1.30779,-1.17692,-0.65461,-0.55735,-0.20201,-0.29942,-0.39464,0.09772,0.2244,1.38502,1.32268,2.85049,3.12719,3.59257,2.7816,1.73881,-0.20813,-0.88869,-0.87588,-0.90313,-0.5972,-0.76719,-0.79275,0.0,-0.31368,-2.03235,-1.70413,-0.8814,-0.7769,-0.21603,-0.52455,-0.08387,-0.54644,-0.42157,-0.00674,1.77799,1.95204,1.39595,0.67456,0.7351,1.00914,0.84405,0.61144,0.18793,0.06251,-0.03999,-0.61188,-0.57562
ARG87,1.57763,0.69378,1.1429,1.05015,1.10252,-0.13834,0.19146,0.92798,0.2161,-0.09489,0.61383,0.95124,0.15205,0.23817,0.77981,0.69341,1.34555,1.8546,0.70252,-0.47779,-0.12018,0.75149,0.43893,0.70507,0.07468,-0.03424,-0.40256,-1.28502,-1.03073,-0.85438,-1.28735,-1.39529,-1.70983,-1.16249,-0.8242,-0.9301,-1.43289,-1.50063,-2.16061,-1.97663,-1.64287,-1.8161,-1.59882,-0.97538,-0.97068,-0.34553,-0.16321,0.4944,1.4093,2.79973,3.00612,2.57537,1.99808,1.53562,0.49707,-0.12901,-0.469,-0.64246,-0.94072,-0.8863,-1.01228,-1.29193,-0.95945,-0.96074,-0.72987,-0.41412,-0.55701,0.10612,0.72874,2.24148,2.93129,3.80942,3.37595,3.07195,1.59528,0.81699,-0.52193,-1.19814,-1.05997,-1.32421,-1.08314,-1.06882,-0.88763,-0.31368,0.0,-2.34937,-1.81683,-0.67262,-0.85101,-0.507,-0.91157,-0.13588,-0.36873,0.56597,1.2084,2.79194,3.02141,1.88013,1.54802,1.27222,1.57276,1.3627,1.17077,1.01523,0.68372,0.22704,0.14737,-0.11559
ILE88,0.75603,0.35926,0.76969,0.78607,1.35113,0.92616,0.8117,0.94304,1.26385,1.12612,0.86394,0.93621,0.78818,0.49966,0.53917,0.4843,0.78435,0.93363,0.0906,-0.50032,-0.31319,0.36455,0.60856,0.92009,0.65241,0.77083,0.39757,-0.39285,-0.02154,-0.06039,-0.50658,-0.34461,-0.60315,-0.22888,-0.23215,-0.26835,-0.63078,-0.95068,-1.37903,-1.20389,-1.21293,-1.2217,-0.92655,-0.66477,-0.77171,-0.26369,-0.01223,0.3229,1.25069,2.78064,2.73881,2.20857,1.64934,1.54686,0.62102,-0.04877,-0.35113,-0.50564,-0.82334,-0.70614,-0.77702,-1.28436,-1.02052,-1.29684,-1.03211,-0.67413,-0.90824,-0.28368,0.38848,1.69287,2.62402,2.63857,1.5321,1.5779,0.02108,0.32532,-0.36535,-0.39906,-0.1758,-0.3627,-0.36061,-0.38796,-0.72115,-2.03235,-2.34937,0.0,0.04153,-1.15438,-1.38489,-1.03034,-1.21829,-0.32965,-0.25863,1.85055,2.8836,2.14887,1.51278,0.85642,0.41189,0.55187,0.82825,0.20883,0.00535,0.67357,0.7458,-0.00098,0.20798,0.31485
LEU89,0.04031,-0.63317,-0.01888,0.31645,1.17817,0.81051,0.44914,0.56119,1.42558,1.0293,0.5675,0.68594,0.7775,0.26213,-0.02724,0.0765,-0.06629,0.06809,-0.27237,-0.51958,-0.34919,-0.34349,-0.21249,-0.15886,-0.25357,-0.30792,-0.39846,-0.79828,-0.64244,-0.56325,-0.61403,-0.54463,-0.88985,-0.79653,-0.81812,-0.59163,-0.70724,-0.8832,-0.99864,-0.72241,-0.32631,-0.34733,-0.33911,-0.11497,0.01016,0.44926,0.4283,0.32718,0.67796,1.86424,2.14088,2.21374,2.10004,2.04682,0.97435,0.60512,0.20905,0.22999,-0.05867,-0.02612,-0.01468,-0.75268,-0.6629,-1.08832,-0.81502,-0.67107,-0.58051,0.22362,1.36741,2.33902,2.53727,1.1213,0.02321,0.37912,-0.42564,0.11548,0.07292,0.17937,0.08664,-0.21602,-0.37218,-0.18491,-0.66661,-1.70413,-1.81683,0.04153,0.0,-1.55207,-1.70249,-1.13468,-1.05774,-0.14185,0.27532,2.52195,3.22476,1.33753,0.81426,0.45532,0.16104,0.3127,0.68022,0.2682,0.1226,0.83843,0.86315,0.18345,0.31448,0.69012
TYR90,0.05168,-1.35199,-1.00771,-0.83336,0.36869,-0.60447,-0.71841,0.36049,0.72262,0.04318,0.36248,0.80429,0.25395,-0.16296,-0.15692,0.10883,-0.24255,-0.57296,-1.25564,-1.20282,-0.70333,-0.53125,-0.20947,0.11552,0.29987,0.0202,-0.24677,-0.28959,-0.01269,-0.36694,-0.47621,-0.18112,-0.06644,0.11593,0.25664,0.59401,0.54027,0.38152,0.26683,-0.00225,0.13887,0.09806,-0.07203,-0.06632,-0.06941,-0.05862,-0.00345,0.29222,1.06188,1.6561,2.09262,1.8434,1.76118,1.23149,0.1512,-0.23017,-0.54275,-0.60284,-0.65007,-0.50995,-0.42527,-0.66656,-0.70648,-0.78255,-0.61391,-0.46926,-0.00805,0.82759,2.35652,3.09499,2.41894,1.13322,0.64373,0.27408,-0.18657,-0.07856,-0.09296,-0.03892,0.06521,-0.17508,-0.45001,-0.68921,-0.73063,-0.8814,-0.67262,-1.15438,-1.55207,0.0,-1.03209,-0.6342,-0.09436,0.97589,1.53094,2.49141,2.01625,0.99542,0.38066,0.09214,-0.08003,-0.11283,-0.13486,-0.21162,-0.14359,0.22073,0.45277,0.40374,0.89502,0.6741
SER91,-0.09468,-0.84367,-0.86534,-0.91507,-0.81437,-1.6151,-1.36079,-0.91848,-1.0472,-1.21075,-0.71963,-0.62842,-0.95638,-1.06472,-0.90493,-0.58824,-0.93175,-1.45008,-1.7003,-1.21993,-0.71152,-1.00238,-1.0898,-0.99509,-0.5437,-0.94965,-1.36446,-1.05834,-0.8095,-1.22992,-0.97977,-0.63843,-0.47435,-0.23064,0.05949,0.60731,0.73211,0.77518,0.76115,0.34264,1.09908,0.95811,0.13728,0.09572,0.53715,0.69261,0.28938,0.62573,0.6859,0.58768,1.12132,1.36172,2.13183,1.48547,0.5146,0.19319,-0.14588,-0.20501,0.02433,0.14361,0.47301,0.48924,0.39078,0.50686,0.62048,1.12162,2.05316,2.71837,2.79218,2.23048,1.14928,0.2894,0.24956,0.02879,0.209,0.35637,0.42249,0.48612,0.53739,0.2932,-0.13242,-0.37351,-0.58057,-0.7769,-0.85101,-1.38489,-1.70249,-1.03209,0.0,0.53668,0.9336,1.12422,1.32987,0.8568,0.32793,-0.16282,-0.61618,-0.70891,-0.60815,-0.47294,-0.6031,-0.61503,-0.59323,-0.38753,-0.26653,-0.32019,0.04443,-0.34102
SER92,0.28783,-0.12413,0.13998,0.17238,-0.01011,-1.21661,-1.01785,-1.00297,-1.21428,-1.43563,-0.82406,-0.65354,-0.91947,-0.97304,-0.6884,-0.42109,-0.82245,-1.1302,-1.62234,-1.66145,-0.95659,-1.23837,-1.32503,-1.02624,-0.55953,-1.13599,-1.59896,-1.17163,-0.91043,-1.58685,-1.30059,-0.78447,-0.43882,0.02893,0.46044,0.98919,1.16195,1.20588,1.10153,0.47747,1.08576,0.82586,-0.16593,-0.25536,0.26814,0.48348,0.02339,0.52508,0.66616,0.50841,1.15495,1.52962,2.02701,1.18079,0.46017,-0.12862,-0.40314,-0.64602,-0.49398,-0.50107,-0.07547,0.16668,0.32236,0.65548,0.91611,1.86855,2.71529,3.08133,2.1323,1.61928,0.62435,0.10068,0.36228,0.34193,0.67069,0.71329,0.5691,0.62792,0.69699,0.61494,0.28329,0.14198,-0.0398,-0.21603,-0.507,-1.03034,-1.13468,-0.6342,0.53668,0.0,0.54352,0.74039,0.274,-0.30559,-0.56031,-0.47628,-0.74019,-0.69203,-0.65911,-0.47153,-0.5955,-0.60739,-0.65347,-0.66837,-0.57281,-0.72405,-0.19526,-0.62196
ASP93,0.17467,-0.73024,-0.55973,0.10445,0.20821,-1.03393,-1.1394,-1.28378,-1.69724,-1.90708,-1.70053,-1.51101,-1.65715,-1.56691,-1.25357,-0.98447,-1.3322,-1.97324,-2.23964,-1.68785,-1.14867,-1.3113,-0.95362,-0.46345,0.23541,-0.20831,-0.6287,0.11708,0.47435,-0.12111,0.21584,0.89058,1.40377,1.42906,1.4792,1.88645,2.0765,2.24077,2.41521,1.89851,1.9743,1.88187,1.07204,0.56454,0.6767,0.27224,0.00803,0.36565,0.69358,-0.27844,-0.04791,0.07569,0.47186,-0.1799,-0.47408,-0.71299,-0.96322,-1.00777,-0.53031,-0.46693,0.40313,1.19295,0.88175,1.30387,1.09446,1.48331,2.20366,1.76532,1.09995,0.49389,-0.22017,-0.58495,-0.27026,-0.36652,-0.00108,0.33936,0.30838,0.61029,0.91206,0.93004,0.53012,0.29571,0.0613,-0.52455,-0.91157,-1.21829,-1.05774,-0.09436,0.9336,0.54352,0.0,0.69173,1.03683,-0.33911,-0.78456,-0.80882,-1.30954,-1.29983,-1.26703,-1.10266,-1.05273,-0.97421,-0.79504,-0.73632,-0.31091,-0.39506,0.10548,-0.42847
TRP94,0.24381,-0.56588,-0.35952,0.67679,1.73973,0.29506,-0.12566,0.00223,-0.54104,-1.44552,-1.18955,-0.85046,-1.27028,-1.38339,-1.04233,-0.60779,-0.96513,-1.59791,-2.2106,-1.73517,-1.31027,-1.34056,-0.63893,-0.02682,0.58692,0.2842,-0.05847,0.53091,0.89829,0.37317,0.41456,1.17859,1.70635,1.73694,1.70294,2.00643,1.97562,1.87087,2.08671,1.50057,1.28649,1.27172,0.8047,0.27515,0.14667,-0.31575,-0.30492,0.06124,0.75194,0.29153,0.79233,0.69807,0.64386,-0.12961,-0.61838,-0.97572,-1.16427,-1.2476,-0.91291,-0.9032,-0.39915,0.07862,0.13309,0.29883,0.20428,0.44071,0.95536,0.76093,0.77131,0.81647,0.3444,-0.03967,0.03503,-0.14719,-0.1272,0.09969,-0.00897,0.27008,0.65061,0.77367,0.55724,0.3694,0.35225,-0.08387,-0.13588,-0.32965,-0.14185,0.97589,1.12422,0.74039,0.69173,0.0,0.32758,-0.21414,-0.59838,-0.60981,-0.9298,-0.93407,-1.07459,-0.92358,-0.85129,-0.91795,-0.68425,-0.44111,0.10562,0.10126,0.61617,0.0764
LEU95,0.0391,-0.70465,-0.93595,0.35918,1.23103,0.86049,0.45537,0.01832,-0.62325,-1.51629,-1.62103,-1.78139,-2.22236,-1.99184,-1.57286,-1.3555,-1.5336,-1.99392,-2.23624,-1.35927,-0.93439,-1.27894,-0.50837,-0.01129,0.56964,0.49201,0.32839,0.98258,1.391,0.97228,1.08538,1.69523,2.17157,1.95538,1.57922,1.81541,1.90046,1.62992,2.0453,1.75989,1.6201,1.94424,1.57681,0.89912,0.64326,-0.0534,-0.08439,-0.0688,0.42585,-0.32838,-0.10941,-0.21056,-0.06586,-0.34219,-0.80344,-0.68288,-0.87189,-0.65869,-0.19657,0.03833,0.66789,1.05148,0.81229,1.12946,0.7798,0.2799,0.76096,0.28231,0.642,0.4333,0.04008,-0.3533,-0.29993,-0.53692,-0.57895,-0.26801,-0.15379,0.14422,0.50183,0.55539,0.26501,-0.05067,-0.05093,-0.54644,-0.36873,-0.25863,0.27532,1.53094,1.32987,0.274,1.03683,0.32758,0.0,-1.24536,-1.07447,-1.13508,-1.33306,-1.34734,-1.2968,-1.30281,-1.07476,-0.92055,-0.52852,-0.10096,0.42553,0.50737,0.87467,0.34409
ILE96,-0.30594,-1.06756,-0.98351,1.10363,3.19682,2.81233,2.23584,3.11963,3.7706,1.70743,0.1669,0.38408,-0.14538,-0.76204,-0.78966,-0.542,-0.6381,-1.00227,-1.68699,-1.42792,-1.17816,-1.07751,-0.24836,0.47219,0.88913,0.92032,0.74432,1.05359,1.65535,1.33812,1.02408,1.57002,1.84053,1.86073,1.30672,1.36094,1.29539,0.96629,1.08077,0.8005,0.33856,0.85681,0.94579,0.32808,-0.16406,-0.70147,-0.51857,-0.55853,0.43712,0.57115,0.96189,0.74146,0.21695,0.16059,-0.77559,-0.97633,-1.0561,-0.80244,-0.69949,-0.37157,-0.18954,-0.45094,-0.84177,-0.99148,-0.93686,-0.88367,-0.68208,-0.52556,0.32329,0.81271,0.90141,-0.00243,-0.25408,-0.34627,-0.86095,-0.4684,-0.34872,-0.02223,0.36524,0.30255,0.07134,0.08518,-0.02833,-0.42157,0.56597,1.85055,2.52195,2.49141,0.8568,-0.30559,-0.33911,-0.21414,-1.24536,0.0,-0.14639,-1.36932,-1.3528,-1.11788,-1.08081,-1.08896,-0.80432,-0.76692,-0.2939,0.47741,1.09701,1.12293,1.92387,2.15019
TYR97,-0.14285,-0.76091,-0.16285,0.97171,2.63828,1.17668,0.78668,1.27801,2.23877,0.55064,-0.78053,-0.71344,-0.88137,-1.15643,-1.30987,-1.22396,-1.0122,-0.9889,-1.23297,-0.613,-0.59765,-0.48952,0.21958,0.46164,0.49531,0.92117,1.04313,0.8815,1.22018,1.48104,1.3669,1.30504,1.07241,0.933,0.37034,0.32423,0.22636,0.05017,0.21501,0.07999,-0.08003,0.58047,0.89289,0.50976,0.07317,-0.25251,-0.07403,-0.54113,0.1005,0.67576,0.6647,0.62911,0.17095,0.36324,-0.26523,-0.1152,-0.3323,-0.04565,0.05853,0.36725,0.44536,-0.37201,-0.6275,-1.22141,-1.28396,-1.10183,-1.19081,-0.77076,0.00922,0.57971,0.82303,0.38759,-0.15886,-0.00822,-0.89711,-0.63275,-0.51608,-0.22514,0.04664,0.054,-0.01941,-0.01898,0.0852,-0.00674,1.2084,2.8836,3.22476,2.01625,0.32793,-0.56031,-0.78456,-0.59838,-1.07447,-0.14639,0.0,-1.46949,-1.18632,-1.18239,-1.03007,-0.84396,-0.07779,-0.10403,0.63149,2.04168,2.72537,1.74517,1.34908,1.21779
LYS98,0.40298,0.19544,1.2782,1.59511,2.01472,0.14686,0.60938,1.33589,0.72161,-0.16188,-0.02256,-0.14324,-0.93575,-0.86661,-0.42397,-0.69075,-0.17602,0.01168,-0.66378,-0.67485,-0.50935,0.01976,0.48943,0.70435,0.45347,0.99008,1.0308,0.50795,0.74793,1.02655,0.74054,0.60857,0.30269,0.3867,0.21109,0.0282,-0.46138,-0.54884,-0.87314,-0.90648,-0.99097,-0.57961,-0.06368,-0.00114,-0.3975,-0.52805,-0.30956,-0.39459,0.59104,1.5534,1.66051,1.23666,0.36956,0.13393,-0.25126,-0.32567,-0.34227,-0.24628,-0.57716,-0.22708,-0.43344,-1.08192,-0.92672,-1.15661,-1.05162,-0.82705,-1.22153,-0.70135,-0.2064,0.7354,1.27635,1.82825,1.18601,1.21604,0.17621,-0.24567,-0.77984,-0.92713,-0.59723,-0.61372,-0.22649,-0.10068,0.8279,1.77799,2.79194,2.14887,1.33753,0.99542,-0.16282,-0.47628,-0.80882,-0.60981,-1.13508,-1.36932,-1.46949,0.0,-0.2404,-1.24884,-0.86207,-0.45846,0.44275,0.58827,1.40117,2.51875,2.84703,1.39642,1.00498,0.16131
THR99,0.62261,0.27209,1.52585,1.39448,0.76401,-0.63799,0.22653,0.64227,-0.48557,-1.47824,-0.76896,-0.48994,-1.54618,-1.62284,-1.08656,-1.14203,-0.33462,0.46487,0.42493,0.22256,0.36071,0.55676,0.54145,0.1906,-0.58776,0.16421,0.82402,-0.11132,-0.16648,0.60675,0.46897,-0.19106,-1.01809,-1.17915,-1.32997,-1.80103,-2.16876,-2.17099,-2.359,-1.87598,-1.40765,-1.00403,-0.23192,0.30821,-0.04885,0.1931,0.37033,-0.07584,0.07363,1.47452,1.73248,1.55579,1.03727,1.08145,0.47312,0.55117,0.43756,0.62921,0.26824,0.53058,0.11788,-0.67217,-0.62591,-0.87085,-0.82934,-0.54975,-1.02317,-0.35548,0.14623,1.05463,1.52992,1.73824,1.11604,1.05092,0.2882,-0.3462,-0.64013,-1.03674,-1.06325,-1.36971,-0.91241,-0.49542,0.46114,1.95204,3.02141,1.51278,0.81426,0.38066,-0.61618,-0.74019,-1.30954,-0.9298,-1.33306,-1.3528,-1.18632,-0.2404,0.0,-0.52714,0.36548,0.42958,1.24376,1.91083,2.71304,3.07169,2.45177,1.29767,0.4663,-0.27973
THR100,0.38083,0.46618,1.21279,1.16339,1.18685,0.56181,0.93401,1.6091,0.74937,-0.14175,0.28515,0.73682,-0.34274,-1.098,-0.78678,-0.74356,-0.15192,0.6795,0.66453,0.29995,0.51406,0.54545,0.53511,0.17883,-0.62452,0.07693,0.68182,-0.18734,-0.23214,0.55188,0.42901,-0.19766,-1.05985,-1.25202,-1.24408,-1.74132,-1.9947,-2.04479,-2.22903,-1.62818,-1.48123,-1.32863,-0.24769,0.45839,0.12543,0.34086,0.57264,0.08627,-0.10861,1.27187,1.93361,1.66341,1.17233,1.30943,0.71272,0.62242,0.63549,0.76627,0.4947,0.67963,0.19879,-0.35803,-0.30882,-0.61779,-0.59401,-0.16259,-0.54465,0.11265,0.3832,1.22389,1.49128,1.05564,0.66289,0.65877,0.32532,-0.28273,-0.3013,-0.75173,-0.99853,-1.27846,-0.85574,-0.3076,0.24987,1.39595,1.88013,0.85642,0.45532,0.09214,-0.70891,-0.69203,-1.29983,-0.93407,-1.34734,-1.11788,-1.18239,-1.24884,-0.52714,0.0,-0.30783,0.72597,0.51825,0.90739,1.32455,1.14768,0.77709,0.32616,-0.0272,-0.1845
ASP101,0.21751,0.29461,0.92021,0.83602,0.5921,0.2323,0.82766,0.75548,0.25711,-0.29123,0.16732,0.29822,-0.23568,-0.71697,-0.86669,-1.00212,-0.39306,0.54308,1.49629,0.80951,0.78785,0.1993,-0.12125,-0.33173,-0.94465,-0.25822,0.09694,-0.83886,-0.74168,0.20899,0.00979,-0.62217,-1.56617,-1.91781,-1.96756,-2.38691,-2.66383,-2.62071,-2.95733,-1.98392,-1.46328,-1.3428,-0.27105,0.56199,-0.02154,0.32721,0.67922,0.17339,-0.46844,0.88424,1.40621,1.7234,1.43213,1.84783,1.1516,1.22434,1.32308,1.73719,1.5279,1.94031,0.97882,0.24496,0.17049,-0.18374,-0.2184,0.05413,-0.17642,0.54454,0.95754,1.51586,1.96347,0.73866,0.15944,0.11796,0.07998,-0.56723,-0.28393,-0.5709,-1.09472,-1.42149,-1.17764,-0.62733,-0.60935,0.67456,1.54802,0.41189,0.16104,-0.08003,-0.60815,-0.65911,-1.26703,-1.07459,-1.2968,-1.08081,-1.03007,-0.86207,0.36548,-0.30783,0.0,0.42956,0.93795,1.87415,1.72527,0.75202,0.04908,-0.15758,-0.19677,-0.41416
HIS102,-0.15521,0.21262,0.94451,0.30889,0.04603,-0.42007,0.09406,-0.10919,-0.34218,-0.7876,-0.23711,0.29764,0.46652,-0.28959,-0.44517,-0.51589,0.27788,0.81125,1.28554,0.71148,0.65564,0.15613,-0.23692,-0.56511,-1.12685,-0.71771,-0.47047,-1.23526,-1.4449,-0.6683,-0.70625,-1.31695,-1.93225,-1.7818,-1.55616,-1.96372,-2.15721,-1.83619,-2.46852,-1.4321,-1.29758,-1.68707,-0.92444,0.00825,-0.10984,0.57122,0.71343,0.34877,-0.19616,1.24966,2.13477,2.44432,2.09235,2.14993,1.62289,1.4132,1.46113,1.59343,1.1844,1.29531,0.64144,0.04254,0.11177,-0.264,-0.21863,-0.01102,-0.27522,0.4303,1.03848,2.1883,2.62354,1.54551,0.59325,0.5331,0.68766,-0.0309,-0.081,-0.33823,-0.86264,-0.63028,-0.20525,0.35521,-0.28115,0.7351,1.27222,0.55187,0.3127,-0.11283,-0.47294,-0.47153,-1.10266,-0.92358,-1.30281,-1.08896,-0.84396,-0.45846,0.42958,0.72597,0.42956,0.0,0.36255,0.67952,0.17919,-0.32528,-0.91801,-1.05835,-1.03065,-0.9538
TYR103,0.37245,0.04757,0.30202,0.3646,-0.17888,-0.75225,-0.19129,-0.36881,-0.72979,-0.99241,-0.39777,-0.17479,-0.14077,-0.22572,-0.28793,-0.59761,0.22703,0.79552,1.14132,0.71921,0.51893,0.26348,-0.32845,-0.94991,-1.71011,-1.21389,-0.72332,-1.4397,-1.81494,-1.1252,-0.8815,-1.50638,-2.25095,-2.00937,-1.82101,-2.15249,-2.1188,-1.73355,-1.99166,-1.50717,-0.55691,-0.76043,-0.60665,-0.00907,0.32618,0.81715,0.61865,0.29121,-0.32739,0.96978,1.61908,1.98916,1.69875,1.95051,1.2167,1.17337,1.02386,1.24716,1.21278,1.26899,0.95622,0.28849,0.28618,-0.19576,-0.14872,-0.10657,-0.41567,0.03929,0.58072,1.56725,2.296,1.70742,0.84833,0.69542,0.29042,-0.13865,-0.25109,-0.35606,-0.52506,-0.5435,-0.18952,0.2289,0.19927,1.00914,1.57276,0.82825,0.68022,-0.13486,-0.6031,-0.5955,-1.05273,-0.85129,-1.07476,-0.80432,-0.07779,0.44275,1.24376,0.51825,0.93795,0.36255,0.0,0.77167,0.76618,0.3035,-0.4462,-0.72979,-1.30546,-1.1004
GLN104,0.10134,-0.5298,0.01678,-0.12756,-0.46431,-0.97273,-0.56666,-0.69468,-0.91325,-1.03524,-0.24223,-0.29575,-0.26235,0.13652,0.45376,-0.1896,0.27156,1.04239,1.59864,0.81201,0.3617,-0.02017,-0.5113,-1.05417,-1.66917,-0.99607,-0.36844,-1.10134,-1.37675,-0.45377,-0.1747,-1.10288,-2.07264,-2.29006,-2.32097,-2.58076,-2.57673,-2.38247,-2.0261,-1.35728,-0.13969,-0.01489,0.3583,0.87325,0.80768,0.83494,0.65231,0.16351,-0.57894,0.59335,1.0054,1.42586,1.35798,1.71585,0.94516,1.17657,0.82941,1.35163,1.56168,2.02103,1.57581,0.86754,0.74283,0.24681,0.21238,0.14549,-0.08758,0.19713,0.56982,1.05035,1.71606,1.24658,0.53805,0.38611,0.11816,-0.47367,-0.33343,-0.58679,-0.79319,-1.36135,-1.12882,-0.44644,0.05006,0.84405,1.3627,0.20883,0.2682,-0.21162,-0.61503,-0.60739,-0.97421,-0.91795,-0.92055,-0.76692,-0.10403,0.58827,1.91083,0.90739,1.87415,0.67952,0.77167,0.0,1.46217,0.25482,-0.51696,-0.45499,-0.86136,-0.91177
THR105,-0.17485,-0.88571,-0.32491,-0.33573,-0.74071,-1.31014,-0.98992,-1.14384,-1.25597,-1.33475,-0.86523,-0.90754,-0.8993,-0.38918,-0.1279,-0.60623,-0.05606,0.6067,1.60444,1.20711,0.30839,-0.1122,-0.2782,-0.85751,-1.30272,-0.42731,0.30193,-0.30522,-0.5511,0.33498,0.60537,-0.22865,-1.39275,-1.71575,-2.01883,-2.19332,-1.92725,-1.93677,-1.50404,-0.96975,0.01733,0.49963,1.11716,1.344,1.00757,0.84854,0.65646,-0.06153,-0.64224,0.24472,0.226,0.82631,0.81236,1.10491,0.38794,0.83119,0.4118,1.02115,1.42562,1.93972,1.6538,0.9489,0.81137,0.39427,0.33084,0.10481,-0.10628,0.01321,0.25586,0.46983,1.01015,0.77677,0.31325,0.16035,-0.17723,-0.7607,-0.40793,-0.70908,-0.89407,-1.48956,-1.27051,-0.73904,-0.15165,0.61144,1.17077,0.00535,0.1226,-0.14359,-0.59323,-0.65347,-0.79504,-0.68425,-0.52852,-0.2939,0.63149,1.40117,2.71304,1.32455,1.72527,0.17919,0.76618,1.46217,0.0,-0.10729,-0.4272,-0.38778,-0.79083,-0.83134
PHE106,-0.01676,-1.00653,-0.32574,-1.07742,-1.04972,-1.49165,-1.51438,-1.70852,-1.5653,-1.70562,-1.58573,-1.56763,-1.52161,-1.5207,-1.179,-1.36281,-0.86173,-0.21168,0.77963,1.66462,0.83506,0.10628,0.42412,-0.43163,-1.05767,-0.07076,0.77314,0.20378,-0.09115,0.80347,1.00022,0.25628,-0.67137,-1.35806,-1.75915,-1.81183,-1.44354,-1.34254,-0.89261,-0.54878,0.30235,0.87588,1.41766,1.66476,1.40954,1.20619,1.11873,-0.08919,-0.52924,-0.02371,-0.05888,0.35101,0.49194,0.95006,0.19564,0.86856,0.40105,1.07419,1.40226,2.08103,2.06223,1.06111,0.73464,0.29407,0.24921,-0.01427,-0.22612,-0.18577,0.22866,0.32135,0.87058,0.66618,0.22977,0.1739,-0.51126,-0.81306,-0.26522,-0.52229,-0.74521,-1.26931,-1.12022,-0.76073,-0.2893,0.18793,1.01523,0.67357,0.83843,0.22073,-0.38753,-0.66837,-0.73632,-0.44111,-0.10096,0.47741,2.04168,2.51875,3.07169,1.14768,0.75202,-0.32528,0.3035,0.25482,-0.10729,0.0,0.05882,-0.69975,-1.09343,-1.05927
THR107,0.79835,-1.22363,-0.61734,-0.99163,-1.46712,-1.14408,-1.14298,-1.31108,-1.12784,-1.11146,-1.23378,-1.19553,-1.21699,-1.00589,-1.12776,-1.39314,-1.08108,-1.15389,-0.58403,0.93391,0.25378,0.08092,1.03492,0.58545,0.16168,1.13033,1.7434,1.34466,1.32995,2.01161,1.96926,1.45498,0.87626,0.25549,-0.58042,-0.64743,-0.36764,-0.48131,0.15785,0.30524,0.36935,1.2058,1.89448,1.63812,1.16393,0.53248,0.57018,-0.41911,-0.18732,-0.15587,-0.55827,-0.45637,-0.66115,-0.20056,-0.64809,-0.1191,-0.39652,0.02434,0.3183,0.92176,1.18377,0.52881,0.15064,-0.15749,-0.09969,-0.22032,-0.50178,-0.64175,-0.21522,-0.10521,0.38578,0.35152,-0.0852,-0.12083,-0.92178,-1.10642,-0.59652,-0.53016,-0.53589,-0.81869,-0.74598,-0.6708,-0.18275,0.06251,0.68372,0.7458,0.86315,0.45277,-0.26653,-0.57281,-0.31091,0.10562,0.42553,1.09701,2.72537,2.84703,2.45177,0.77709,0.04908,-0.91801,-0.4462,-0.51696,-0.4272,0.05882,0.0,-0.73179,-1.02727,-0.97798
LYS108,1.39448,-1.53344,-0.79867,-0.73511,-0.54967,0.19198,-0.51507,-0.49951,0.08903,-0.04994,-0.47929,-0.32115,0.0169,0.28476,-0.06878,-0.45729,-0.67033,-0.91351,-1.14033,-0.03582,-0.66539,-0.67382,0.39923,0.16244,0.18425,1.17555,1.46945,1.34207,1.57563,2.09894,2.08726,1.73307,1.35831,0.84526,0.07745,-0.00161,0.27243,0.07949,0.72074,0.8591,0.70383,1.64904,2.30492,1.86977,1.14042,0.10136,0.12247,-0.62482,-0.13209,-0.38947,-0.64459,-0.5158,-0.78597,-0.47944,-0.9234,-0.42424,-0.61701,-0.24365,0.09145,0.67036,0.96065,0.82834,0.26047,-0.04818,-0.17561,-0.4764,-0.65116,-0.71764,-0.05198,0.00422,0.28412,0.25581,-0.12608,-0.45328,-0.85473,-1.30114,-0.57574,-0.57731,-0.74226,-0.92035,-0.85448,-0.73747,-0.1133,-0.03999,0.22704,-0.00098,0.18345,0.40374,-0.32019,-0.72405,-0.39506,0.10126,0.50737,1.12293,1.74517,1.39642,1.29767,0.32616,-0.15758,-1.05835,-0.72979,-0.45499,-0.38778,-0.69975,-0.73179,0.0,-0.60209,-0.12595
ILE109,0.0,-0.49338,-0.24116,0.39275,0.62478,2.13152,1.18636,0.77119,1.88319,1.81076,0.79406,0.96454,1.29357,1.23902,0.74006,0.91612,0.25413,-0.42934,-1.50523,-1.33434,-1.21151,-0.86256,0.81636,1.63349,1.61675,2.10141,1.85842,1.77556,2.23609,2.19637,1.88906,2.05093,1.957,1.42009,0.5867,0.56139,0.73368,0.23774,0.75756,0.65293,-0.15328,0.67698,1.71322,1.15275,0.03882,-1.22538,-0.7188,-1.06704,0.38323,0.4111,0.1962,-0.14575,-0.55358,-0.28661,-0.96759,-0.90369,-0.93281,-0.73969,-0.78485,-0.13394,-0.20178,-0.44049,-1.04127,-0.98534,-0.823,-0.42792,-0.70794,-0.56198,0.11794,0.63167,1.11874,0.33711,0.12926,-0.45978,-0.66321,-1.01467,-0.69962,-0.59352,-0.22233,-0.66507,-0.8501,-0.81032,-0.54279,-0.61188,0.14737,0.20798,0.31448,0.89502,0.04443,-0.19526,0.10548,0.61617,0.87467,1.92387,1.34908,1.00498,0.4663,-0.0272,-0.19677,-1.03065,-1.30546,-0.86136,-0.79083,-1.09343,-1.02727,-0.60209,0.0,0.19936
ARG110,0.0,0.0,-0.9011,0.97625,1.6463,1.90905,0.51989,1.64847,2.36427,1.38708,0.71558,1.91587,1.88434,1.19508,1.0231,1.94199,1.57094,0.5777,-0.9053,-0.90704,-0.99128,-1.01649,0.18123,1.01504,1.16124,1.02953,0.71167,1.09095,1.50483,1.29655,1.20553,1.54791,1.64461,1.28045,0.537,0.60399,1.01868,0.58899,1.11162,0.88624,0.32523,0.82222,1.38903,0.95789,0.20683,-0.75217,-0.5553,-0.63231,0.32741,0.50102,0.46089,0.18402,-0.29487,0.04392,-0.60307,-0.69613,-0.63064,-0.47325,-0.65149,-0.22204,-0.39982,-0.49444,-0.75776,-0.87766,-0.61067,-0.50923,-0.79965,-0.64373,0.00107,0.72435,1.21126,0.22895,0.12843,-0.3169,-0.25017,-0.2646,0.03993,0.29166,0.54036,-0.02241,-0.47248,-0.4322,-0.41169,-0.57562,-0.11559,0.31485,0.69012,0.6741,-0.34102,-0.62196,-0.42847,0.0764,0.34409,2.15019,1.21779,0.16131,-0.27973,-0.1845,-0.41416,-0.9538,-1.1004,-0.91177,-0.83134,-1.05927,-0.97798,-0.12595,0.19936,0.0
