,MET1,LEU2,GLU3,GLY4,LYS5,VAL6,LYS7,TRP8,PHE9,ASN10,SER11,GLU12,LYS13,GLY14,PHE15,GLY16,PHE17,ILE18,GLU19,VAL20,GLU21,GLY22,GLN23,ASP24,ASP25,VAL26,PHE27,VAL28,HIS29,PHE30,SER31,ALA32,ILE33,GLN34,GLY35,GLU36,GLY37,PHE38,LYS39,THR40,LEU41,GLU42,GLU43,GLY44,GLN45,ALA46,VAL47,SER48,PHE49,GLU50,ILE51,VAL52,GLU53,GLY54,ASN55,ARG56,GLY57,PRO58,GLN59,ALA60,ALA61,ASN62,VAL63,THR64,LYS65,GLU66,ALA67
MET1,1.0,0.56557,0.36587,0.2342,0.1502,0.13138,-0.03256,0.0028,0.05207,0.05232,0.11098,0.08793,0.03267,0.09202,0.06148,0.01922,0.00995,0.05955,-0.04334,-0.13237,-0.22737,-0.23531,-0.27584,-0.0497,0.10565,0.07576,0.03922,0.05093,0.07242,0.08611,0.07466,0.10218,0.13739,0.0822,-0.22444,-0.29511,-0.30006,-0.29601,-0.03089,0.02859,0.09309,0.06652,0.04934,0.03642,0.12198,0.19844,0.29962,0.4036,0.4422,0.36951,0.14617,0.07482,-0.04985,-0.05613,-0.09283,-0.06452,-0.10369,-0.02686,0.13332,0.25959,0.3005,0.26359,0.26246,0.23095,0.1522,0.10401,0.00939
LEU2,0.56557,1.0,0.73423,0.40855,0.25576,0.15721,-0.05379,-0.016,0.01627,0.01449,0.1164,0.08779,0.00482,0.0637,-0.01414,-0.06129,-0.04684,0.03783,-0.04624,-0.0444,-0.24433,-0.30885,-0.33807,0.02001,0.05665,0.03522,-0.06096,-0.02645,0.01429,0.08041,0.0659,0.1367,0.18845,0.11795,-0.2088,-0.29232,-0.33332,-0.30876,-0.08434,0.12181,0.12985,0.05526,0.00091,0.02505,0.18683,0.3112,0.4399,0.58029,0.55319,0.42485,0.23658,0.15275,-0.04814,-0.05533,-0.09972,-0.09601,-0.12715,-0.05319,0.11831,0.24187,0.30955,0.28769,0.31618,0.2698,0.15993,0.11457,-0.03373
GLU3,0.36587,0.73423,1.0,0.62369,0.42876,0.28134,0.03254,0.03914,0.01883,-0.01619,0.07568,0.03585,-0.03071,0.01,-0.06419,-0.05958,0.00255,0.13214,0.04687,0.02372,-0.26298,-0.36522,-0.37898,0.01418,0.08244,0.0623,-0.07653,-0.0597,-0.04583,-0.00452,0.00108,0.09472,0.14839,0.09215,-0.25898,-0.29533,-0.32549,-0.31696,-0.03633,0.10427,0.12472,0.03862,0.02724,0.12607,0.28622,0.48143,0.594,0.63892,0.48412,0.35866,0.1786,0.07933,-0.05186,-0.03067,-0.06752,-0.06766,-0.12182,-0.07682,0.061,0.18359,0.24516,0.25396,0.3294,0.33758,0.24465,0.17608,0.0112
GLY4,0.2342,0.40855,0.62369,1.0,0.65221,0.38914,0.15955,0.10687,0.02988,-0.03035,0.02615,-0.0293,-0.08547,-0.04817,-0.08004,-0.0218,0.09669,0.27476,0.25011,0.11413,-0.16557,-0.29516,-0.29894,-0.0356,0.08958,0.10308,-0.01789,-0.03691,-0.05445,-0.05487,-0.0545,0.02443,0.08016,0.01822,-0.2303,-0.26837,-0.22403,-0.22271,-0.00716,0.02282,0.07803,-0.00558,0.03981,0.1935,0.27601,0.5291,0.54772,0.47693,0.32496,0.20833,0.0413,-0.03458,-0.10129,-0.06204,-0.06136,-0.03847,-0.13879,-0.12101,0.02985,0.15376,0.17218,0.14696,0.23473,0.26739,0.23873,0.16207,0.00516
LYS5,0.1502,0.25576,0.42876,0.65221,1.0,0.6493,0.33285,0.19109,0.07154,-0.04372,-0.02976,-0.10556,-0.14161,-0.10433,-0.0827,0.03471,0.20287,0.42682,0.3804,0.11669,-0.14258,-0.28168,-0.28154,-0.08069,0.10007,0.14361,0.0464,-0.01631,-0.066,-0.13769,-0.1188,-0.06246,0.01499,-0.04829,-0.24397,-0.25498,-0.17717,-0.18225,0.01073,0.02946,0.13209,0.0581,0.14934,0.35734,0.4417,0.54712,0.45683,0.34172,0.19546,0.11919,0.04728,-0.01287,-0.05196,-0.05658,-0.0397,-0.0169,-0.12126,-0.07889,0.0464,0.13189,0.1006,0.04875,0.13809,0.19084,0.17706,0.10019,-0.03499
VAL6,0.13138,0.15721,0.28134,0.38914,0.6493,1.0,0.55788,0.41274,0.30262,0.12378,0.0557,-0.01421,-0.05414,0.01222,0.07038,0.19433,0.34766,0.45673,0.3333,0.05657,-0.20366,-0.36043,-0.34283,-0.18951,0.17199,0.18187,0.155,0.0721,0.03825,-0.08367,-0.04746,-0.05973,-0.02276,-0.03124,-0.22142,-0.28526,-0.24479,-0.25046,-0.00684,0.06228,0.24845,0.27649,0.38385,0.40596,0.46427,0.40631,0.36305,0.26455,0.1415,0.08272,0.04578,0.00518,-0.03549,-0.10846,-0.08616,-0.04647,-0.14248,-0.0734,0.06164,0.13683,0.12596,0.05764,0.09729,0.15453,0.14309,0.07155,-0.03064
LYS7,-0.03256,-0.05379,0.03254,0.15955,0.33285,0.55788,1.0,0.64788,0.34376,0.12191,-0.00583,-0.10531,-0.12027,-0.08118,0.054,0.29814,0.47633,0.4662,0.38673,0.12729,-0.05654,-0.14569,-0.07956,-0.09868,0.11182,0.19987,0.19107,0.13379,0.00812,-0.12481,-0.12909,-0.12579,-0.15323,-0.13903,-0.05361,-0.02736,0.06392,0.06777,-0.04488,-0.0985,-0.03071,0.02284,0.16494,0.26093,0.11985,0.10187,0.04477,-0.00806,-0.10215,-0.11563,-0.07628,-0.08378,-0.0793,-0.12957,-0.08753,-0.06521,-0.1769,-0.13241,-0.03868,-0.02537,-0.07261,-0.12675,-0.10903,-0.05238,-0.04147,-0.066,-0.08925
TRP8,0.0028,-0.016,0.03914,0.10687,0.19109,0.41274,0.64788,1.0,0.75604,0.46995,0.21619,0.11609,0.05053,0.11145,0.28749,0.50744,0.51098,0.36969,0.22188,0.07303,-0.10912,-0.2419,-0.15725,-0.27267,0.1367,0.1307,0.21187,0.21077,0.1321,0.0192,0.03262,-0.03611,-0.1477,-0.10915,-0.05456,-0.12182,-0.10207,-0.076,-0.04377,0.04846,0.1322,0.10224,0.17187,0.13021,0.09045,0.07137,0.03649,0.00519,-0.04299,-0.08362,-0.04343,-0.05889,-0.06957,-0.13834,-0.11201,-0.10607,-0.17065,-0.11106,-0.04533,-0.0359,-0.05252,-0.09224,-0.11328,-0.07015,-0.0653,-0.04839,-0.06889
PHE9,0.05207,0.01627,0.01883,0.02988,0.07154,0.30262,0.34376,0.75604,1.0,0.72057,0.44053,0.36376,0.25402,0.3799,0.50792,0.56195,0.4266,0.25961,0.08173,0.0053,-0.13423,-0.24023,-0.1665,-0.33503,0.09539,0.06196,0.22825,0.29376,0.29318,0.16728,0.16981,0.04053,-0.10379,-0.09449,-0.12116,-0.25287,-0.28668,-0.24772,-0.03762,0.18417,0.30885,0.25143,0.17237,0.00582,0.08882,0.02893,0.02901,0.01952,0.0151,-0.02474,-0.00327,-0.01579,-0.04842,-0.14376,-0.14035,-0.13288,-0.15351,-0.0935,-0.00862,0.01771,0.01685,-0.03375,-0.06863,-0.04403,-0.06222,-0.04909,-0.08192
ASN10,0.05232,0.01449,-0.01619,-0.03035,-0.04372,0.12378,0.12191,0.46995,0.72057,1.0,0.56997,0.56271,0.4189,0.43007,0.50755,0.45193,0.2764,0.10571,-0.01747,0.01037,-0.07441,-0.16769,-0.09932,-0.32333,0.03944,-0.02339,0.14447,0.21883,0.27574,0.1851,0.19517,0.07948,-0.07718,-0.04595,-0.05037,-0.20897,-0.27324,-0.21941,-0.06372,0.19709,0.25051,0.18123,0.08593,-0.10271,-0.00585,-0.04238,-0.02552,-0.01973,0.00557,-0.0498,-0.02433,-0.03019,-0.05515,-0.14557,-0.15684,-0.1723,-0.15415,-0.09506,-0.05249,-0.03405,-0.01034,-0.03536,-0.08297,-0.06937,-0.08741,-0.05157,-0.07638
SER11,0.11098,0.1164,0.07568,0.02615,-0.02976,0.0557,-0.00583,0.21619,0.44053,0.56997,1.0,0.7323,0.37147,0.61992,0.37188,0.1908,0.06906,0.00856,-0.05513,-0.01295,-0.06484,-0.1491,-0.12086,-0.2414,0.01369,-0.0779,0.01996,0.11974,0.24132,0.18079,0.13627,0.0486,-0.06931,-0.08468,-0.17547,-0.30528,-0.33894,-0.29988,-0.04667,0.17922,0.20247,0.15099,0.03058,-0.09451,0.01352,-0.00621,0.02435,0.05976,0.08271,0.05127,0.03043,0.03289,-0.00134,-0.06589,-0.0765,-0.08473,-0.06468,-0.04233,-0.00126,0.02506,0.05617,0.01887,-0.02609,-0.01076,-0.05566,-0.03807,-0.06033
GLU12,0.08793,0.08779,0.03585,-0.0293,-0.10556,-0.01421,-0.10531,0.11609,0.36376,0.56271,0.7323,1.0,0.74484,0.70603,0.46034,0.19682,0.07058,-0.01944,-0.09642,-0.00747,-0.05388,-0.1425,-0.09567,-0.29378,0.02186,-0.07764,0.04329,0.13338,0.28356,0.26166,0.18844,0.08802,-0.02066,-0.01599,-0.1003,-0.25914,-0.35794,-0.30841,-0.11522,0.15813,0.17893,0.13268,0.01011,-0.17352,-0.04821,-0.06571,-0.01548,0.02293,0.06536,0.00311,0.00325,0.01875,-0.00886,-0.07915,-0.10089,-0.13132,-0.08594,-0.03938,-0.0156,0.00456,0.0402,0.02638,-0.01269,-0.02155,-0.06512,-0.04331,-0.07489
LYS13,0.03267,0.00482,-0.03071,-0.08547,-0.14161,-0.05414,-0.12027,0.05053,0.25402,0.4189,0.37147,0.74484,1.0,0.68099,0.54202,0.26575,0.13302,0.00396,-0.08793,0.00868,-0.0357,-0.12577,-0.06662,-0.31495,0.05728,-0.02286,0.14841,0.23134,0.35703,0.32154,0.22589,0.10604,0.00302,0.01571,-0.0209,-0.15536,-0.28716,-0.24324,-0.13673,0.08982,0.12723,0.11014,0.01721,-0.17791,-0.09467,-0.11251,-0.0613,-0.03783,0.01643,-0.04986,-0.0277,-0.00827,-0.03751,-0.1012,-0.12424,-0.14961,-0.11213,-0.04315,0.0005,-0.00105,0.0183,0.01606,-0.00167,-0.03334,-0.05903,-0.06423,-0.07316
GLY14,0.09202,0.0637,0.01,-0.04817,-0.10433,0.01222,-0.08118,0.11145,0.3799,0.43007,0.61992,0.70603,0.68099,1.0,0.70319,0.36446,0.18642,0.04543,-0.06664,-0.03238,-0.07955,-0.15003,-0.09933,-0.29169,0.06958,-0.0156,0.22197,0.35436,0.52737,0.4457,0.31768,0.16691,0.03886,-0.00658,-0.1772,-0.32853,-0.42611,-0.37307,-0.12608,0.13073,0.20217,0.1703,0.04115,-0.1491,-0.03377,-0.07906,-0.02188,0.01606,0.09228,0.04675,0.03006,0.03571,-0.02946,-0.11386,-0.14416,-0.14702,-0.11288,-0.03887,0.06942,0.09908,0.13006,0.08937,0.05394,0.01178,-0.03865,-0.05302,-0.06879
PHE15,0.06148,-0.01414,-0.06419,-0.08004,-0.0827,0.07038,0.054,0.28749,0.50792,0.50755,0.37188,0.46034,0.54202,0.70319,1.0,0.67046,0.44997,0.20872,0.00518,-0.01129,-0.10697,-0.20264,-0.12534,-0.36426,0.13367,0.13493,0.43406,0.57545,0.63538,0.47697,0.35612,0.1961,0.05076,0.01343,-0.0723,-0.25605,-0.32281,-0.2604,-0.14228,0.07387,0.15854,0.11844,0.06764,-0.1148,-0.0738,-0.11066,-0.05054,-0.03429,0.05467,-0.00427,-0.00078,-0.02392,-0.1054,-0.21257,-0.2325,-0.21782,-0.19021,-0.05777,0.09086,0.11177,0.12517,0.07731,0.05225,0.01886,-0.03034,-0.05481,-0.06658
GLY16,0.01922,-0.06129,-0.05958,-0.0218,0.03471,0.19433,0.29814,0.50744,0.56195,0.45193,0.1908,0.19682,0.26575,0.36446,0.67046,1.0,0.68668,0.39229,0.148,0.05783,-0.10976,-0.25315,-0.15913,-0.32115,0.18623,0.26326,0.49353,0.544,0.44197,0.24281,0.18553,0.08364,-0.06321,-0.06185,-0.03612,-0.14252,-0.15441,-0.0949,-0.11402,0.00918,0.09997,0.06838,0.08916,-0.00574,-0.03819,-0.05441,-0.04762,-0.05827,-0.0236,-0.04948,-0.01194,-0.06586,-0.12371,-0.21824,-0.21738,-0.18486,-0.20484,-0.06797,0.07094,0.07545,0.03279,-0.02725,-0.03885,-0.04526,-0.05068,-0.04875,-0.0483
PHE17,0.00995,-0.04684,0.00255,0.09669,0.20287,0.34766,0.47633,0.51098,0.4266,0.2764,0.06906,0.07058,0.13302,0.18642,0.44997,0.68668,1.0,0.72694,0.34446,0.13459,-0.14191,-0.35962,-0.23751,-0.29515,0.35279,0.52013,0.58029,0.46679,0.30497,0.08784,0.03687,-0.02432,-0.112,-0.08388,-0.01576,-0.0995,-0.06097,-0.00388,-0.088,-0.04069,0.01613,-0.0109,0.09155,0.08913,0.00643,0.02175,0.01038,-0.03273,-0.04539,-0.052,0.00317,-0.06388,-0.13448,-0.23351,-0.21374,-0.18145,-0.2456,-0.06784,0.11227,0.11618,0.0346,-0.05666,-0.05675,-0.02852,-0.00969,-0.0175,-0.02798
ILE18,0.05955,0.03783,0.13214,0.27476,0.42682,0.45673,0.4662,0.36969,0.25961,0.10571,0.00856,-0.01944,0.00396,0.04543,0.20872,0.39229,0.72694,1.0,0.59197,0.21682,-0.1322,-0.36539,-0.28502,-0.22119,0.3337,0.51375,0.42983,0.31666,0.16488,-0.02208,-0.0667,-0.09021,-0.10685,-0.0978,-0.13026,-0.16019,-0.07717,-0.03312,-0.03938,-0.04813,0.01869,0.01832,0.13228,0.18708,0.12234,0.16753,0.14616,0.08473,0.00175,-0.00233,0.02255,-0.0494,-0.11123,-0.1617,-0.13035,-0.10003,-0.20844,-0.07759,0.12058,0.15873,0.07685,-0.02716,-0.00304,0.04855,0.06114,0.02151,-0.03015
GLU19,-0.04334,-0.04624,0.04687,0.25011,0.3804,0.3333,0.38673,0.22188,0.08173,-0.01747,-0.05513,-0.09642,-0.08793,-0.06664,0.00518,0.148,0.34446,0.59197,1.0,0.53278,0.26121,0.04975,0.11049,-0.00557,0.03942,0.15037,0.16171,0.08665,-0.00235,-0.1085,-0.13583,-0.14956,-0.15187,-0.15558,-0.05287,-0.01466,0.10028,0.09515,0.01976,-0.05637,-0.03951,-0.02251,0.06113,0.10054,0.03045,0.06234,-0.0006,-0.05069,-0.12936,-0.15725,-0.16344,-0.17232,-0.19006,-0.21644,-0.14896,-0.09864,-0.29777,-0.25887,-0.08385,-0.0528,-0.09536,-0.15112,-0.13374,-0.07769,-0.06747,-0.10528,-0.11358
VAL20,-0.13237,-0.0444,0.02372,0.11413,0.11669,0.05657,0.12729,0.07303,0.0053,0.01037,-0.01295,-0.00747,0.00868,-0.03238,-0.01129,0.05783,0.13459,0.21682,0.53278,1.0,0.66991,0.12535,0.1593,-0.02458,-0.10463,-0.01353,0.01064,-0.02449,-0.06181,-0.09362,-0.12803,-0.14147,-0.1673,-0.16118,0.04172,0.11842,0.17311,0.18983,-0.00663,-0.02693,-0.06684,-0.0474,-0.00896,-0.05026,-0.08654,-0.08092,-0.12489,-0.13967,-0.1461,-0.20357,-0.20624,-0.21012,-0.19844,-0.14667,-0.11049,-0.10617,-0.2395,-0.24733,-0.21092,-0.21112,-0.22823,-0.22079,-0.21214,-0.18292,-0.17261,-0.16413,-0.13312
GLU21,-0.22737,-0.24433,-0.26298,-0.16557,-0.14258,-0.20366,-0.05654,-0.10912,-0.13423,-0.07441,-0.06484,-0.05388,-0.0357,-0.07955,-0.10697,-0.10976,-0.14191,-0.1322,0.26121,0.66991,1.0,0.58289,0.52196,0.147,-0.27159,-0.27601,-0.15672,-0.14207,-0.12565,-0.08018,-0.08828,-0.12569,-0.16493,-0.18169,0.122,0.23486,0.3139,0.26401,0.02337,-0.07286,-0.14614,-0.11045,-0.13498,-0.16663,-0.22639,-0.26093,-0.31533,-0.32303,-0.27297,-0.32344,-0.32021,-0.26201,-0.20429,-0.14321,-0.09402,-0.07342,-0.20301,-0.28135,-0.30224,-0.31472,-0.31185,-0.2759,-0.28514,-0.27831,-0.27404,-0.25366,-0.16099
GLY22,-0.23531,-0.30885,-0.36522,-0.29516,-0.28168,-0.36043,-0.14569,-0.2419,-0.24023,-0.16769,-0.1491,-0.1425,-0.12577,-0.15003,-0.20264,-0.25315,-0.35962,-0.36539,0.04975,0.12535,0.58289,1.0,0.89733,0.50834,-0.47636,-0.4689,-0.28287,-0.20272,-0.16249,-0.05364,-0.02456,-0.04785,-0.05944,-0.07768,0.15908,0.2807,0.33144,0.2288,0.00673,-0.14121,-0.21391,-0.16513,-0.24601,-0.22691,-0.28167,-0.34302,-0.37197,-0.36765,-0.31311,-0.30051,-0.32256,-0.22415,-0.17387,-0.15318,-0.11871,-0.08422,-0.17695,-0.25508,-0.30818,-0.29809,-0.24421,-0.18748,-0.23513,-0.26593,-0.28027,-0.26432,-0.13809
GLN23,-0.27584,-0.33807,-0.37898,-0.29894,-0.28154,-0.34283,-0.07956,-0.15725,-0.1665,-0.09932,-0.12086,-0.09567,-0.06662,-0.09933,-0.12534,-0.15913,-0.23751,-0.28502,0.11049,0.1593,0.52196,0.89733,1.0,0.52388,-0.3763,-0.39816,-0.21228,-0.15462,-0.11493,-0.03706,-0.01867,-0.0651,-0.08587,-0.09269,0.20475,0.29772,0.32346,0.2534,-0.02289,-0.10542,-0.19608,-0.16772,-0.24346,-0.25165,-0.3188,-0.37003,-0.40712,-0.40838,-0.37678,-0.39653,-0.3907,-0.28748,-0.22965,-0.18724,-0.13804,-0.10607,-0.229,-0.31156,-0.32446,-0.32438,-0.29722,-0.25423,-0.29216,-0.29968,-0.28693,-0.2695,-0.1456
ASP24,-0.0497,0.02001,0.01418,-0.0356,-0.08069,-0.18951,-0.09868,-0.27267,-0.33503,-0.32333,-0.2414,-0.29378,-0.31495,-0.29169,-0.36426,-0.32115,-0.29515,-0.22119,-0.00557,-0.02458,0.147,0.50834,0.52388,1.0,-0.14015,-0.08903,-0.20409,-0.20134,-0.22083,-0.12061,-0.05602,0.07934,0.1287,0.05478,0.01473,0.1098,0.13414,0.09664,-0.01746,-0.05294,-0.1531,-0.20658,-0.27227,-0.1279,-0.09417,-0.06852,-0.05989,-0.0016,0.01221,0.08804,-0.00461,-0.03465,-0.13457,-0.1772,-0.1903,-0.13632,-0.19456,-0.11722,-0.04131,0.03097,0.06325,0.07523,0.05759,-0.0074,-0.07983,-0.07624,-0.05012
ASP25,0.10565,0.05665,0.08244,0.08958,0.10007,0.17199,0.11182,0.1367,0.09539,0.03944,0.01369,0.02186,0.05728,0.06958,0.13367,0.18623,0.35279,0.3337,0.03942,-0.10463,-0.27159,-0.47636,-0.3763,-0.14015,1.0,0.61328,0.37118,0.19511,0.13244,0.01934,0.00249,-0.01368,-0.03199,-0.00085,-0.05445,-0.10819,-0.12303,-0.08805,0.0018,-0.03395,0.01604,0.02448,0.09143,0.07331,0.04867,0.08005,0.09624,0.0775,0.1013,0.10847,0.09315,0.02081,-0.06103,-0.06678,-0.04947,-0.01346,-0.11025,0.02778,0.21385,0.21006,0.13865,0.06536,0.07729,0.06955,0.10138,0.0872,0.04839
VAL26,0.07576,0.03522,0.0623,0.10308,0.14361,0.18187,0.19987,0.1307,0.06196,-0.02339,-0.0779,-0.07764,-0.02286,-0.0156,0.13493,0.26326,0.52013,0.51375,0.15037,-0.01353,-0.27601,-0.4689,-0.39816,-0.08903,0.61328,1.0,0.63843,0.37113,0.18933,0.01926,-0.029,0.03006,-0.00146,0.00027,-0.03887,-0.08511,-0.03899,0.02178,-0.01803,-0.06183,-0.05454,-0.07369,0.0314,0.08267,0.01238,0.0626,0.07704,0.06548,0.10609,0.19635,0.22792,0.0764,-0.07596,-0.17564,-0.18981,-0.13688,-0.13283,0.17986,0.377,0.36773,0.23262,0.10473,0.11779,0.10302,0.08637,0.05307,0.01695
PHE27,0.03922,-0.06096,-0.07653,-0.01789,0.0464,0.155,0.19107,0.21187,0.22825,0.14447,0.01996,0.04329,0.14841,0.22197,0.43406,0.49353,0.58029,0.42983,0.16171,0.01064,-0.15672,-0.28287,-0.21228,-0.20409,0.37118,0.63843,1.0,0.66566,0.4299,0.18939,0.12778,0.07119,-0.03871,-0.04335,-0.01274,-0.08982,-0.07792,-0.03342,-0.08288,-0.04928,-0.00635,-0.00318,0.07362,0.02424,-0.04737,-0.07102,-0.05168,-0.06126,0.04287,0.11307,0.12101,0.00725,-0.14281,-0.30034,-0.3052,-0.20876,-0.22059,0.06157,0.36452,0.34786,0.20538,0.06315,0.04366,0.00952,-0.00784,-0.0356,-0.01288
VAL28,0.05093,-0.02645,-0.0597,-0.03691,-0.01631,0.0721,0.13379,0.21077,0.29376,0.21883,0.11974,0.13338,0.23134,0.35436,0.57545,0.544,0.46679,0.31666,0.08665,-0.02449,-0.14207,-0.20272,-0.15462,-0.20134,0.19511,0.37113,0.66566,1.0,0.73902,0.43825,0.32769,0.24007,0.07584,-0.02787,-0.14292,-0.2215,-0.21835,-0.14256,-0.10891,0.0082,0.05094,0.01048,0.03104,-0.02953,-0.09434,-0.06861,-0.01668,-0.00295,0.09807,0.13266,0.0965,0.00909,-0.14014,-0.23737,-0.2651,-0.20026,-0.183,0.02594,0.26587,0.29359,0.24226,0.15183,0.1376,0.07557,0.00528,-0.03858,-0.04614
HIS29,0.07242,0.01429,-0.04583,-0.05445,-0.066,0.03825,0.00812,0.1321,0.29318,0.27574,0.24132,0.28356,0.35703,0.52737,0.63538,0.44197,0.30497,0.16488,-0.00235,-0.06181,-0.12565,-0.16249,-0.11493,-0.22083,0.13244,0.18933,0.4299,0.73902,1.0,0.63336,0.46983,0.33744,0.18104,0.04212,-0.14334,-0.3008,-0.33515,-0.25725,-0.11826,0.05597,0.08478,0.03713,0.0292,-0.07705,-0.08321,-0.08149,0.00112,0.02656,0.12622,0.09695,0.05333,0.01072,-0.10834,-0.20781,-0.23737,-0.18705,-0.16392,-0.00244,0.1989,0.22738,0.24987,0.17447,0.17172,0.12395,0.02931,-0.03221,-0.05035
PHE30,0.08611,0.08041,-0.00452,-0.05487,-0.13769,-0.08367,-0.12481,0.0192,0.16728,0.1851,0.18079,0.26166,0.32154,0.4457,0.47697,0.24281,0.08784,-0.02208,-0.1085,-0.09362,-0.08018,-0.05364,-0.03706,-0.12061,0.01934,0.01926,0.18939,0.43825,0.63336,1.0,0.73043,0.49497,0.38657,0.18975,-0.21429,-0.35481,-0.40568,-0.32948,-0.09888,0.15382,0.13529,0.05457,-0.02044,-0.11844,-0.11306,-0.08001,0.02541,0.08695,0.18201,0.12788,0.00448,0.00108,-0.08617,-0.10388,-0.14877,-0.12994,-0.0593,0.00583,0.10186,0.1582,0.27866,0.28524,0.26287,0.17169,0.02319,-0.0316,-0.08592
SER31,0.07466,0.0659,0.00108,-0.0545,-0.1188,-0.04746,-0.12909,0.03262,0.16981,0.19517,0.13627,0.18844,0.22589,0.31768,0.35612,0.18553,0.03687,-0.0667,-0.13583,-0.12803,-0.08828,-0.02456,-0.01867,-0.05602,0.00249,-0.029,0.12778,0.32769,0.46983,0.73043,1.0,0.69155,0.44805,0.24009,-0.1577,-0.33274,-0.43739,-0.37957,-0.07524,0.18994,0.17705,0.10221,-0.01799,-0.1328,-0.05522,-0.02529,0.0803,0.10811,0.20643,0.1531,0.03103,0.03784,-0.08806,-0.10899,-0.17365,-0.18752,-0.09865,-0.0002,0.11734,0.18747,0.31715,0.33984,0.30213,0.18186,0.04537,-0.0083,-0.05491
ALA32,0.10218,0.1367,0.09472,0.02443,-0.06246,-0.05973,-0.12579,-0.03611,0.04053,0.07948,0.0486,0.08802,0.10604,0.16691,0.1961,0.08364,-0.02432,-0.09021,-0.14956,-0.14147,-0.12569,-0.04785,-0.0651,0.07934,-0.01368,0.03006,0.07119,0.24007,0.33744,0.49497,0.69155,1.0,0.64614,0.39801,-0.09628,-0.30218,-0.37629,-0.31969,-0.1393,0.0974,0.06746,-0.00717,-0.08093,-0.07772,-0.01751,0.07413,0.17845,0.21761,0.32562,0.26871,0.09334,0.04772,-0.12664,-0.15886,-0.22825,-0.24357,-0.14749,0.00224,0.15619,0.25283,0.4151,0.48261,0.47547,0.30629,0.12687,0.05366,-0.04095
ILE33,0.13739,0.18845,0.14839,0.08016,0.01499,-0.02276,-0.15323,-0.1477,-0.10379,-0.07718,-0.06931,-0.02066,0.00302,0.03886,0.05076,-0.06321,-0.112,-0.10685,-0.15187,-0.1673,-0.16493,-0.05944,-0.08587,0.1287,-0.03199,-0.00146,-0.03871,0.07584,0.18104,0.38657,0.44805,0.64614,1.0,0.72697,-0.06498,-0.25449,-0.40174,-0.35579,-0.19873,0.05014,0.06124,-0.03235,-0.08316,-0.01906,0.06458,0.13059,0.24924,0.28534,0.38419,0.2886,0.11929,0.09029,-0.05732,-0.0846,-0.15402,-0.17101,-0.06316,0.04717,0.15088,0.28169,0.42459,0.53334,0.63827,0.44627,0.22245,0.07725,-0.08912
GLN34,0.0822,0.11795,0.09215,0.01822,-0.04829,-0.03124,-0.13903,-0.10915,-0.09449,-0.04595,-0.08468,-0.01599,0.01571,-0.00658,0.01343,-0.06185,-0.08388,-0.0978,-0.15558,-0.16118,-0.18169,-0.07768,-0.09269,0.05478,-0.00085,0.00027,-0.04335,-0.02787,0.04212,0.18975,0.24009,0.39801,0.72697,1.0,0.21277,-0.04842,-0.28774,-0.27061,-0.28003,-0.06024,-0.01558,-0.02384,-0.04413,-0.05351,0.00907,0.05002,0.15217,0.17832,0.23231,0.16005,0.04006,0.01499,-0.07374,-0.04877,-0.094,-0.10494,-0.01406,0.03825,0.05959,0.13119,0.26045,0.42592,0.44344,0.32816,0.17501,0.05718,-0.06985
GLY35,-0.22444,-0.2088,-0.25898,-0.2303,-0.24397,-0.22142,-0.05361,-0.05456,-0.12116,-0.05037,-0.17547,-0.1003,-0.0209,-0.1772,-0.0723,-0.03612,-0.01576,-0.13026,-0.05287,0.04172,0.122,0.15908,0.20475,0.01473,-0.05445,-0.03887,-0.01274,-0.14292,-0.14334,-0.21429,-0.1577,-0.09628,-0.06498,0.21277,1.0,0.64021,0.35317,0.2623,-0.13949,-0.18993,-0.25794,-0.1953,-0.1475,-0.19238,-0.30804,-0.36317,-0.37388,-0.36142,-0.31977,-0.32926,-0.26131,-0.21204,-0.11896,-0.03925,-0.01111,0.0071,0.07551,-0.03988,-0.18616,-0.27639,-0.27987,-0.23335,-0.29168,-0.31516,-0.34669,-0.30927,-0.23246
GLU36,-0.29511,-0.29232,-0.29533,-0.26837,-0.25498,-0.28526,-0.02736,-0.12182,-0.25287,-0.20897,-0.30528,-0.25914,-0.15536,-0.32853,-0.25605,-0.14252,-0.0995,-0.16019,-0.01466,0.11842,0.23486,0.2807,0.29772,0.1098,-0.10819,-0.08511,-0.08982,-0.2215,-0.3008,-0.35481,-0.33274,-0.30218,-0.25449,-0.04842,0.64021,1.0,0.58892,0.47618,-0.02247,-0.28026,-0.36495,-0.24775,-0.17359,-0.15191,-0.29455,-0.39008,-0.45676,-0.44353,-0.42808,-0.32082,-0.23852,-0.2401,-0.13032,-0.04914,-0.02116,0.0306,0.09221,-0.04037,-0.27532,-0.38391,-0.44002,-0.36687,-0.39512,-0.42436,-0.37034,-0.27856,-0.15358
GLY37,-0.30006,-0.33332,-0.32549,-0.22403,-0.17717,-0.24479,0.06392,-0.10207,-0.28668,-0.27324,-0.33894,-0.35794,-0.28716,-0.42611,-0.32281,-0.15441,-0.06097,-0.07717,0.10028,0.17311,0.3139,0.33144,0.32346,0.13414,-0.12303,-0.03899,-0.07792,-0.21835,-0.33515,-0.40568,-0.43739,-0.37629,-0.40174,-0.28774,0.35317,0.58892,1.0,0.83469,0.11153,-0.34846,-0.44228,-0.32241,-0.16476,-0.06545,-0.29839,-0.35561,-0.44529,-0.4511,-0.47302,-0.36903,-0.20138,-0.20429,-0.07271,-0.10656,-0.06067,-0.0271,0.03003,-0.02945,-0.2575,-0.38158,-0.4642,-0.44555,-0.47278,-0.41947,-0.31449,-0.22377,-0.08681
PHE38,-0.29601,-0.30876,-0.31696,-0.22271,-0.18225,-0.25046,0.06777,-0.076,-0.24772,-0.21941,-0.29988,-0.30841,-0.24324,-0.37307,-0.2604,-0.0949,-0.00388,-0.03312,0.09515,0.18983,0.26401,0.2288,0.2534,0.09664,-0.08805,0.02178,-0.03342,-0.14256,-0.25725,-0.32948,-0.37957,-0.31969,-0.35579,-0.27061,0.2623,0.47618,0.83469,1.0,0.08943,-0.23312,-0.3982,-0.32856,-0.14207,-0.10168,-0.35911,-0.36952,-0.4324,-0.42801,-0.45697,-0.36171,-0.1583,-0.15396,-0.04781,-0.08676,-0.06846,-0.05503,0.01088,-0.00539,-0.2125,-0.35547,-0.45731,-0.43721,-0.4664,-0.39513,-0.23377,-0.15409,-0.04031
LYS39,-0.03089,-0.08434,-0.03633,-0.00716,0.01073,-0.00684,-0.04488,-0.04377,-0.03762,-0.06372,-0.04667,-0.11522,-0.13673,-0.12608,-0.14228,-0.11402,-0.088,-0.03938,0.01976,-0.00663,0.02337,0.00673,-0.02289,-0.01746,0.0018,-0.01803,-0.08288,-0.10891,-0.11826,-0.09888,-0.07524,-0.1393,-0.19873,-0.28003,-0.13949,-0.02247,0.11153,0.08943,1.0,0.50386,0.29937,0.13158,0.05441,0.01834,0.05376,0.01668,-0.0492,-0.07011,-0.09457,-0.00226,0.03614,-0.0175,-0.02348,-0.1061,-0.11511,-0.04998,0.03514,0.04853,-0.05665,-0.05102,-0.09137,-0.12605,-0.11825,-0.08456,-0.08687,-0.05654,-0.00424
THR40,0.02859,0.12181,0.10427,0.02282,0.02946,0.06228,-0.0985,0.04846,0.18417,0.19709,0.17922,0.15813,0.08982,0.13073,0.07387,0.00918,-0.04069,-0.04813,-0.05637,-0.02693,-0.07286,-0.14121,-0.10542,-0.05294,-0.03395,-0.06183,-0.04928,0.0082,0.05597,0.15382,0.18994,0.0974,0.05014,-0.06024,-0.18993,-0.28026,-0.34846,-0.23312,0.50386,1.0,0.72554,0.32933,0.1024,-0.05375,0.13148,0.08829,0.09418,0.10652,0.09584,0.0564,0.07214,0.0622,0.02452,-0.05908,-0.10423,-0.11814,0.00339,0.05006,0.00721,0.03263,0.03683,0.01274,0.02541,0.04436,-0.01249,-0.01683,-0.0736
LEU41,0.09309,0.12985,0.12472,0.07803,0.13209,0.24845,-0.03071,0.1322,0.30885,0.25051,0.20247,0.17893,0.12723,0.20217,0.15854,0.09997,0.01613,0.01869,-0.03951,-0.06684,-0.14614,-0.21391,-0.19608,-0.1531,0.01604,-0.05454,-0.00635,0.05094,0.08478,0.13529,0.17705,0.06746,0.06124,-0.01558,-0.25794,-0.36495,-0.44228,-0.3982,0.29937,0.72554,1.0,0.6873,0.36557,0.05053,0.30931,0.2029,0.17721,0.16123,0.13559,0.09435,0.09288,0.08997,0.05262,-0.0362,-0.06925,-0.07363,0.00372,0.04961,0.04926,0.09278,0.10799,0.06901,0.08266,0.08202,0.02782,-0.02408,-0.10753
GLU42,0.06652,0.05526,0.03862,-0.00558,0.0581,0.27649,0.02284,0.10224,0.25143,0.18123,0.15099,0.13268,0.11014,0.1703,0.11844,0.06838,-0.0109,0.01832,-0.02251,-0.0474,-0.11045,-0.16513,-0.16772,-0.20658,0.02448,-0.07369,-0.00318,0.01048,0.03713,0.05457,0.10221,-0.00717,-0.03235,-0.02384,-0.1953,-0.24775,-0.32241,-0.32856,0.13158,0.32933,0.6873,1.0,0.71309,0.07334,0.33011,0.14324,0.09566,0.07192,0.0472,0.04371,0.04673,0.07908,0.06979,0.00551,0.00493,0.01314,0.00033,0.00841,0.01198,0.03412,0.06145,0.03729,0.02039,0.03013,0.00184,-0.07464,-0.1463
GLU43,0.04934,0.00091,0.02724,0.03981,0.14934,0.38385,0.16494,0.17187,0.17237,0.08593,0.03058,0.01011,0.01721,0.04115,0.06764,0.08916,0.09155,0.13228,0.06113,-0.00896,-0.13498,-0.24601,-0.24346,-0.27227,0.09143,0.0314,0.07362,0.03104,0.0292,-0.02044,-0.01799,-0.08093,-0.08316,-0.04413,-0.1475,-0.17359,-0.16476,-0.14207,0.05441,0.1024,0.36557,0.71309,1.0,0.33946,0.26959,0.1459,0.09815,0.06903,0.01124,0.00735,0.02627,0.04411,0.06627,-0.01189,0.01617,0.04525,-0.02707,-0.01635,0.01199,0.02052,0.02386,0.00176,-0.00894,0.02402,0.03025,-0.04861,-0.08466
GLY44,0.03642,0.02505,0.12607,0.1935,0.35734,0.40596,0.26093,0.13021,0.00582,-0.10271,-0.09451,-0.17352,-0.17791,-0.1491,-0.1148,-0.00574,0.08913,0.18708,0.10054,-0.05026,-0.16663,-0.22691,-0.25165,-0.1279,0.07331,0.08267,0.02424,-0.02953,-0.07705,-0.11844,-0.1328,-0.07772,-0.01906,-0.05351,-0.19238,-0.15191,-0.06545,-0.10168,0.01834,-0.05375,0.05053,0.07334,0.33946,1.0,0.58385,0.36702,0.243,0.17882,0.10578,0.10088,0.07963,0.04529,0.04518,0.00198,0.03514,0.08402,0.01278,0.00052,0.03615,0.07534,0.06288,0.04883,0.09562,0.149,0.10668,0.07186,0.01536
GLN45,0.12198,0.18683,0.28622,0.27601,0.4417,0.46427,0.11985,0.09045,0.08882,-0.00585,0.01352,-0.04821,-0.09467,-0.03377,-0.0738,-0.03819,0.00643,0.12234,0.03045,-0.08654,-0.22639,-0.28167,-0.3188,-0.09417,0.04867,0.01238,-0.04737,-0.09434,-0.08321,-0.11306,-0.05522,-0.01751,0.06458,0.00907,-0.30804,-0.29455,-0.29839,-0.35911,0.05376,0.13148,0.30931,0.33011,0.26959,0.58385,1.0,0.63395,0.43529,0.33025,0.25141,0.22392,0.15794,0.11383,0.06774,0.02538,0.01309,0.02735,0.00851,0.01461,0.06635,0.14089,0.15286,0.13961,0.20613,0.23707,0.18629,0.1449,0.02016
ALA46,0.19844,0.3112,0.48143,0.5291,0.54712,0.40631,0.10187,0.07137,0.02893,-0.04238,-0.00621,-0.06571,-0.11251,-0.07906,-0.11066,-0.05441,0.02175,0.16753,0.06234,-0.08092,-0.26093,-0.34302,-0.37003,-0.06852,0.08005,0.0626,-0.07102,-0.06861,-0.08149,-0.08001,-0.02529,0.07413,0.13059,0.05002,-0.36317,-0.39008,-0.35561,-0.36952,0.01668,0.08829,0.2029,0.14324,0.1459,0.36702,0.63395,1.0,0.74991,0.5417,0.3823,0.27061,0.1498,0.07487,0.01059,0.02627,0.00875,0.01471,-0.02659,-0.01474,0.09811,0.20895,0.22496,0.22908,0.34986,0.41613,0.4265,0.33131,0.07161
VAL47,0.29962,0.4399,0.594,0.54772,0.45683,0.36305,0.04477,0.03649,0.02901,-0.02552,0.02435,-0.01548,-0.0613,-0.02188,-0.05054,-0.04762,0.01038,0.14616,-0.0006,-0.12489,-0.31533,-0.37197,-0.40712,-0.05989,0.09624,0.07704,-0.05168,-0.01668,0.00112,0.02541,0.0803,0.17845,0.24924,0.15217,-0.37388,-0.45676,-0.44529,-0.4324,-0.0492,0.09418,0.17721,0.09566,0.09815,0.243,0.43529,0.74991,1.0,0.78899,0.57142,0.37321,0.18448,0.09083,-0.02123,-0.02021,-0.05583,-0.0413,-0.07013,-0.0273,0.12813,0.27378,0.35312,0.3862,0.51542,0.60441,0.55604,0.34696,0.08889
SER48,0.4036,0.58029,0.63892,0.47693,0.34172,0.26455,-0.00806,0.00519,0.01952,-0.01973,0.05976,0.02293,-0.03783,0.01606,-0.03429,-0.05827,-0.03273,0.08473,-0.05069,-0.13967,-0.32303,-0.36765,-0.40838,-0.0016,0.0775,0.06548,-0.06126,-0.00295,0.02656,0.08695,0.10811,0.21761,0.28534,0.17832,-0.36142,-0.44353,-0.4511,-0.42801,-0.07011,0.10652,0.16123,0.07192,0.06903,0.17882,0.33025,0.5417,0.78899,1.0,0.74079,0.47595,0.23173,0.11562,-0.04,-0.04013,-0.0858,-0.05576,-0.08028,-0.03154,0.12846,0.28686,0.39873,0.44032,0.55502,0.61213,0.44878,0.29803,0.05341
PHE49,0.4422,0.55319,0.48412,0.32496,0.19546,0.1415,-0.10215,-0.04299,0.0151,0.00557,0.08271,0.06536,0.01643,0.09228,0.05467,-0.0236,-0.04539,0.00175,-0.12936,-0.1461,-0.27297,-0.31311,-0.37678,0.01221,0.1013,0.10609,0.04287,0.09807,0.12622,0.18201,0.20643,0.32562,0.38419,0.23231,-0.31977,-0.42808,-0.47302,-0.45697,-0.09457,0.09584,0.13559,0.0472,0.01124,0.10578,0.25141,0.3823,0.57142,0.74079,1.0,0.71869,0.38017,0.20691,-0.05651,-0.09924,-0.17413,-0.13972,-0.12678,0.01867,0.2473,0.4443,0.56964,0.57563,0.6373,0.54958,0.3331,0.16888,-0.01703
GLU50,0.36951,0.42485,0.35866,0.20833,0.11919,0.08272,-0.11563,-0.08362,-0.02474,-0.0498,0.05127,0.00311,-0.04986,0.04675,-0.00427,-0.04948,-0.052,-0.00233,-0.15725,-0.20357,-0.32344,-0.30051,-0.39653,0.08804,0.10847,0.19635,0.11307,0.13266,0.09695,0.12788,0.1531,0.26871,0.2886,0.16005,-0.32926,-0.32082,-0.36903,-0.36171,-0.00226,0.0564,0.09435,0.04371,0.00735,0.10088,0.22392,0.27061,0.37321,0.47595,0.71869,1.0,0.65426,0.34659,-0.01551,-0.10757,-0.20075,-0.13914,-0.10924,0.10572,0.36308,0.54361,0.63554,0.5819,0.5414,0.37757,0.20239,0.10364,0.02155
ILE51,0.14617,0.23658,0.1786,0.0413,0.04728,0.04578,-0.07628,-0.04343,-0.00327,-0.02433,0.03043,0.00325,-0.0277,0.03006,-0.00078,-0.01194,0.00317,0.02255,-0.16344,-0.20624,-0.32021,-0.32256,-0.3907,-0.00461,0.09315,0.22792,0.12101,0.0965,0.05333,0.00448,0.03103,0.09334,0.11929,0.04006,-0.26131,-0.23852,-0.20138,-0.1583,0.03614,0.07214,0.09288,0.04673,0.02627,0.07963,0.15794,0.1498,0.18448,0.23173,0.38017,0.65426,1.0,0.70308,0.22242,-0.05534,-0.17973,-0.14234,-0.02288,0.33751,0.5196,0.49455,0.42149,0.30033,0.28948,0.17424,0.10692,0.05712,0.02454
VAL52,0.07482,0.15275,0.07933,-0.03458,-0.01287,0.00518,-0.08378,-0.05889,-0.01579,-0.03019,0.03289,0.01875,-0.00827,0.03571,-0.02392,-0.06586,-0.06388,-0.0494,-0.17232,-0.21012,-0.26201,-0.22415,-0.28748,-0.03465,0.02081,0.0764,0.00725,0.00909,0.01072,0.00108,0.03784,0.04772,0.09029,0.01499,-0.21204,-0.2401,-0.20429,-0.15396,-0.0175,0.0622,0.08997,0.07908,0.04411,0.04529,0.11383,0.07487,0.09083,0.11562,0.20691,0.34659,0.70308,1.0,0.56869,0.12827,-0.02529,-0.12878,0.00085,0.36587,0.46169,0.37404,0.33241,0.2088,0.18962,0.0849,0.06084,0.01673,0.01357
GLU53,-0.04985,-0.04814,-0.05186,-0.10129,-0.05196,-0.03549,-0.0793,-0.06957,-0.04842,-0.05515,-0.00134,-0.00886,-0.03751,-0.02946,-0.1054,-0.12371,-0.13448,-0.11123,-0.19006,-0.19844,-0.20429,-0.17387,-0.22965,-0.13457,-0.06103,-0.07596,-0.14281,-0.14014,-0.10834,-0.08617,-0.08806,-0.12664,-0.05732,-0.07374,-0.11896,-0.13032,-0.07271,-0.04781,-0.02348,0.02452,0.05262,0.06979,0.06627,0.04518,0.06774,0.01059,-0.02123,-0.04,-0.05651,-0.01551,0.22242,0.56869,1.0,0.46266,0.3971,0.01882,0.12119,0.30035,0.15259,0.05441,0.01669,-0.03097,-0.0322,-0.03142,0.01846,0.02155,0.07122
GLY54,-0.05613,-0.05533,-0.03067,-0.06204,-0.05658,-0.10846,-0.12957,-0.13834,-0.14376,-0.14557,-0.06589,-0.07915,-0.1012,-0.11386,-0.21257,-0.21824,-0.23351,-0.1617,-0.21644,-0.14667,-0.14321,-0.15318,-0.18724,-0.1772,-0.06678,-0.17564,-0.30034,-0.23737,-0.20781,-0.10388,-0.10899,-0.15886,-0.0846,-0.04877,-0.03925,-0.04914,-0.10656,-0.08676,-0.1061,-0.05908,-0.0362,0.00551,-0.01189,0.00198,0.02538,0.02627,-0.02021,-0.04013,-0.09924,-0.10757,-0.05534,0.12827,0.46266,1.0,0.82524,0.3019,0.37791,0.07526,-0.08158,-0.12698,-0.14063,-0.09937,-0.08807,-0.05243,0.0089,0.06636,0.06416
ASN55,-0.09283,-0.09972,-0.06752,-0.06136,-0.0397,-0.08616,-0.08753,-0.11201,-0.14035,-0.15684,-0.0765,-0.10089,-0.12424,-0.14416,-0.2325,-0.21738,-0.21374,-0.13035,-0.14896,-0.11049,-0.09402,-0.11871,-0.13804,-0.1903,-0.04947,-0.18981,-0.3052,-0.2651,-0.23737,-0.14877,-0.17365,-0.22825,-0.15402,-0.094,-0.01111,-0.02116,-0.06067,-0.06846,-0.11511,-0.10423,-0.06925,0.00493,0.01617,0.03514,0.01309,0.00875,-0.05583,-0.0858,-0.17413,-0.20075,-0.17973,-0.02529,0.3971,0.82524,1.0,0.55875,0.37684,-0.01785,-0.1513,-0.20563,-0.22421,-0.17169,-0.15595,-0.08579,-0.0091,0.03196,0.04778
ARG56,-0.06452,-0.09601,-0.06766,-0.03847,-0.0169,-0.04647,-0.06521,-0.10607,-0.13288,-0.1723,-0.08473,-0.13132,-0.14961,-0.14702,-0.21782,-0.18486,-0.18145,-0.10003,-0.09864,-0.10617,-0.07342,-0.08422,-0.10607,-0.13632,-0.01346,-0.13688,-0.20876,-0.20026,-0.18705,-0.12994,-0.18752,-0.24357,-0.17101,-0.10494,0.0071,0.0306,-0.0271,-0.05503,-0.04998,-0.11814,-0.07363,0.01314,0.04525,0.08402,0.02735,0.01471,-0.0413,-0.05576,-0.13972,-0.13914,-0.14234,-0.12878,0.01882,0.3019,0.55875,1.0,0.58428,0.07751,-0.06742,-0.16298,-0.20151,-0.15453,-0.13385,-0.05655,-0.00669,-0.01505,0.01593
GLY57,-0.10369,-0.12715,-0.12182,-0.13879,-0.12126,-0.14248,-0.1769,-0.17065,-0.15351,-0.15415,-0.06468,-0.08594,-0.11213,-0.11288,-0.19021,-0.20484,-0.2456,-0.20844,-0.29777,-0.2395,-0.20301,-0.17695,-0.229,-0.19456,-0.11025,-0.13283,-0.22059,-0.183,-0.16392,-0.0593,-0.09865,-0.14749,-0.06316,-0.01406,0.07551,0.09221,0.03003,0.01088,0.03514,0.00339,0.00372,0.00033,-0.02707,0.01278,0.00851,-0.02659,-0.07013,-0.08028,-0.12678,-0.10924,-0.02288,0.00085,0.12119,0.37791,0.37684,0.58428,1.0,0.50314,0.01192,-0.13274,-0.16759,-0.09736,-0.08985,-0.02526,0.00799,0.01702,0.02589
PRO58,-0.02686,-0.05319,-0.07682,-0.12101,-0.07889,-0.0734,-0.13241,-0.11106,-0.0935,-0.09506,-0.04233,-0.03938,-0.04315,-0.03887,-0.05777,-0.06797,-0.06784,-0.07759,-0.25887,-0.24733,-0.28135,-0.25508,-0.31156,-0.11722,0.02778,0.17986,0.06157,0.02594,-0.00244,0.00583,-0.0002,0.00224,0.04717,0.03825,-0.03988,-0.04037,-0.02945,-0.00539,0.04853,0.05006,0.04961,0.00841,-0.01635,0.00052,0.01461,-0.01474,-0.0273,-0.03154,0.01867,0.10572,0.33751,0.36587,0.30035,0.07526,-0.01785,0.07751,0.50314,1.0,0.50533,0.2283,0.09129,0.04169,0.04982,0.03754,0.04164,0.0237,0.03619
GLN59,0.13332,0.11831,0.061,0.02985,0.0464,0.06164,-0.03868,-0.04533,-0.00862,-0.05249,-0.00126,-0.0156,0.0005,0.06942,0.09086,0.07094,0.11227,0.12058,-0.08385,-0.21092,-0.30224,-0.30818,-0.32446,-0.04131,0.21385,0.377,0.36452,0.26587,0.1989,0.10186,0.11734,0.15619,0.15088,0.05959,-0.18616,-0.27532,-0.2575,-0.2125,-0.05665,0.00721,0.04926,0.01198,0.01199,0.03615,0.06635,0.09811,0.12813,0.12846,0.2473,0.36308,0.5196,0.46169,0.15259,-0.08158,-0.1513,-0.06742,0.01192,0.50533,1.0,0.71956,0.45859,0.24498,0.2688,0.1737,0.12806,0.06193,0.03935
ALA60,0.25959,0.24187,0.18359,0.15376,0.13189,0.13683,-0.02537,-0.0359,0.01771,-0.03405,0.02506,0.00456,-0.00105,0.09908,0.11177,0.07545,0.11618,0.15873,-0.0528,-0.21112,-0.31472,-0.29809,-0.32438,0.03097,0.21006,0.36773,0.34786,0.29359,0.22738,0.1582,0.18747,0.25283,0.28169,0.13119,-0.27639,-0.38391,-0.38158,-0.35547,-0.05102,0.03263,0.09278,0.03412,0.02052,0.07534,0.14089,0.20895,0.27378,0.28686,0.4443,0.54361,0.49455,0.37404,0.05441,-0.12698,-0.20563,-0.16298,-0.13274,0.2283,0.71956,1.0,0.71446,0.40892,0.44621,0.31405,0.20703,0.10175,0.02316
ALA61,0.3005,0.30955,0.24516,0.17218,0.1006,0.12596,-0.07261,-0.05252,0.01685,-0.01034,0.05617,0.0402,0.0183,0.13006,0.12517,0.03279,0.0346,0.07685,-0.09536,-0.22823,-0.31185,-0.24421,-0.29722,0.06325,0.13865,0.23262,0.20538,0.24226,0.24987,0.27866,0.31715,0.4151,0.42459,0.26045,-0.27987,-0.44002,-0.4642,-0.45731,-0.09137,0.03683,0.10799,0.06145,0.02386,0.06288,0.15286,0.22496,0.35312,0.39873,0.56964,0.63554,0.42149,0.33241,0.01669,-0.14063,-0.22421,-0.20151,-0.16759,0.09129,0.45859,0.71446,1.0,0.73396,0.63555,0.45283,0.25634,0.09962,-0.0073
ASN62,0.26359,0.28769,0.25396,0.14696,0.04875,0.05764,-0.12675,-0.09224,-0.03375,-0.03536,0.01887,0.02638,0.01606,0.08937,0.07731,-0.02725,-0.05666,-0.02716,-0.15112,-0.22079,-0.2759,-0.18748,-0.25423,0.07523,0.06536,0.10473,0.06315,0.15183,0.17447,0.28524,0.33984,0.48261,0.53334,0.42592,-0.23335,-0.36687,-0.44555,-0.43721,-0.12605,0.01274,0.06901,0.03729,0.00176,0.04883,0.13961,0.22908,0.3862,0.44032,0.57563,0.5819,0.30033,0.2088,-0.03097,-0.09937,-0.17169,-0.15453,-0.09736,0.04169,0.24498,0.40892,0.73396,1.0,0.77859,0.54446,0.3,0.08957,-0.04904
VAL63,0.26246,0.31618,0.3294,0.23473,0.13809,0.09729,-0.10903,-0.11328,-0.06863,-0.08297,-0.02609,-0.01269,-0.00167,0.05394,0.05225,-0.03885,-0.05675,-0.00304,-0.13374,-0.21214,-0.28514,-0.23513,-0.29216,0.05759,0.07729,0.11779,0.04366,0.1376,0.17172,0.26287,0.30213,0.47547,0.63827,0.44344,-0.29168,-0.39512,-0.47278,-0.4664,-0.11825,0.02541,0.08266,0.02039,-0.00894,0.09562,0.20613,0.34986,0.51542,0.55502,0.6373,0.5414,0.28948,0.18962,-0.0322,-0.08807,-0.15595,-0.13385,-0.08985,0.04982,0.2688,0.44621,0.63555,0.77859,1.0,0.73903,0.42808,0.15326,-0.06457
THR64,0.23095,0.2698,0.33758,0.26739,0.19084,0.15453,-0.05238,-0.07015,-0.04403,-0.06937,-0.01076,-0.02155,-0.03334,0.01178,0.01886,-0.04526,-0.02852,0.04855,-0.07769,-0.18292,-0.27831,-0.26593,-0.29968,-0.0074,0.06955,0.10302,0.00952,0.07557,0.12395,0.17169,0.18186,0.30629,0.44627,0.32816,-0.31516,-0.42436,-0.41947,-0.39513,-0.08456,0.04436,0.08202,0.03013,0.02402,0.149,0.23707,0.41613,0.60441,0.61213,0.54958,0.37757,0.17424,0.0849,-0.03142,-0.05243,-0.08579,-0.05655,-0.02526,0.03754,0.1737,0.31405,0.45283,0.54446,0.73903,1.0,0.65743,0.27899,0.00024
LYS65,0.1522,0.15993,0.24465,0.23873,0.17706,0.14309,-0.04147,-0.0653,-0.06222,-0.08741,-0.05566,-0.06512,-0.05903,-0.03865,-0.03034,-0.05068,-0.00969,0.06114,-0.06747,-0.17261,-0.27404,-0.28027,-0.28693,-0.07983,0.10138,0.08637,-0.00784,0.00528,0.02931,0.02319,0.04537,0.12687,0.22245,0.17501,-0.34669,-0.37034,-0.31449,-0.23377,-0.08687,-0.01249,0.02782,0.00184,0.03025,0.10668,0.18629,0.4265,0.55604,0.44878,0.3331,0.20239,0.10692,0.06084,0.01846,0.0089,-0.0091,-0.00669,0.00799,0.04164,0.12806,0.20703,0.25634,0.3,0.42808,0.65743,1.0,0.63831,0.27496
GLU66,0.10401,0.11457,0.17608,0.16207,0.10019,0.07155,-0.066,-0.04839,-0.04909,-0.05157,-0.03807,-0.04331,-0.06423,-0.05302,-0.05481,-0.04875,-0.0175,0.02151,-0.10528,-0.16413,-0.25366,-0.26432,-0.2695,-0.07624,0.0872,0.05307,-0.0356,-0.03858,-0.03221,-0.0316,-0.0083,0.05366,0.07725,0.05718,-0.30927,-0.27856,-0.22377,-0.15409,-0.05654,-0.01683,-0.02408,-0.07464,-0.04861,0.07186,0.1449,0.33131,0.34696,0.29803,0.16888,0.10364,0.05712,0.01673,0.02155,0.06636,0.03196,-0.01505,0.01702,0.0237,0.06193,0.10175,0.09962,0.08957,0.15326,0.27899,0.63831,1.0,0.60492
ALA67,0.00939,-0.03373,0.0112,0.00516,-0.03499,-0.03064,-0.08925,-0.06889,-0.08192,-0.07638,-0.06033,-0.07489,-0.07316,-0.06879,-0.06658,-0.0483,-0.02798,-0.03015,-0.11358,-0.13312,-0.16099,-0.13809,-0.1456,-0.05012,0.04839,0.01695,-0.01288,-0.04614,-0.05035,-0.08592,-0.05491,-0.04095,-0.08912,-0.06985,-0.23246,-0.15358,-0.08681,-0.04031,-0.00424,-0.0736,-0.10753,-0.1463,-0.08466,0.01536,0.02016,0.07161,0.08889,0.05341,-0.01703,0.02155,0.02454,0.01357,0.07122,0.06416,0.04778,0.01593,0.02589,0.03619,0.03935,0.02316,-0.0073,-0.04904,-0.06457,0.00024,0.27496,0.60492,1.0
