,MET1,THR2,TYR3,LYS4,LEU5,ILE6,LEU7,ASN8,GLY9,LYS10,THR11,LEU12,LYS13,GLY14,GLU15,THR16,THR17,THR18,GLU19,ALA20,VAL21,ASP22,ALA23,ALA24,THR25,ALA26,GLU27,LYS28,VAL29,PHE30,LYS31,GLN32,TYR33,ALA34,ASN35,ASP36,ASN37,GLY38,VAL39,ASP40,GLY41,GLU42,TRP43,THR44,TYR45,ASP46,ASP47,ALA48,THR49,LYS50,THR51,PHE52,THR53,VAL54,THR55,GLU56
MET1,0.0,0.47443,-1.25939,-1.58761,-1.40179,-1.20971,-0.52673,0.34903,0.96549,1.19343,0.68174,0.12861,-0.31704,-1.21661,-1.40975,-1.01413,-0.1827,1.06739,3.33954,3.45772,3.56521,2.22866,0.88333,-0.00621,0.8161,0.39745,-0.49308,-0.30077,0.00615,0.02547,-0.21816,-0.42298,0.13614,0.17177,-0.3286,-0.61512,-0.32134,-0.77184,-0.56926,-0.22813,0.61028,0.85336,0.50517,0.40287,-0.23593,-0.62645,-0.73335,-0.9584,-1.21203,-1.50124,-1.60655,-1.79085,-1.7204,-1.41241,0.0,0.0
THR2,0.47443,0.0,-2.36636,-2.2858,-1.37575,-0.89781,-0.15635,0.31451,0.4186,0.43645,-0.16745,-0.66526,-0.83848,-0.97193,-0.94824,-0.17713,1.02716,2.3817,3.77574,2.61327,2.37415,0.98489,0.09298,-0.72415,0.30763,0.37463,-0.3922,-0.2004,0.24476,0.60063,0.37449,0.10987,0.66298,1.07245,0.52828,0.00228,0.08898,-0.18045,-0.2478,-0.15788,0.62162,0.85728,0.65796,0.56159,0.06688,-0.46503,-0.62275,-0.93225,-1.04429,-1.05957,-1.15073,-0.81217,-0.25399,0.38622,0.768,0.0
TYR3,-1.25939,-2.36636,0.0,-0.84177,-0.73949,-0.44552,0.06615,-0.12107,-0.14325,-0.35859,-0.74628,-1.08469,-0.80817,-0.24289,0.01998,0.83042,1.79719,2.20848,2.09289,0.82013,0.17514,-0.026,-0.07556,-0.4352,-0.07422,0.3733,0.43441,0.12857,-0.13975,1.2545,1.10784,0.25827,0.7316,1.50928,1.02339,0.31708,0.4216,0.26842,0.03699,-0.51809,-0.3342,-0.24516,0.11789,0.47912,0.74509,0.37012,0.10131,-0.37209,-0.24235,0.06334,0.43281,0.7234,0.62624,0.91139,0.64408,0.64442
LYS4,-1.58761,-2.2858,-0.84177,0.0,0.34175,0.52221,0.40114,-0.37464,-0.93797,-1.56517,-1.80702,-1.78048,-0.7966,1.4844,2.01621,2.42178,2.03317,1.07,-0.11076,-1.00657,-1.29031,-1.27866,-0.55357,-0.51298,-0.58433,0.28558,1.24838,0.59103,0.17623,1.52012,1.78879,0.81664,0.8401,1.63154,1.67066,0.81662,0.58018,0.90159,0.55162,-0.05131,-0.14183,-0.19977,0.72393,1.08536,1.318,0.99974,0.48618,0.24041,0.65574,0.63019,1.11343,1.44745,1.33162,1.48294,0.92406,0.69009
LEU5,-1.40179,-1.37575,-0.73949,0.34175,0.0,0.72608,0.61092,-0.4594,-1.37747,-1.83834,-2.20509,-2.01844,-0.59696,2.51004,3.01813,2.96075,1.79576,0.75911,-0.55205,-1.12,-1.55764,-1.55479,-0.50097,-0.00677,-0.0806,0.82081,2.08705,1.70673,1.07321,2.21584,2.19371,1.38993,1.27528,1.77167,1.70212,1.18077,0.91575,1.46628,0.8448,-0.02829,-0.39314,-0.91819,0.11621,0.35532,0.85139,0.74952,0.3108,0.63087,1.20169,0.93253,1.38501,1.43795,1.10902,1.01731,0.3999,0.20939
ILE6,-1.20971,-0.89781,-0.44552,0.52221,0.72608,0.0,0.34839,-0.82737,-1.83931,-1.85511,-1.8575,-1.5454,0.25604,3.5339,3.54554,2.54303,1.14496,0.12346,-0.81209,-1.10499,-1.29874,-1.63039,-0.45497,0.06156,-0.0795,0.64987,1.85733,1.69452,1.2766,1.77635,1.75625,1.21266,0.77519,1.15279,1.24953,0.70247,0.23822,1.29473,1.0644,0.34614,-0.18839,-0.69516,0.2141,0.27375,0.43481,0.40574,-0.05077,0.57874,1.66308,1.27982,1.79181,1.62153,0.96485,0.57838,-0.17639,-0.09037
LEU7,-0.52673,-0.15635,0.06615,0.40114,0.61092,0.34839,0.0,-1.74267,-2.41518,-1.93933,-1.71807,-0.97051,0.63105,3.26834,2.96837,1.93814,0.80346,-0.0282,-0.51965,-0.68964,-0.64405,-0.74981,-0.1247,0.03435,-0.01538,0.53254,1.1228,0.95356,0.86521,1.43236,0.86322,0.22588,0.15368,0.26595,0.01243,-0.26043,-0.38741,0.23143,0.61707,0.92378,0.02668,-0.84095,-0.24058,-0.49688,-0.67952,-0.79724,-0.85442,-0.01353,1.14713,1.34126,1.80058,1.54765,0.99851,0.60307,-0.04741,-0.24396
ASN8,0.34903,0.31451,-0.12107,-0.37464,-0.4594,-0.82737,-1.74267,0.0,-2.31954,-0.69135,-1.12501,-0.45936,0.56856,0.89229,0.71246,0.57534,0.16721,0.11974,0.46902,0.46677,0.37403,0.50796,0.70869,1.10646,1.46706,1.56653,1.26591,1.63709,1.94766,1.45714,0.91951,0.88693,0.59519,-0.09475,-0.0624,0.14947,-0.2064,-0.52661,-0.70047,0.09429,-1.8216,-2.65094,-2.49197,-2.72788,-2.544,-2.62872,-1.90248,-1.16333,-0.40022,0.44128,0.36149,0.40496,-0.35156,-0.65513,-1.15636,-1.24866
GLY9,0.96549,0.4186,-0.14325,-0.93797,-1.37747,-1.83931,-2.41518,-2.31954,0.0,1.02581,0.64689,1.17584,0.48367,-1.11994,-1.40071,-1.58138,-1.33562,-0.79869,0.10275,0.65434,0.9678,1.45125,1.18149,0.98393,1.25199,0.83481,0.12113,0.2317,0.00321,-1.21565,-1.57022,-1.41836,-1.75828,-2.24583,-2.19581,-2.10783,-2.34179,-2.51303,-2.50551,-0.0455,-1.54126,-1.78863,-1.92979,-2.02157,-1.08741,-0.88037,0.17857,0.32441,0.12023,0.92123,-0.18339,-0.35687,-0.75773,-0.87434,-0.94532,-1.02357
LYS10,1.19343,0.43645,-0.35859,-1.56517,-1.83834,-1.85511,-1.93933,-0.69135,1.02581,0.0,0.70298,1.13685,0.17486,-1.84212,-1.85188,-1.95239,-1.53708,-0.89465,0.31353,1.00787,1.28207,1.83296,1.24408,0.99184,1.20187,0.90163,0.01956,0.14035,-0.08531,-1.27992,-1.42566,-1.17739,-1.62271,-2.18397,-1.90609,-1.51778,-1.90442,-2.46337,-1.94458,-0.19123,-1.51594,-1.4421,-1.7293,-1.48959,-0.61315,-0.4565,0.5904,0.24941,-0.67212,0.44896,-1.13371,-1.2284,-1.68209,-1.67165,-1.28875,-1.12684
THR11,0.68174,-0.16745,-0.74628,-1.80702,-2.20509,-1.8575,-1.71807,-1.12501,0.64689,0.70298,0.0,1.13665,0.09495,-2.40757,-1.84653,-1.92822,-1.71988,-1.30643,-0.29266,0.46801,0.96933,1.56436,1.09175,0.70459,0.50407,0.1134,-0.37898,-0.36941,-0.72143,-1.92441,-1.72248,-1.24763,-1.81215,-2.30312,-1.79855,-1.28964,-1.46801,-1.81218,-1.46463,-0.2705,-0.56467,0.22073,-0.11945,0.26417,1.00478,0.82177,1.35312,0.85149,-0.22174,0.32743,-1.36552,-1.31537,-1.72924,-1.7478,-0.92287,-0.79178
LEU12,0.12861,-0.66526,-1.08469,-1.78048,-2.01844,-1.5454,-0.97051,-0.45936,1.17584,1.13685,1.13665,0.0,-1.2732,-3.38878,-1.87166,-1.61337,-1.36189,-1.19793,-0.54285,0.20671,0.7155,1.32029,0.9601,0.48557,0.12914,-0.18797,-0.3944,-0.4174,-0.85081,-1.90847,-1.64023,-1.20972,-1.88287,-2.20296,-1.88102,-1.58617,-1.67074,-1.49547,-1.25067,0.01721,-0.71509,-0.05155,-0.0655,0.4987,1.52056,1.22359,1.68422,1.06654,-0.00576,0.12978,-1.7772,-1.84707,-1.95009,-1.97392,-1.06394,-0.97555
LYS13,-0.31704,-0.83848,-0.80817,-0.7966,-0.59696,0.25604,0.63105,0.56856,0.48367,0.17486,0.09495,-1.2732,0.0,-3.68278,-1.7002,-1.15829,-0.86041,-0.74182,-0.39999,0.00833,0.26063,0.72517,0.65876,0.4163,0.13555,-0.03687,0.12914,0.11546,-0.47549,-1.14063,-0.76321,-0.90384,-1.48703,-1.57861,-1.39915,-1.53909,-1.697,-1.1023,-0.82189,-0.28878,-0.44134,0.28144,0.74471,1.0578,1.76285,1.20068,1.08929,0.41937,-0.33655,-0.3072,-1.07547,-0.89321,-1.54197,-1.55801,-0.9499,-0.47203
GLY14,-1.21661,-0.97193,-0.24289,1.4844,2.51004,3.5339,3.26834,0.89229,-1.11994,-1.84212,-2.40757,-3.38878,-3.68278,0.0,0.96877,0.70959,0.05286,-0.17971,-0.5366,-0.76853,-1.06328,-1.4298,-0.71801,-0.4575,-0.62369,-0.18089,0.55039,0.42799,0.2921,0.95146,1.12688,0.46537,-0.01791,0.35877,0.63465,0.02473,-0.30201,0.70764,1.01328,1.25474,0.78448,0.87262,1.56045,1.58295,1.54619,1.16152,0.17212,-0.02085,0.30435,-0.05629,1.04782,1.86176,1.89387,1.58221,0.64162,0.77531
GLU15,-1.40975,-0.94824,0.01998,2.01621,3.01813,3.54554,2.96837,0.71246,-1.40071,-1.85188,-1.84653,-1.87166,-1.7002,0.96877,0.0,0.50947,-0.12902,-0.55921,-0.85099,-0.94808,-1.28807,-1.59675,-0.85308,-0.66975,-0.90352,-0.3704,0.45095,0.21656,0.05873,0.69644,1.25376,0.42531,0.00851,0.48258,0.64998,0.11954,-0.12233,0.82975,0.90183,1.17823,1.01284,1.16,1.8343,1.74479,1.65265,1.38695,0.52052,0.33574,0.74217,0.38701,1.58997,2.14749,2.07265,1.78706,0.58562,0.80088
THR16,-1.01413,-0.17713,0.83042,2.42178,2.96075,2.54303,1.93814,0.57534,-1.58138,-1.95239,-1.92822,-1.61337,-1.15829,0.70959,0.50947,0.0,0.11277,-0.12129,-0.59247,-0.64317,-0.91408,-1.16281,-0.82649,-0.64778,-0.457,0.0443,0.53671,0.34354,0.12484,0.89117,1.24952,0.66779,0.57659,1.02479,1.02267,0.55318,0.52132,1.15761,0.96488,0.76304,0.55419,0.66566,1.24184,1.14844,0.95377,0.70748,0.16391,0.03309,0.64191,0.40187,1.52637,1.8318,1.48352,0.97852,-0.02727,0.10734
THR17,-0.1827,1.02716,1.79719,2.03317,1.79576,1.14496,0.80346,0.16721,-1.33562,-1.53708,-1.71988,-1.36189,-0.86041,0.05286,-0.12902,0.11277,0.0,0.21135,-0.53832,-0.66284,-0.85225,-0.7989,-0.78322,-0.83192,-0.28176,0.08884,0.14402,0.05473,-0.08185,0.6448,0.7328,0.20369,0.57559,1.05646,0.87144,0.49392,0.55133,0.98291,0.97669,0.80201,0.83318,0.87007,1.13044,1.02676,0.70173,0.33709,-0.00543,-0.27771,0.11706,0.17905,1.08958,1.36497,0.95587,0.62582,0.0402,0.07435
THR18,1.06739,2.3817,2.20848,1.07,0.75911,0.12346,-0.0282,0.11974,-0.79869,-0.89465,-1.30643,-1.19793,-0.74182,-0.17971,-0.55921,-0.12129,0.21135,0.0,-0.39923,-0.33294,-0.56877,-0.43425,-0.59497,-0.39005,0.7073,0.63891,0.16187,0.41173,0.0842,0.34902,0.33938,-0.09319,0.1695,0.73418,0.54176,0.26815,0.44434,0.58637,0.56981,0.1814,0.60511,0.53829,0.37634,0.25893,-0.14144,-0.24191,-0.30279,-0.37192,-0.19864,-0.41661,0.23906,0.40197,0.51277,0.36277,0.2464,-0.03429
GLU19,3.33954,3.77574,2.09289,-0.11076,-0.55205,-0.81209,-0.51965,0.46902,0.10275,0.31353,-0.29266,-0.54285,-0.39999,-0.5366,-0.85099,-0.59247,-0.53832,-0.39923,0.0,0.11131,-0.06682,-0.13387,-0.52812,-0.28068,1.1563,0.65141,-0.33653,-0.01481,-0.1916,-0.34282,-0.4116,-0.6556,-0.33223,0.00581,-0.01414,-0.12534,0.19713,0.16868,0.24107,0.06303,0.51743,0.45849,-0.10552,-0.3039,-0.76306,-1.05585,-0.78555,-0.76952,-1.02827,-1.2861,-1.56254,-1.35921,-0.64518,-0.4338,-0.09377,-0.37508
ALA20,3.45772,2.61327,0.82013,-1.00657,-1.12,-1.10499,-0.68964,0.46677,0.65434,1.00787,0.46801,0.20671,0.00833,-0.76853,-0.94808,-0.64317,-0.66284,-0.33294,0.11131,0.0,0.76151,0.29078,-0.35214,-0.07642,1.39956,1.20512,0.10473,0.14778,-0.37931,-0.7388,-0.76667,-1.12232,-0.83469,-0.60606,-0.69286,-0.69754,-0.264,-0.36571,-0.20957,-0.3304,0.01747,0.04902,-0.56182,-0.67893,-0.91818,-1.02143,-0.85473,-0.899,-1.02456,-1.2466,-1.92367,-1.71711,-1.08881,-0.81222,-0.39504,-0.55667
VAL21,3.56521,2.37415,0.17514,-1.29031,-1.55764,-1.29874,-0.64405,0.37403,0.9678,1.28207,0.96933,0.7155,0.26063,-1.06328,-1.28807,-0.91408,-0.85225,-0.56877,-0.06682,0.76151,0.0,-0.83399,-1.02203,-0.53258,0.62111,0.35241,-0.30571,-0.3343,-0.73753,-1.12201,-1.16263,-1.34074,-1.04785,-0.78796,-0.80675,-0.65984,-0.22246,-0.35406,-0.13613,-0.08724,0.03118,0.06873,-0.38611,-0.58296,-0.89943,-0.93967,-0.7009,-0.84184,-1.07735,-0.97627,-1.45112,-1.36287,-0.98721,-0.68217,-0.11691,-0.30159
ASP22,2.22866,0.98489,-0.026,-1.27866,-1.55479,-1.63039,-0.74981,0.50796,1.45125,1.83296,1.56436,1.32029,0.72517,-1.4298,-1.59675,-1.16281,-0.7989,-0.43425,-0.13387,0.29078,-0.83399,0.0,0.10902,0.10304,0.67248,0.36473,-0.09709,-0.11088,-0.46922,-1.22237,-1.43103,-1.54397,-1.29322,-1.33289,-1.24806,-0.91301,-0.53451,-0.71863,-0.52214,-0.3086,-0.50435,-0.54651,-1.03405,-1.11515,-1.16282,-1.12332,-0.43234,-0.44964,-0.65756,-0.29291,-1.02103,-0.80958,-1.13475,-1.2905,-0.57561,-0.50226
ALA23,0.88333,0.09298,-0.07556,-0.55357,-0.50097,-0.45497,-0.1247,0.70869,1.18149,1.24408,1.09175,0.9601,0.65876,-0.71801,-0.85308,-0.82649,-0.78322,-0.59497,-0.52812,-0.35214,-1.02203,0.10902,0.0,-0.58732,-0.33559,0.44783,0.63831,0.52323,0.32587,-0.28017,-0.50559,-0.88389,-1.00584,-1.18775,-1.17256,-0.8615,-0.65086,-0.69367,-0.68392,-0.46842,-0.78698,-0.86056,-1.04362,-0.9706,-0.58937,-0.7081,-0.01812,-0.01463,0.04562,0.48162,-0.16525,0.24638,-0.35733,-0.90697,-0.66824,-0.55972
ALA24,-0.00621,-0.72415,-0.4352,-0.51298,-0.00677,0.06156,0.03435,1.10646,0.98393,0.99184,0.70459,0.48557,0.4163,-0.4575,-0.66975,-0.64778,-0.83192,-0.39005,-0.28068,-0.07642,-0.53258,0.10304,-0.58732,0.0,0.03493,0.18083,0.78217,0.97844,0.99208,0.48357,0.30339,-0.10063,-0.52576,-0.98707,-0.95309,-0.731,-0.57794,-0.65986,-0.64339,-0.95764,-1.19847,-1.26825,-1.45279,-1.24149,-0.81951,-0.45115,0.10254,0.17923,0.18416,0.46248,-0.04462,0.30594,0.03125,-0.43313,-0.19397,-0.31915
THR25,0.8161,0.30763,-0.07422,-0.58433,-0.0806,-0.0795,-0.01538,1.46706,1.25199,1.20187,0.50407,0.12914,0.13555,-0.62369,-0.90352,-0.457,-0.28176,0.7073,1.1563,1.39956,0.62111,0.67248,-0.33559,0.03493,0.0,-0.11014,0.24659,0.98804,0.84053,0.55971,0.6029,0.08965,-0.36323,-0.90849,-1.03601,-0.90453,-0.79035,-0.87422,-0.78347,-1.19073,-1.22221,-1.24513,-1.50478,-1.507,-1.46701,-1.22859,-0.82628,-0.71431,-0.76516,-0.61952,-0.82365,-0.43319,-0.1772,-0.1939,0.31552,0.16614
ALA26,0.39745,0.37463,0.3733,0.28558,0.82081,0.64987,0.53254,1.56653,0.83481,0.90163,0.1134,-0.18797,-0.03687,-0.18089,-0.3704,0.0443,0.08884,0.63891,0.65141,1.20512,0.35241,0.36473,0.44783,0.18083,-0.11014,0.0,0.0305,0.95335,0.85312,0.82728,0.97626,0.74732,0.21284,-0.41351,-0.66602,-0.76539,-0.8679,-0.99568,-0.86301,-1.0982,-1.00398,-1.12045,-1.11996,-1.18053,-1.1935,-1.17652,-1.03714,-0.85962,-0.74328,-0.78206,-0.35808,0.24689,0.2375,0.10615,0.41591,0.26761
GLU27,-0.49308,-0.3922,0.43441,1.24838,2.08705,1.85733,1.1228,1.26591,0.12113,0.01956,-0.37898,-0.3944,0.12914,0.55039,0.45095,0.53671,0.14402,0.16187,-0.33653,0.10473,-0.30571,-0.09709,0.63831,0.78217,0.24659,0.0305,0.0,0.60024,0.31428,0.72531,1.2475,0.97193,0.62229,0.2199,0.02775,-0.3139,-0.66213,-0.80505,-0.91769,-1.25395,-1.29338,-1.42347,-1.24576,-1.04656,-0.64446,-0.40977,-0.33664,-0.04973,0.2417,0.19807,0.69853,1.03442,0.74174,0.32232,0.20528,0.10751
LYS28,-0.30077,-0.2004,0.12857,0.59103,1.70673,1.69452,0.95356,1.63709,0.2317,0.14035,-0.36941,-0.4174,0.11546,0.42799,0.21656,0.34354,0.05473,0.41173,-0.01481,0.14778,-0.3343,-0.11088,0.52323,0.97844,0.98804,0.95335,0.60024,0.0,-0.10984,0.17345,0.84669,0.94833,0.74389,0.46299,0.49729,0.26975,-0.2814,-0.63044,-0.84375,-1.59366,-1.43129,-1.46496,-1.39981,-1.45222,-1.1158,-0.65685,-0.49932,-0.16454,0.02376,-0.10412,0.25427,0.45382,0.39947,0.18103,0.30386,0.03741
VAL29,0.00615,0.24476,-0.13975,0.17623,1.07321,1.2766,0.86521,1.94766,0.00321,-0.08531,-0.72143,-0.85081,-0.47549,0.2921,0.05873,0.12484,-0.08185,0.0842,-0.1916,-0.37931,-0.73753,-0.46922,0.32587,0.99208,0.84053,0.85312,0.31428,-0.10984,0.0,-0.44526,0.36673,1.17373,1.21838,0.87349,1.18469,1.27619,0.60899,-0.1374,-0.45428,-1.22025,-0.99699,-0.99821,-0.83945,-0.97002,-1.24056,-0.9377,-0.75276,-0.44518,-0.32052,-0.60208,-0.25549,-0.07678,0.30249,0.47618,0.65866,0.47878
PHE30,0.02547,0.60063,1.2545,1.52012,2.21584,1.77635,1.43236,1.45714,-1.21565,-1.27992,-1.92441,-1.90847,-1.14063,0.95146,0.69644,0.89117,0.6448,0.34902,-0.34282,-0.7388,-1.12201,-1.22237,-0.28017,0.48357,0.55971,0.82728,0.72531,0.17345,-0.44526,0.0,0.61497,0.9689,1.38776,1.57514,1.54963,1.75573,1.62728,0.93217,0.60901,-0.88018,-0.87379,-0.9982,-0.38852,-0.6279,-0.69639,-0.70962,-0.68369,-0.48797,-0.1628,-0.1138,0.63633,1.14914,0.77939,0.91951,0.50442,0.44641
LYS31,-0.21816,0.37449,1.10784,1.78879,2.19371,1.75625,0.86322,0.91951,-1.57022,-1.42566,-1.72248,-1.64023,-0.76321,1.12688,1.25376,1.24952,0.7328,0.33938,-0.4116,-0.76667,-1.16263,-1.43103,-0.50559,0.30339,0.6029,0.97626,1.2475,0.84669,0.36673,0.61497,0.0,0.33723,0.6812,1.22904,1.60027,1.59665,1.58025,1.40936,1.01113,-1.01413,-1.18181,-1.30197,-0.70946,-0.84317,-0.79291,-0.49282,-0.44255,-0.12424,0.17119,0.13955,0.66848,0.84145,0.58603,0.59931,0.16625,0.10692
GLN32,-0.42298,0.10987,0.25827,0.81664,1.38993,1.21266,0.22588,0.88693,-1.41836,-1.17739,-1.24763,-1.20972,-0.90384,0.46537,0.42531,0.66779,0.20369,-0.09319,-0.6556,-1.12232,-1.34074,-1.54397,-0.88389,-0.10063,0.08965,0.74732,0.97193,0.94833,1.17373,0.9689,0.33723,0.0,0.62108,0.69876,1.51502,1.92151,1.75469,1.67811,1.07502,-0.83867,-0.89899,-1.14467,-0.72011,-0.72494,-0.68511,-0.30802,-0.1826,0.27802,0.3816,0.11196,0.40421,0.25015,0.29275,0.38321,0.25872,0.11683
TYR33,0.13614,0.66298,0.7316,0.8401,1.27528,0.77519,0.15368,0.59519,-1.75828,-1.62271,-1.81215,-1.88287,-1.48703,-0.01791,0.00851,0.57659,0.57559,0.1695,-0.33223,-0.83469,-1.04785,-1.29322,-1.00584,-0.52576,-0.36323,0.21284,0.62229,0.74389,1.21838,1.38776,0.6812,0.62108,0.0,0.57157,1.13008,1.8124,2.0558,1.76854,1.7271,0.01658,-0.20802,-0.5912,-0.19258,-0.327,-0.51246,-0.3877,-0.29548,-0.12714,-0.01748,-0.08911,0.19341,0.25644,0.19549,0.64032,0.58963,0.50553
ALA34,0.17177,1.07245,1.50928,1.63154,1.77167,1.15279,0.26595,-0.09475,-2.24583,-2.18397,-2.30312,-2.20296,-1.57861,0.35877,0.48258,1.02479,1.05646,0.73418,0.00581,-0.60606,-0.78796,-1.33289,-1.18775,-0.98707,-0.90849,-0.41351,0.2199,0.46299,0.87349,1.57514,1.22904,0.69876,0.57157,0.0,0.69936,1.27369,1.79376,1.90855,2.213,0.47094,-0.00714,-0.36641,0.03885,-0.17086,-0.40399,-0.31959,-0.26365,-0.11716,0.07471,0.22117,0.56973,0.49745,0.3038,0.57751,0.48206,0.54047
ASN35,-0.3286,0.52828,1.02339,1.67066,1.70212,1.24953,0.01243,-0.0624,-2.19581,-1.90609,-1.79855,-1.88102,-1.39915,0.63465,0.64998,1.02267,0.87144,0.54176,-0.01414,-0.69286,-0.80675,-1.24806,-1.17256,-0.95309,-1.03601,-0.66602,0.02775,0.49729,1.18469,1.54963,1.60027,1.51502,1.13008,0.69936,0.0,1.08405,1.41625,1.62484,1.40866,0.00845,-0.12867,-0.45211,-0.18879,-0.2538,-0.46516,-0.13756,-0.16813,0.11951,0.29896,0.30225,0.74248,0.30365,0.19802,0.24337,0.17589,0.31654
ASP36,-0.61512,0.00228,0.31708,0.81662,1.18077,0.70247,-0.26043,0.14947,-2.10783,-1.51778,-1.28964,-1.58617,-1.53909,0.02473,0.11954,0.55318,0.49392,0.26815,-0.12534,-0.69754,-0.65984,-0.91301,-0.8615,-0.731,-0.90453,-0.76539,-0.3139,0.26975,1.27619,1.75573,1.59665,1.92151,1.8124,1.27369,1.08405,0.0,1.0119,1.24112,0.60267,-0.30243,-0.05324,-0.15965,0.04966,0.11118,-0.1589,0.00432,-0.11277,0.03513,0.07218,0.04284,0.31033,0.15123,0.15343,0.25422,0.29332,0.30689
ASN37,-0.32134,0.08898,0.4216,0.58018,0.91575,0.23822,-0.38741,-0.2064,-2.34179,-1.90442,-1.46801,-1.67074,-1.697,-0.30201,-0.12233,0.52132,0.55133,0.44434,0.19713,-0.264,-0.22246,-0.53451,-0.65086,-0.57794,-0.79035,-0.8679,-0.66213,-0.2814,0.60899,1.62728,1.58025,1.75469,2.0558,1.79376,1.41625,1.0119,0.0,0.89863,1.10023,-0.26585,-0.13487,-0.016,0.28077,0.3129,0.05046,-0.01488,-0.1542,-0.19624,-0.25885,-0.17095,0.00528,0.02116,0.10092,0.43608,0.43148,0.45471
GLY38,-0.77184,-0.18045,0.26842,0.90159,1.46628,1.29473,0.23143,-0.52661,-2.51303,-2.46337,-1.81218,-1.49547,-1.1023,0.70764,0.82975,1.15761,0.98291,0.58637,0.16868,-0.36571,-0.35406,-0.71863,-0.69367,-0.65986,-0.87422,-0.99568,-0.80505,-0.63044,-0.1374,0.93217,1.40936,1.67811,1.76854,1.90855,1.62484,1.24112,0.89863,0.0,0.71326,-0.98051,-0.66841,-0.30596,0.06527,0.28409,0.16387,0.29027,0.00215,0.0574,0.03207,-0.04712,0.1981,0.09122,0.2106,0.5604,0.48791,0.57051
VAL39,-0.56926,-0.2478,0.03699,0.55162,0.8448,1.0644,0.61707,-0.70047,-2.50551,-1.94458,-1.46463,-1.25067,-0.82189,1.01328,0.90183,0.96488,0.97669,0.56981,0.24107,-0.20957,-0.13613,-0.52214,-0.68392,-0.64339,-0.78347,-0.86301,-0.91769,-0.84375,-0.45428,0.60901,1.01113,1.07502,1.7271,2.213,1.40866,0.60267,1.10023,0.71326,0.0,-1.84327,-1.45858,-0.59072,-0.06647,0.08538,0.01023,-0.06162,-0.30662,-0.36055,-0.28207,-0.36007,-0.0507,-0.05083,0.08789,0.68002,0.7721,0.8771
ASP40,-0.22813,-0.15788,-0.51809,-0.05131,-0.02829,0.34614,0.92378,0.09429,-0.0455,-0.19123,-0.2705,0.01721,-0.28878,1.25474,1.17823,0.76304,0.80201,0.1814,0.06303,-0.3304,-0.08724,-0.3086,-0.46842,-0.95764,-1.19073,-1.0982,-1.25395,-1.59366,-1.22025,-0.88018,-1.01413,-0.83867,0.01658,0.47094,0.00845,-0.30243,-0.26585,-0.98051,-1.84327,0.0,-1.94383,-0.75926,-0.272,-0.03091,0.07533,0.15295,-0.02916,-0.00071,-0.00564,-0.38585,-0.28594,-0.27809,0.23863,0.98869,1.25801,1.77529
GLY41,0.61028,0.62162,-0.3342,-0.14183,-0.39314,-0.18839,0.02668,-1.8216,-1.54126,-1.51594,-0.56467,-0.71509,-0.44134,0.78448,1.01284,0.55419,0.83318,0.60511,0.51743,0.01747,0.03118,-0.50435,-0.78698,-1.19847,-1.22221,-1.00398,-1.29338,-1.43129,-0.99699,-0.87379,-1.18181,-0.89899,-0.20802,-0.00714,-0.12867,-0.05324,-0.13487,-0.66841,-1.45858,-1.94383,0.0,0.64565,0.61853,0.38958,0.09738,0.03206,-0.22514,-0.39002,-0.30548,-0.74287,-0.27776,-0.00637,1.41463,2.42284,3.06737,3.56593
GLU42,0.85336,0.85728,-0.24516,-0.19977,-0.91819,-0.69516,-0.84095,-2.65094,-1.78863,-1.4421,0.22073,-0.05155,0.28144,0.87262,1.16,0.66566,0.87007,0.53829,0.45849,0.04902,0.06873,-0.54651,-0.86056,-1.26825,-1.24513,-1.12045,-1.42347,-1.46496,-0.99821,-0.9982,-1.30197,-1.14467,-0.5912,-0.36641,-0.45211,-0.15965,-0.016,-0.30596,-0.59072,-0.75926,0.64565,0.0,0.48309,0.63134,0.02045,-0.08399,-0.23934,-0.36761,-0.3322,-0.84095,-0.22594,0.21464,1.55593,2.36071,2.92287,2.88418
TRP43,0.50517,0.65796,0.11789,0.72393,0.11621,0.2141,-0.24058,-2.49197,-1.92979,-1.7293,-0.11945,-0.0655,0.74471,1.56045,1.8343,1.24184,1.13044,0.37634,-0.10552,-0.56182,-0.38611,-1.03405,-1.04362,-1.45279,-1.50478,-1.11996,-1.24576,-1.39981,-0.83945,-0.38852,-0.70946,-0.72011,-0.19258,0.03885,-0.18879,0.04966,0.28077,0.06527,-0.06647,-0.272,0.61853,0.48309,0.0,0.58111,-0.02072,-0.29694,-0.41386,-0.36219,-0.1153,-0.49512,0.54141,1.28695,2.08142,2.08597,1.93604,1.50391
THR44,0.40287,0.56159,0.47912,1.08536,0.35532,0.27375,-0.49688,-2.72788,-2.02157,-1.48959,0.26417,0.4987,1.0578,1.58295,1.74479,1.14844,1.02676,0.25893,-0.3039,-0.67893,-0.58296,-1.11515,-0.9706,-1.24149,-1.507,-1.18053,-1.04656,-1.45222,-0.97002,-0.6279,-0.84317,-0.72494,-0.327,-0.17086,-0.2538,0.11118,0.3129,0.28409,0.08538,-0.03091,0.38958,0.63134,0.58111,0.0,0.12618,-0.26772,-0.4675,-0.27641,0.0387,0.05419,1.24278,2.03037,2.47302,1.73103,1.48243,1.0201
TYR45,-0.23593,0.06688,0.74509,1.318,0.85139,0.43481,-0.67952,-2.544,-1.08741,-0.61315,1.00478,1.52056,1.76285,1.54619,1.65265,0.95377,0.70173,-0.14144,-0.76306,-0.91818,-0.89943,-1.16282,-0.58937,-0.81951,-1.46701,-1.1935,-0.64446,-1.1158,-1.24056,-0.69639,-0.79291,-0.68511,-0.51246,-0.40399,-0.46516,-0.1589,0.05046,0.16387,0.01023,0.07533,0.09738,0.02045,-0.02072,0.12618,0.0,-0.11069,-0.00894,0.0825,0.33829,0.85719,1.90087,2.18343,1.48884,0.42174,0.12999,-0.07351
ASP46,-0.62645,-0.46503,0.37012,0.99974,0.74952,0.40574,-0.79724,-2.62872,-0.88037,-0.4565,0.82177,1.22359,1.20068,1.16152,1.38695,0.70748,0.33709,-0.24191,-1.05585,-1.02143,-0.93967,-1.12332,-0.7081,-0.45115,-1.22859,-1.17652,-0.40977,-0.65685,-0.9377,-0.70962,-0.49282,-0.30802,-0.3877,-0.31959,-0.13756,0.00432,-0.01488,0.29027,-0.06162,0.15295,0.03206,-0.08399,-0.29694,-0.26772,-0.11069,0.0,-0.09934,1.29511,1.00686,0.95645,1.54024,1.30679,0.7801,-0.07214,-0.37824,-0.38059
ASP47,-0.73335,-0.62275,0.10131,0.48618,0.3108,-0.05077,-0.85442,-1.90248,0.17857,0.5904,1.35312,1.68422,1.08929,0.17212,0.52052,0.16391,-0.00543,-0.30279,-0.78555,-0.85473,-0.7009,-0.43234,-0.01812,0.10254,-0.82628,-1.03714,-0.33664,-0.49932,-0.75276,-0.68369,-0.44255,-0.1826,-0.29548,-0.26365,-0.16813,-0.11277,-0.1542,0.00215,-0.30662,-0.02916,-0.22514,-0.23934,-0.41386,-0.4675,-0.00894,-0.09934,0.0,0.68638,0.21568,1.17955,0.40609,0.11984,-0.30373,-0.73233,-0.88248,-0.65763
ALA48,-0.9584,-0.93225,-0.37209,0.24041,0.63087,0.57874,-0.01353,-1.16333,0.32441,0.24941,0.85149,1.06654,0.41937,-0.02085,0.33574,0.03309,-0.27771,-0.37192,-0.76952,-0.899,-0.84184,-0.44964,-0.01463,0.17923,-0.71431,-0.85962,-0.04973,-0.16454,-0.44518,-0.48797,-0.12424,0.27802,-0.12714,-0.11716,0.11951,0.03513,-0.19624,0.0574,-0.36055,-0.00071,-0.39002,-0.36761,-0.36219,-0.27641,0.0825,1.29511,0.68638,0.0,0.28593,0.61091,0.037,-0.27117,-0.24495,-0.4968,-0.72701,-0.54716
THR49,-1.21203,-1.04429,-0.24235,0.65574,1.20169,1.66308,1.14713,-0.40022,0.12023,-0.67212,-0.22174,-0.00576,-0.33655,0.30435,0.74217,0.64191,0.11706,-0.19864,-1.02827,-1.02456,-1.07735,-0.65756,0.04562,0.18416,-0.76516,-0.74328,0.2417,0.02376,-0.32052,-0.1628,0.17119,0.3816,-0.01748,0.07471,0.29896,0.07218,-0.25885,0.03207,-0.28207,-0.00564,-0.30548,-0.3322,-0.1153,0.0387,0.33829,1.00686,0.21568,0.28593,0.0,-0.28315,0.43703,-0.1047,0.00391,-0.00242,-0.24825,-0.15587
LYS50,-1.50124,-1.05957,0.06334,0.63019,0.93253,1.27982,1.34126,0.44128,0.92123,0.44896,0.32743,0.12978,-0.3072,-0.05629,0.38701,0.40187,0.17905,-0.41661,-1.2861,-1.2466,-0.97627,-0.29291,0.48162,0.46248,-0.61952,-0.78206,0.19807,-0.10412,-0.60208,-0.1138,0.13955,0.11196,-0.08911,0.22117,0.30225,0.04284,-0.17095,-0.04712,-0.36007,-0.38585,-0.74287,-0.84095,-0.49512,0.05419,0.85719,0.95645,1.17955,0.61091,-0.28315,0.0,-0.65066,-0.6805,-0.69679,-0.48624,-0.54198,-0.31997
THR51,-1.60655,-1.15073,0.43281,1.11343,1.38501,1.79181,1.80058,0.36149,-0.18339,-1.13371,-1.36552,-1.7772,-1.07547,1.04782,1.58997,1.52637,1.08958,0.23906,-1.56254,-1.92367,-1.45112,-1.02103,-0.16525,-0.04462,-0.82365,-0.35808,0.69853,0.25427,-0.25549,0.63633,0.66848,0.40421,0.19341,0.56973,0.74248,0.31033,0.00528,0.1981,-0.0507,-0.28594,-0.27776,-0.22594,0.54141,1.24278,1.90087,1.54024,0.40609,0.037,0.43703,-0.65066,0.0,-0.26022,-0.25591,-0.16805,-0.18931,0.05966
PHE52,-1.79085,-0.81217,0.7234,1.44745,1.43795,1.62153,1.54765,0.40496,-0.35687,-1.2284,-1.31537,-1.84707,-0.89321,1.86176,2.14749,1.8318,1.36497,0.40197,-1.35921,-1.71711,-1.36287,-0.80958,0.24638,0.30594,-0.43319,0.24689,1.03442,0.45382,-0.07678,1.14914,0.84145,0.25015,0.25644,0.49745,0.30365,0.15123,0.02116,0.09122,-0.05083,-0.27809,-0.00637,0.21464,1.28695,2.03037,2.18343,1.30679,0.11984,-0.27117,-0.1047,-0.6805,-0.26022,0.0,-0.51783,-0.48057,-0.42628,-0.13326
THR53,-1.7204,-0.25399,0.62624,1.33162,1.10902,0.96485,0.99851,-0.35156,-0.75773,-1.68209,-1.72924,-1.95009,-1.54197,1.89387,2.07265,1.48352,0.95587,0.51277,-0.64518,-1.08881,-0.98721,-1.13475,-0.35733,0.03125,-0.1772,0.2375,0.74174,0.39947,0.30249,0.77939,0.58603,0.29275,0.19549,0.3038,0.19802,0.15343,0.10092,0.2106,0.08789,0.23863,1.41463,1.55593,2.08142,2.47302,1.48884,0.7801,-0.30373,-0.24495,0.00391,-0.69679,-0.25591,-0.51783,0.0,0.70472,0.78761,0.59305
VAL54,-1.41241,0.38622,0.91139,1.48294,1.01731,0.57838,0.60307,-0.65513,-0.87434,-1.67165,-1.7478,-1.97392,-1.55801,1.58221,1.78706,0.97852,0.62582,0.36277,-0.4338,-0.81222,-0.68217,-1.2905,-0.90697,-0.43313,-0.1939,0.10615,0.32232,0.18103,0.47618,0.91951,0.59931,0.38321,0.64032,0.57751,0.24337,0.25422,0.43608,0.5604,0.68002,0.98869,2.42284,2.36071,2.08597,1.73103,0.42174,-0.07214,-0.73233,-0.4968,-0.00242,-0.48624,-0.16805,-0.48057,0.70472,0.0,1.1312,1.30941
THR55,0.0,0.768,0.64408,0.92406,0.3999,-0.17639,-0.04741,-1.15636,-0.94532,-1.28875,-0.92287,-1.06394,-0.9499,0.64162,0.58562,-0.02727,0.0402,0.2464,-0.09377,-0.39504,-0.11691,-0.57561,-0.66824,-0.19397,0.31552,0.41591,0.20528,0.30386,0.65866,0.50442,0.16625,0.25872,0.58963,0.48206,0.17589,0.29332,0.43148,0.48791,0.7721,1.25801,3.06737,2.92287,1.93604,1.48243,0.12999,-0.37824,-0.88248,-0.72701,-0.24825,-0.54198,-0.18931,-0.42628,0.78761,1.1312,0.0,1.01882
GLU56,0.0,0.0,0.64442,0.69009,0.20939,-0.09037,-0.24396,-1.24866,-1.02357,-1.12684,-0.79178,-0.97555,-0.47203,0.77531,0.80088,0.10734,0.07435,-0.03429,-0.37508,-0.55667,-0.30159,-0.50226,-0.55972,-0.31915,0.16614,0.26761,0.10751,0.03741,0.47878,0.44641,0.10692,0.11683,0.50553,0.54047,0.31654,0.30689,0.45471,0.57051,0.8771,1.77529,3.56593,2.88418,1.50391,1.0201,-0.07351,-0.38059,-0.65763,-0.54716,-0.15587,-0.31997,0.05966,-0.13326,0.59305,1.30941,1.01882,0.0
