,ASN19,LEU20,LYS21,THR22,GLU23,TRP24,PRO25,GLU26,LEU27,VAL28,GLY29,LYS30,SER31,VAL32,GLU33,GLU34,ALA35,LYS36,LYS37,VAL38,ILE39,LEU40,GLN41,ASP42,LYS43,PRO44,GLU45,ALA46,GLN47,ILE48,ILE49,VAL50,LEU51,PRO52,VAL53,GLY54,THR55,ILE56,VAL57,THR58,MET59,GLU60,TYR61,ARG62,ILE63,ASP64,ARG65,VAL66,ARG67,LEU68,PHE69,VAL70,ASP71,LYS72,LEU73,ASP74,ASN75,ILE76,ALA77,GLU78,VAL79,PRO80,ARG81,VAL82,GLY83
ASN19,1.0,0.59419,0.44399,0.2239,-0.01068,-0.16053,-0.12576,-0.2394,-0.27193,-0.08998,-0.08758,-0.14829,-0.09892,-0.11262,-0.09177,-0.15279,-0.24643,-0.20844,-0.18107,-0.28754,-0.3065,-0.2788,-0.22506,-0.10971,-0.05584,-0.0904,-0.09074,-0.14897,-0.14609,-0.15291,-0.07476,-0.01549,0.14308,0.16354,0.0996,-0.02255,-0.00092,-0.01852,-0.03417,-0.06997,-0.08175,-0.12631,-0.23692,-0.41345,-0.36774,-0.32812,-0.33503,-0.28465,-0.14087,-0.05314,0.03069,0.08354,0.17984,0.17746,0.1444,0.06402,0.03484,-0.05348,0.06753,0.02111,-0.0926,-0.08879,0.04847,0.09881,0.23455
LEU20,0.59419,1.0,0.80043,0.46698,0.19082,0.04984,-0.03589,-0.1519,-0.21181,-0.20397,-0.17553,-0.17397,-0.12867,-0.10566,-0.05401,-0.12241,-0.18335,-0.14746,-0.13258,-0.19801,-0.23534,-0.27837,-0.17974,-0.08352,-0.0941,-0.12187,-0.14902,-0.1921,-0.1937,-0.22959,-0.18085,-0.06047,0.07114,0.11252,0.00719,-0.08453,-0.05906,-0.06621,-0.09188,-0.04965,-0.0463,-0.05678,-0.12873,-0.31221,-0.37963,-0.39369,-0.35778,-0.36477,-0.22646,-0.10475,-0.08955,-0.02657,0.097,0.13872,0.14971,0.06588,-0.07344,-0.18822,-0.10571,-0.1079,-0.10702,-0.00495,0.13658,0.18109,0.24905
LYS21,0.44399,0.80043,1.0,0.70304,0.4985,0.34589,0.1968,0.02313,-0.07023,-0.09192,-0.14014,-0.16325,-0.18085,-0.13321,-0.08476,-0.12687,-0.14907,-0.1264,-0.11069,-0.139,-0.15801,-0.26313,-0.14553,-0.04966,-0.09707,-0.14127,-0.19169,-0.23514,-0.22715,-0.25802,-0.20521,-0.1015,0.02334,0.03583,-0.08957,-0.17597,-0.13102,-0.13187,-0.14477,-0.1126,-0.17193,-0.14635,-0.16537,-0.33649,-0.41906,-0.38036,-0.37649,-0.34831,-0.22541,-0.08086,-0.12127,-0.07661,0.03361,0.06665,0.05233,-0.04164,-0.14155,-0.18865,-0.06762,0.0085,0.05664,0.18641,0.35813,0.35032,0.33723
THR22,0.2239,0.46698,0.70304,1.0,0.73347,0.46557,0.30915,0.15609,0.08293,0.04119,-0.06888,-0.07419,-0.11929,-0.05365,-0.08609,-0.13425,-0.06499,-0.03885,-0.11306,-0.12994,-0.07818,-0.20933,-0.08902,-0.00523,-0.09446,-0.13187,-0.2073,-0.23125,-0.16812,-0.20095,-0.15748,-0.07108,-0.00316,-0.03863,-0.13032,-0.27918,-0.23633,-0.26828,-0.27596,-0.23521,-0.27541,-0.24829,-0.21952,-0.34611,-0.36504,-0.30448,-0.28926,-0.26211,-0.18526,-0.01988,-0.09637,-0.07781,-0.00539,-0.00265,-0.01999,-0.09215,-0.11118,-0.07005,0.00611,0.13375,0.19828,0.3551,0.60994,0.57146,0.44446
GLU23,-0.01068,0.19082,0.4985,0.73347,1.0,0.80582,0.61992,0.37664,0.29543,0.21808,0.0234,0.01635,-0.09179,-0.00327,-0.06918,-0.09327,0.04097,0.03816,-0.07059,-0.04839,0.02508,-0.17173,-0.13181,-0.03498,-0.10076,-0.17902,-0.16287,-0.14933,-0.07502,-0.11373,-0.09168,-0.07914,-0.07732,-0.13835,-0.21968,-0.34446,-0.30905,-0.33155,-0.3118,-0.30526,-0.36793,-0.31131,-0.24934,-0.26609,-0.2385,-0.12279,-0.12276,-0.13178,-0.11691,-0.01614,-0.08572,-0.10229,-0.08908,-0.09706,-0.13814,-0.16436,-0.12723,0.0247,0.08098,0.30526,0.43677,0.55883,0.69674,0.53492,0.35648
TRP24,-0.16053,0.04984,0.34589,0.46557,0.80582,1.0,0.79074,0.58205,0.46248,0.26244,0.07436,0.0793,-0.07955,0.00706,-0.02755,-0.02207,0.1548,0.14312,0.01118,0.05382,0.09416,-0.10143,-0.09675,-0.05384,-0.1214,-0.19011,-0.17774,-0.1385,-0.08484,-0.11947,-0.09997,-0.11651,-0.13682,-0.17522,-0.2465,-0.24071,-0.2214,-0.22486,-0.17744,-0.21139,-0.3147,-0.24551,-0.15352,-0.12596,-0.15212,-0.02996,-0.00937,-0.03939,-0.08094,-0.06133,-0.11222,-0.15292,-0.18362,-0.19317,-0.21467,-0.22261,-0.17313,0.01562,0.04221,0.30625,0.50303,0.53642,0.48648,0.27947,0.1173
PRO25,-0.12576,-0.03589,0.1968,0.30915,0.61992,0.79074,1.0,0.6811,0.45342,0.36492,0.11034,0.08731,-0.08945,-0.03932,-0.06027,-0.08398,0.06486,0.09366,-0.04603,-0.05141,0.00336,-0.09658,-0.09047,-0.05196,-0.06884,-0.13164,-0.08947,-0.03054,0.01106,-0.04322,-0.04592,-0.0845,-0.10977,-0.17584,-0.26435,-0.19626,-0.18015,-0.18074,-0.11301,-0.17178,-0.29001,-0.19883,-0.13849,-0.07109,-0.09335,0.05365,0.05716,0.01661,-0.02664,-0.03798,-0.08406,-0.14138,-0.20928,-0.19297,-0.22344,-0.21816,-0.17124,0.01585,0.06689,0.36671,0.49832,0.40906,0.32815,0.1397,0.0191
GLU26,-0.2394,-0.1519,0.02313,0.15609,0.37664,0.58205,0.6811,1.0,0.68436,0.43822,0.25539,0.24563,0.0134,0.04052,-0.0581,-0.04554,0.20669,0.20875,-0.02907,-0.02689,0.05582,-0.05272,-0.07259,-0.09153,-0.13151,-0.13459,-0.12597,-0.07656,-0.032,-0.07659,-0.07262,-0.1024,-0.15752,-0.19468,-0.26191,-0.13466,-0.09867,-0.08668,-0.02354,-0.04745,-0.17548,-0.07674,0.03868,0.09621,-0.05241,0.0554,0.08256,0.02377,-0.03895,-0.07025,-0.12173,-0.15556,-0.24769,-0.25652,-0.22896,-0.1848,-0.11178,0.06862,-0.02695,0.17769,0.36141,0.2612,0.12665,-0.00745,-0.08191
LEU27,-0.27193,-0.21181,-0.07023,0.08293,0.29543,0.46248,0.45342,0.68436,1.0,0.66896,0.44429,0.49774,0.17415,0.10406,-0.06815,0.05805,0.28546,0.05717,-0.09424,0.06368,0.04788,-0.11254,-0.11604,-0.12722,-0.14597,-0.18086,-0.1339,-0.16172,-0.15947,-0.10061,-0.05485,-0.03134,-0.08206,-0.14563,-0.16007,-0.16562,-0.09541,-0.08919,-0.00722,-0.0389,-0.2128,-0.16713,-0.02151,0.05624,-0.0488,0.04744,0.03414,0.05938,0.00412,0.02817,0.00499,-0.03223,-0.11773,-0.19358,-0.14171,-0.08777,0.07014,0.29395,0.08908,0.16138,0.2346,0.29179,0.15162,0.04506,-0.06308
VAL28,-0.08998,-0.20397,-0.09192,0.04119,0.21808,0.26244,0.36492,0.43822,0.66896,1.0,0.63304,0.4576,0.11723,-0.00334,-0.12164,-0.00056,0.01226,-0.12121,-0.09015,-0.07568,-0.09516,-0.11873,-0.11726,-0.12281,-0.0775,-0.07113,-0.00592,-0.0311,-0.05817,-0.01972,-0.00163,-0.01274,-0.03481,-0.14954,-0.14694,-0.23117,-0.1658,-0.15225,-0.06055,-0.06909,-0.25519,-0.22938,-0.10131,-0.02086,-0.082,0.03935,-0.01064,0.04526,0.03133,0.07545,0.08469,0.04021,-0.04777,-0.13647,-0.09792,-0.06528,0.13628,0.36417,0.31157,0.33708,0.26182,0.20228,0.17174,0.10718,0.05999
GLY29,-0.08758,-0.17553,-0.14014,-0.06888,0.0234,0.07436,0.11034,0.25539,0.44429,0.63304,1.0,0.71044,0.32385,0.18239,-0.01064,0.02159,0.05558,-0.08664,-0.15224,-0.15441,-0.12746,-0.1299,-0.15389,-0.14831,-0.05723,-0.03829,0.00946,-0.05623,-0.12847,-0.11292,-0.07778,-0.08962,-0.11535,-0.18982,-0.11455,-0.21906,-0.14456,-0.09719,-0.01268,0.03407,-0.11488,-0.10702,0.0026,0.07284,-0.0444,0.03418,-0.04376,-0.00488,-0.02458,0.02046,0.04251,0.0291,-0.03542,-0.12865,-0.04716,-0.00256,0.2881,0.40046,0.34248,0.14395,0.08538,0.05759,0.00358,0.02105,0.0539
LYS30,-0.14829,-0.17397,-0.16325,-0.07419,0.01635,0.0793,0.08731,0.24563,0.49774,0.4576,0.71044,1.0,0.67505,0.41188,0.14658,0.17303,0.20977,-0.03666,-0.1699,-0.08353,-0.07186,-0.12703,-0.16898,-0.15299,-0.08735,-0.11273,-0.10143,-0.20771,-0.24964,-0.20065,-0.1376,-0.09907,-0.14344,-0.22925,-0.16383,-0.22602,-0.14963,-0.06838,0.03152,0.10294,-0.04846,-0.0581,0.06817,0.10193,-0.05391,-0.03621,-0.09672,-0.06635,-0.08967,-0.03229,-0.01939,-0.01611,-0.04635,-0.15542,-0.01788,0.0687,0.37839,0.40968,0.13002,0.00713,0.01451,0.04067,-0.01037,0.00856,0.03051
SER31,-0.09892,-0.12867,-0.18085,-0.11929,-0.09179,-0.07955,-0.08945,0.0134,0.17415,0.11723,0.32385,0.67505,1.0,0.71818,0.33076,0.33053,0.41855,0.08236,-0.15203,0.01885,0.03277,-0.03242,-0.08906,-0.07396,-0.00819,-0.07049,-0.10048,-0.25193,-0.30738,-0.27059,-0.13176,-0.0621,-0.09668,-0.17916,-0.12587,-0.18543,-0.14336,-0.0629,0.00512,0.10048,0.03542,-0.02924,0.04808,0.05861,-0.04237,-0.07787,-0.14592,-0.11779,-0.09591,-0.06512,-0.03174,-0.02585,-0.0287,-0.13512,-0.00925,0.07778,0.32116,0.29755,0.03542,-0.07873,-0.0811,-0.06452,-0.07322,-0.02892,0.03808
VAL32,-0.11262,-0.10566,-0.13321,-0.05365,-0.00327,0.00706,-0.03932,0.04052,0.10406,-0.00334,0.18239,0.41188,0.71818,1.0,0.56648,0.23775,0.50295,0.43536,0.08867,0.15434,0.20392,0.10543,0.03176,0.02718,0.05168,-0.03835,-0.11527,-0.20043,-0.20434,-0.20254,-0.09372,-0.10655,-0.15906,-0.22224,-0.13437,-0.14847,-0.17187,-0.1076,-0.05394,0.01283,-0.0179,-0.05663,-0.01157,0.01663,-0.03148,-0.05488,-0.06641,-0.07373,-0.08294,-0.11374,-0.14724,-0.14735,-0.18856,-0.2653,-0.15789,-0.10754,0.08133,0.10895,-0.04471,-0.09444,-0.06301,-0.06515,-0.02072,-0.04241,-0.00335
GLU33,-0.09177,-0.05401,-0.08476,-0.08609,-0.06918,-0.02755,-0.06027,-0.0581,-0.06815,-0.12164,-0.01064,0.14658,0.33076,0.56648,1.0,0.56065,0.23558,0.41399,0.38237,0.2909,0.20814,0.11028,0.03626,0.03925,0.04114,-0.06951,-0.1458,-0.13894,-0.09193,-0.09701,-0.08452,-0.152,-0.19418,-0.22884,-0.10725,-0.08321,-0.09087,-0.02092,0.01235,0.08653,0.04903,0.02599,0.0554,0.00416,-0.08189,-0.13503,-0.08047,-0.07322,-0.07222,-0.13712,-0.19442,-0.2246,-0.23722,-0.23575,-0.1737,-0.18514,-0.0836,-0.11557,-0.11475,-0.13399,-0.10307,-0.13452,-0.06888,-0.08117,-0.01411
GLU34,-0.15279,-0.12241,-0.12687,-0.13425,-0.09327,-0.02207,-0.08398,-0.04554,0.05805,-0.00056,0.02159,0.17303,0.33053,0.23775,0.56065,1.0,0.51466,0.07488,0.27609,0.33816,0.20205,0.08407,-0.01404,-0.02295,0.00831,-0.04912,-0.13634,-0.20107,-0.23631,-0.16475,-0.06274,-0.04805,-0.07175,-0.1378,-0.08479,-0.11032,-0.05399,0.01007,0.04877,0.10714,0.00036,-0.05045,0.05911,-0.00626,-0.14377,-0.14731,-0.15608,-0.04341,-0.0122,-0.01776,-0.0718,-0.11296,-0.0968,-0.09778,-0.07331,-0.11844,-0.03904,-0.04333,-0.00551,-0.04767,-0.05951,0.00686,-0.02876,-0.03117,0.0103
ALA35,-0.24643,-0.18335,-0.14907,-0.06499,0.04097,0.1548,0.06486,0.20669,0.28546,0.01226,0.05558,0.20977,0.41855,0.50295,0.23558,0.51466,1.0,0.48332,0.07457,0.29085,0.33684,0.15607,0.05501,0.00455,0.01473,-0.04376,-0.14524,-0.2343,-0.26626,-0.25218,-0.07462,-0.07488,-0.10987,-0.16199,-0.11788,-0.12645,-0.1278,-0.09398,-0.05547,-0.03472,-0.07929,-0.11481,0.0211,0.04097,-0.03521,0.01561,-0.01019,0.02849,-0.00987,-0.06452,-0.10801,-0.13051,-0.14592,-0.18467,-0.16622,-0.18576,-0.07683,0.03177,0.00441,0.02738,0.09695,0.15055,0.02206,-0.05458,-0.06825
LYS36,-0.20844,-0.14746,-0.1264,-0.03885,0.03816,0.14312,0.09366,0.20875,0.05717,-0.12121,-0.08664,-0.03666,0.08236,0.43536,0.41399,0.07488,0.48332,1.0,0.55865,0.34434,0.44734,0.33866,0.18078,0.11327,0.06642,0.02647,-0.10933,-0.06997,0.03706,-0.097,-0.12336,-0.26611,-0.30529,-0.27307,-0.1535,-0.04895,-0.12585,-0.07135,-0.06477,-0.00551,0.06385,0.05737,0.05372,0.0495,0.0275,0.00995,0.11052,-0.00375,-0.10777,-0.26343,-0.29164,-0.3005,-0.30818,-0.30174,-0.28453,-0.29581,-0.25746,-0.18527,-0.1355,-0.04759,0.07112,-0.02383,-0.05696,-0.15174,-0.13409
LYS37,-0.18107,-0.13258,-0.11069,-0.11306,-0.07059,0.01118,-0.04603,-0.02907,-0.09424,-0.09015,-0.15224,-0.1699,-0.15203,0.08867,0.38237,0.27609,0.07457,0.55865,1.0,0.64057,0.47502,0.43776,0.27311,0.18547,0.12437,0.12076,-0.08777,-0.05397,0.03137,-0.03454,-0.11818,-0.2333,-0.24302,-0.20695,-0.07298,0.01843,0.00051,0.07188,0.07244,0.14477,0.11649,0.08552,0.04593,-0.02756,-0.11093,-0.16559,-0.05971,-0.07751,-0.12747,-0.1977,-0.23665,-0.26598,-0.25274,-0.21419,-0.19574,-0.25791,-0.2997,-0.3069,-0.14445,-0.09495,-0.06165,-0.11333,-0.07962,-0.12729,-0.07796
VAL38,-0.28754,-0.19801,-0.139,-0.12994,-0.04839,0.05382,-0.05141,-0.02689,0.06368,-0.07568,-0.15441,-0.08353,0.01885,0.15434,0.2909,0.33816,0.29085,0.34434,0.64057,1.0,0.70286,0.45766,0.42541,0.3235,0.21557,0.06644,-0.15311,-0.12089,-0.12262,-0.09281,-0.10104,-0.14851,-0.15736,-0.12406,-0.05599,0.04481,0.06772,0.10354,0.12281,0.13547,-0.00536,-0.0433,-0.03523,-0.07017,-0.1533,-0.13749,-0.08086,-0.02439,-0.07746,-0.10138,-0.15417,-0.18937,-0.19712,-0.18144,-0.14711,-0.20515,-0.21737,-0.20742,-0.13796,-0.09956,-0.05562,-0.0368,-0.05203,-0.1214,-0.10791
ILE39,-0.3065,-0.23534,-0.15801,-0.07818,0.02508,0.09416,0.00336,0.05582,0.04788,-0.09516,-0.12746,-0.07186,0.03277,0.20392,0.20814,0.20205,0.33684,0.44734,0.47502,0.70286,1.0,0.6899,0.49811,0.46957,0.40972,0.20869,-0.03212,-0.01965,-0.02215,-0.04579,-0.06641,-0.17289,-0.19059,-0.15094,-0.06607,-0.01941,-0.03509,-0.00965,-0.00966,-0.01853,-0.06822,-0.11477,-0.11777,-0.11072,-0.12487,-0.06781,0.00925,0.01846,-0.0866,-0.14743,-0.18691,-0.19248,-0.19292,-0.18891,-0.16735,-0.22055,-0.21892,-0.19108,-0.10551,-0.03878,0.03275,0.03099,0.00072,-0.11004,-0.11728
LEU40,-0.2788,-0.27837,-0.26313,-0.20933,-0.17173,-0.10143,-0.09658,-0.05272,-0.11254,-0.11873,-0.1299,-0.12703,-0.03242,0.10543,0.11028,0.08407,0.15607,0.33866,0.43776,0.45766,0.6899,1.0,0.73001,0.4834,0.37308,0.39169,0.03983,0.00266,-0.02214,-0.05774,-0.09083,-0.18131,-0.18557,-0.1183,-0.01205,0.10198,0.06593,0.12143,0.09776,0.12121,0.08867,0.03379,0.01191,-0.00753,-0.06029,-0.06543,-0.00646,-0.0119,-0.0832,-0.15862,-0.17206,-0.18549,-0.17702,-0.17947,-0.15283,-0.19388,-0.22403,-0.23702,-0.13537,-0.12729,-0.10675,-0.15688,-0.17229,-0.20954,-0.18994
GLN41,-0.22506,-0.17974,-0.14553,-0.08902,-0.13181,-0.09675,-0.09047,-0.07259,-0.11604,-0.11726,-0.15389,-0.16898,-0.08906,0.03176,0.03626,-0.01404,0.05501,0.18078,0.27311,0.42541,0.49811,0.73001,1.0,0.68891,0.3844,0.35937,-0.07015,-0.01795,-0.08321,-0.08509,-0.12954,-0.12569,-0.0978,-0.02019,0.0269,0.17299,0.18671,0.185,0.15682,0.1386,0.00646,-0.01364,-0.0039,-0.03131,-0.13629,-0.09233,-0.04677,-0.02782,-0.07619,-0.065,-0.13914,-0.15579,-0.16185,-0.15878,-0.13028,-0.20164,-0.23961,-0.25437,-0.16332,-0.13626,-0.15442,-0.17698,-0.14853,-0.17123,-0.17189
ASP42,-0.10971,-0.08352,-0.04966,-0.00523,-0.03498,-0.05384,-0.05196,-0.09153,-0.12722,-0.12281,-0.14831,-0.15299,-0.07396,0.02718,0.03925,-0.02295,0.00455,0.11327,0.18547,0.3235,0.46957,0.4834,0.68891,1.0,0.69931,0.36262,0.00908,0.13348,0.03597,-0.02673,-0.09245,-0.09697,-0.07564,-0.00491,0.00777,0.10293,0.10379,0.0559,0.01,-0.06468,-0.1879,-0.17756,-0.16675,-0.14261,-0.15171,-0.01989,0.02152,0.02256,-0.04567,-0.02522,-0.13652,-0.12785,-0.11123,-0.06213,-0.08113,-0.16575,-0.18701,-0.2054,-0.09247,-0.02436,-0.07551,-0.09506,-0.03152,-0.09571,-0.12785
LYS43,-0.05584,-0.0941,-0.09707,-0.09446,-0.10076,-0.1214,-0.06884,-0.13151,-0.14597,-0.0775,-0.05723,-0.08735,-0.00819,0.05168,0.04114,0.00831,0.01473,0.06642,0.12437,0.21557,0.40972,0.37308,0.3844,0.69931,1.0,0.56951,0.33911,0.32545,0.11605,-0.00443,-0.04643,-0.11094,-0.11179,-0.06299,0.00755,0.0699,0.05002,0.03036,-0.00873,-0.10699,-0.16201,-0.17561,-0.21805,-0.15563,-0.12299,0.03108,0.03082,0.01283,-0.06698,-0.09125,-0.16441,-0.13896,-0.0787,-0.04422,-0.03531,-0.13442,-0.12757,-0.17439,-0.02377,0.00981,-0.07641,-0.12988,-0.08661,-0.13943,-0.13311
PRO44,-0.0904,-0.12187,-0.14127,-0.13187,-0.17902,-0.19011,-0.13164,-0.13459,-0.18086,-0.07113,-0.03829,-0.11273,-0.07049,-0.03835,-0.06951,-0.04912,-0.04376,0.02647,0.12076,0.06644,0.20869,0.39169,0.35937,0.36262,0.56951,1.0,0.54601,0.30692,0.08265,-0.06122,-0.10808,-0.15186,-0.09307,-0.02099,0.04418,0.0694,0.0023,0.01079,-0.05131,-0.01895,0.01604,-0.03241,-0.05835,-0.09395,-0.11833,-0.05152,-0.05094,-0.0443,-0.06638,-0.08692,-0.10279,-0.09433,-0.03366,-0.04284,-0.05243,-0.12071,-0.14884,-0.16959,-0.01654,-0.03958,-0.11189,-0.16428,-0.14271,-0.09095,0.01196
GLU45,-0.09074,-0.14902,-0.19169,-0.2073,-0.16287,-0.17774,-0.08947,-0.12597,-0.1339,-0.00592,0.00946,-0.10143,-0.10048,-0.11527,-0.1458,-0.13634,-0.14524,-0.10933,-0.08777,-0.15311,-0.03212,0.03983,-0.07015,0.00908,0.33911,0.54601,1.0,0.66208,0.36062,0.20683,0.10767,0.01223,-0.00321,0.02848,0.08089,0.03003,-0.05406,-0.07838,-0.12946,-0.15061,-0.00567,-0.02292,-0.12836,-0.05871,0.08498,0.15189,0.18043,0.14754,0.081,-0.01259,0.0352,0.02186,0.06341,0.03509,-0.0055,-0.00946,-0.03093,-0.01943,0.07397,0.05974,-0.03094,-0.10373,-0.10666,-0.07616,-0.02479
ALA46,-0.14897,-0.1921,-0.23514,-0.23125,-0.14933,-0.1385,-0.03054,-0.07656,-0.16172,-0.0311,-0.05623,-0.20771,-0.25193,-0.20043,-0.13894,-0.20107,-0.2343,-0.06997,-0.05397,-0.12089,-0.01965,0.00266,-0.01795,0.13348,0.32545,0.30692,0.66208,1.0,0.67455,0.4478,0.21527,0.05425,-0.02006,0.01096,0.04089,0.12206,-0.02089,-0.09049,-0.15054,-0.24512,-0.07491,-0.02041,-0.11931,0.09809,0.29134,0.45599,0.48914,0.36325,0.17031,0.02628,-0.00585,-0.02085,-0.01874,0.00822,-0.0517,-0.06799,-0.08312,-0.07934,0.02014,0.05392,0.00286,-0.12271,-0.13364,-0.19491,-0.22802
GLN47,-0.14609,-0.1937,-0.22715,-0.16812,-0.07502,-0.08484,0.01106,-0.032,-0.15947,-0.05817,-0.12847,-0.24964,-0.30738,-0.20434,-0.09193,-0.23631,-0.26626,0.03706,0.03137,-0.12262,-0.02215,-0.02214,-0.08321,0.03597,0.11605,0.08265,0.36062,0.67455,1.0,0.67789,0.31307,0.07335,-0.06669,-0.02331,-0.00521,0.19538,-0.01848,-0.09879,-0.17781,-0.23771,0.04024,0.15878,-0.04388,0.12234,0.38442,0.4103,0.60857,0.35183,0.1588,-0.04801,-0.04683,-0.10828,-0.13873,-0.11117,-0.14431,-0.06794,-0.14795,-0.11539,-0.07553,0.01644,0.03281,-0.14186,-0.11409,-0.2076,-0.2627
ILE48,-0.15291,-0.22959,-0.25802,-0.20095,-0.11373,-0.11947,-0.04322,-0.07659,-0.10061,-0.01972,-0.11292,-0.20065,-0.27059,-0.20254,-0.09701,-0.16475,-0.25218,-0.097,-0.03454,-0.09281,-0.04579,-0.05774,-0.08509,-0.02673,-0.00443,-0.06122,0.20683,0.4478,0.67789,1.0,0.64535,0.40745,0.19467,0.10372,0.04689,0.16325,0.05219,-0.0168,-0.03393,-0.16714,-0.07267,-0.01105,-0.07646,0.0691,0.2779,0.313,0.48502,0.46439,0.37451,0.27819,0.14918,0.05878,-0.06579,-0.07868,-0.09584,-0.02159,-0.06008,-0.01596,-0.0381,0.00519,-0.03657,-0.09599,-0.07141,-0.14057,-0.25872
ILE49,-0.07476,-0.18085,-0.20521,-0.15748,-0.09168,-0.09997,-0.04592,-0.07262,-0.05485,-0.00163,-0.07778,-0.1376,-0.13176,-0.09372,-0.08452,-0.06274,-0.07462,-0.12336,-0.11818,-0.10104,-0.06641,-0.09083,-0.12954,-0.09245,-0.04643,-0.10808,0.10767,0.21527,0.31307,0.64535,1.0,0.70026,0.46667,0.24977,0.14245,0.04216,-0.01868,-0.11206,-0.12827,-0.26846,-0.23938,-0.19569,-0.11926,-0.0222,0.1601,0.25261,0.34041,0.50255,0.6011,0.48259,0.33842,0.20744,0.03886,-0.0229,-0.06977,-0.04807,-0.01656,0.07323,0.0968,0.11153,0.0183,0.03226,-0.01374,-0.04163,-0.1427
VAL50,-0.01549,-0.06047,-0.1015,-0.07108,-0.07914,-0.11651,-0.0845,-0.1024,-0.03134,-0.01274,-0.08962,-0.09907,-0.0621,-0.10655,-0.152,-0.04805,-0.07488,-0.26611,-0.2333,-0.14851,-0.17289,-0.18131,-0.12569,-0.09697,-0.11094,-0.15186,0.01223,0.05425,0.07335,0.40745,0.70026,1.0,0.74931,0.45993,0.23191,0.0738,0.09133,-0.04162,-0.06924,-0.20755,-0.24089,-0.23933,-0.1157,-0.07431,0.04838,0.12274,0.1547,0.33951,0.52087,0.61473,0.50367,0.40521,0.14398,0.03238,-0.04447,0.0299,0.04597,0.1522,0.09892,0.08838,-0.01668,0.03545,-0.01406,-0.01772,-0.10513
LEU51,0.14308,0.07114,0.02334,-0.00316,-0.07732,-0.13682,-0.10977,-0.15752,-0.08206,-0.03481,-0.11535,-0.14344,-0.09668,-0.15906,-0.19418,-0.07175,-0.10987,-0.30529,-0.24302,-0.15736,-0.19059,-0.18557,-0.0978,-0.07564,-0.11179,-0.09307,-0.00321,-0.02006,-0.06669,0.19467,0.46667,0.74931,1.0,0.6987,0.36822,0.08415,0.13591,-0.01864,-0.06673,-0.20858,-0.24802,-0.29618,-0.21492,-0.19582,-0.06664,0.01598,-0.0054,0.20748,0.41711,0.53636,0.61845,0.49777,0.23201,0.09507,-0.0146,0.03373,0.02487,0.14761,0.14821,0.11429,-0.03416,0.03192,0.00992,0.03316,-0.00949
PRO52,0.16354,0.11252,0.03583,-0.03863,-0.13835,-0.17522,-0.17584,-0.19468,-0.14563,-0.14954,-0.18982,-0.22925,-0.17916,-0.22224,-0.22884,-0.1378,-0.16199,-0.27307,-0.20695,-0.12406,-0.15094,-0.1183,-0.02019,-0.00491,-0.06299,-0.02099,0.02848,0.01096,-0.02331,0.10372,0.24977,0.45993,0.6987,1.0,0.61185,0.3182,0.2999,0.06375,-0.05776,-0.21786,-0.16948,-0.21368,-0.20577,-0.16551,-0.00396,0.05352,0.03838,0.14135,0.23512,0.30184,0.51562,0.48034,0.28052,0.13378,-0.02112,0.03367,-0.04266,0.06201,0.09762,0.04056,-0.06165,-0.04416,-0.10125,-0.06636,-0.10035
VAL53,0.0996,0.00719,-0.08957,-0.13032,-0.21968,-0.2465,-0.26435,-0.26191,-0.16007,-0.14694,-0.11455,-0.16383,-0.12587,-0.13437,-0.10725,-0.08479,-0.11788,-0.1535,-0.07298,-0.05599,-0.06607,-0.01205,0.0269,0.00777,0.00755,0.04418,0.08089,0.04089,-0.00521,0.04689,0.14245,0.23191,0.36822,0.61185,1.0,0.38829,0.34273,0.12358,-0.02088,-0.16807,-0.13115,-0.21075,-0.21535,-0.13368,0.03038,0.10067,0.0466,0.09179,0.09214,0.18164,0.4087,0.37763,0.24819,0.10971,0.00423,0.00846,-0.00052,0.06294,0.14834,-0.00165,-0.12428,-0.08202,-0.12684,-0.1027,-0.10355
GLY54,-0.02255,-0.08453,-0.17597,-0.27918,-0.34446,-0.24071,-0.19626,-0.13466,-0.16562,-0.23117,-0.21906,-0.22602,-0.18543,-0.14847,-0.08321,-0.11032,-0.12645,-0.04895,0.01843,0.04481,-0.01941,0.10198,0.17299,0.10293,0.0699,0.0694,0.03003,0.12206,0.19538,0.16325,0.04216,0.0738,0.08415,0.3182,0.38829,1.0,0.72215,0.45346,0.30191,0.02043,0.1095,0.17742,-0.02114,0.13103,0.23062,0.19865,0.25923,0.07919,0.01712,-0.05496,0.02453,-0.02902,-0.16588,-0.14581,-0.14764,-0.04748,-0.18383,-0.18676,-0.20679,-0.20192,-0.18559,-0.3595,-0.45942,-0.47613,-0.54525
THR55,-0.00092,-0.05906,-0.13102,-0.23633,-0.30905,-0.2214,-0.18015,-0.09867,-0.09541,-0.1658,-0.14456,-0.14963,-0.14336,-0.17187,-0.09087,-0.05399,-0.1278,-0.12585,0.00051,0.06772,-0.03509,0.06593,0.18671,0.10379,0.05002,0.0023,-0.05406,-0.02089,-0.01848,0.05219,-0.01868,0.09133,0.13591,0.2999,0.34273,0.72215,1.0,0.73037,0.56813,0.22,0.07926,0.07431,-0.06946,0.0282,0.07935,0.04379,0.04999,-0.05417,-0.08845,-0.02574,-0.00107,-0.03113,-0.14963,-0.12998,-0.09033,-0.03176,-0.12676,-0.15277,-0.18381,-0.24539,-0.28188,-0.36152,-0.40385,-0.39286,-0.45939
ILE56,-0.01852,-0.06621,-0.13187,-0.26828,-0.33155,-0.22486,-0.18074,-0.08668,-0.08919,-0.15225,-0.09719,-0.06838,-0.0629,-0.1076,-0.02092,0.01007,-0.09398,-0.07135,0.07188,0.10354,-0.00965,0.12143,0.185,0.0559,0.03036,0.01079,-0.07838,-0.09049,-0.09879,-0.0168,-0.11206,-0.04162,-0.01864,0.06375,0.12358,0.45346,0.73037,1.0,0.81211,0.55184,0.27036,0.19981,-0.0109,0.01342,-0.03712,-0.1051,-0.12429,-0.22027,-0.21191,-0.14248,-0.14327,-0.14951,-0.20188,-0.14448,-0.05903,-0.02054,-0.11281,-0.1907,-0.27282,-0.38693,-0.38035,-0.43464,-0.43138,-0.37922,-0.38032
VAL57,-0.03417,-0.09188,-0.14477,-0.27596,-0.3118,-0.17744,-0.11301,-0.02354,-0.00722,-0.06055,-0.01268,0.03152,0.00512,-0.05394,0.01235,0.04877,-0.05547,-0.06477,0.07244,0.12281,-0.00966,0.09776,0.15682,0.01,-0.00873,-0.05131,-0.12946,-0.15054,-0.17781,-0.03393,-0.12827,-0.06924,-0.06673,-0.05776,-0.02088,0.30191,0.56813,0.81211,1.0,0.72941,0.30753,0.19705,-0.00766,0.01068,-0.07543,-0.14997,-0.16476,-0.22305,-0.21696,-0.15087,-0.15228,-0.16521,-0.20543,-0.138,-0.01713,0.00271,-0.02367,-0.11924,-0.24895,-0.33748,-0.32139,-0.3907,-0.40782,-0.38167,-0.37586
THR58,-0.06997,-0.04965,-0.1126,-0.23521,-0.30526,-0.21139,-0.17178,-0.04745,-0.0389,-0.06909,0.03407,0.10294,0.10048,0.01283,0.08653,0.10714,-0.03472,-0.00551,0.14477,0.13547,-0.01853,0.12121,0.1386,-0.06468,-0.10699,-0.01895,-0.15061,-0.24512,-0.23771,-0.16714,-0.26846,-0.20755,-0.20858,-0.21786,-0.16807,0.02043,0.22,0.55184,0.72941,1.0,0.64116,0.48644,0.23362,0.05664,-0.18892,-0.39439,-0.40071,-0.44169,-0.33534,-0.26523,-0.26674,-0.24411,-0.18902,-0.10784,0.04004,0.05326,-0.00926,-0.14507,-0.31613,-0.4597,-0.40569,-0.4359,-0.39923,-0.28069,-0.11454
MET59,-0.08175,-0.0463,-0.17193,-0.27541,-0.36793,-0.3147,-0.29001,-0.17548,-0.2128,-0.25519,-0.11488,-0.04846,0.03542,-0.0179,0.04903,0.00036,-0.07929,0.06385,0.11649,-0.00536,-0.06822,0.08867,0.00646,-0.1879,-0.16201,0.01604,-0.00567,-0.07491,0.04024,-0.07267,-0.23938,-0.24089,-0.24802,-0.16948,-0.13115,0.1095,0.07926,0.27036,0.30753,0.64116,1.0,0.79876,0.32896,0.18491,0.08477,-0.22993,-0.17126,-0.35627,-0.29507,-0.35348,-0.28562,-0.24868,-0.15867,-0.06297,0.03212,0.11172,-0.0666,-0.2168,-0.37592,-0.46753,-0.36943,-0.43404,-0.46155,-0.3119,-0.13091
GLU60,-0.12631,-0.05678,-0.14635,-0.24829,-0.31131,-0.24551,-0.19883,-0.07674,-0.16713,-0.22938,-0.10702,-0.0581,-0.02924,-0.05663,0.02599,-0.05045,-0.11481,0.05737,0.08552,-0.0433,-0.11477,0.03379,-0.01364,-0.17756,-0.17561,-0.03241,-0.02292,-0.02041,0.15878,-0.01105,-0.19569,-0.23933,-0.29618,-0.21368,-0.21075,0.17742,0.07431,0.19981,0.19705,0.48644,0.79876,1.0,0.59074,0.41771,0.183,-0.14739,-0.0723,-0.3153,-0.26468,-0.36489,-0.35631,-0.33332,-0.24381,-0.11263,-0.01394,0.06588,-0.12323,-0.26698,-0.44026,-0.46826,-0.34201,-0.43889,-0.46064,-0.3276,-0.19232
TYR61,-0.23692,-0.12873,-0.16537,-0.21952,-0.24934,-0.15352,-0.13849,0.03868,-0.02151,-0.10131,0.0026,0.06817,0.04808,-0.01157,0.0554,0.05911,0.0211,0.05372,0.04593,-0.03523,-0.11777,0.01191,-0.0039,-0.16675,-0.21805,-0.05835,-0.12836,-0.11931,-0.04388,-0.07646,-0.11926,-0.1157,-0.21492,-0.20577,-0.21535,-0.02114,-0.06946,-0.0109,-0.00766,0.23362,0.32896,0.59074,1.0,0.72538,0.24337,-0.04209,-0.05407,-0.1144,-0.09369,-0.16518,-0.23437,-0.20079,-0.14247,-0.0671,0.01577,0.0435,-0.04011,-0.15661,-0.29991,-0.31499,-0.20557,-0.23494,-0.29458,-0.18474,-0.07078
ARG62,-0.41345,-0.31221,-0.33649,-0.34611,-0.26609,-0.12596,-0.07109,0.09621,0.05624,-0.02086,0.07284,0.10193,0.05861,0.01663,0.00416,-0.00626,0.04097,0.0495,-0.02756,-0.07017,-0.11072,-0.00753,-0.03131,-0.14261,-0.15563,-0.09395,-0.05871,0.09809,0.12234,0.0691,-0.0222,-0.07431,-0.19582,-0.16551,-0.13368,0.13103,0.0282,0.01342,0.01068,0.05664,0.18491,0.41771,0.72538,1.0,0.65642,0.43036,0.32691,0.15284,0.02176,-0.11442,-0.17142,-0.15521,-0.13357,-0.06964,0.00338,0.04229,0.01068,-0.05582,-0.20941,-0.21136,-0.10216,-0.19402,-0.33546,-0.33179,-0.36529
ILE63,-0.36774,-0.37963,-0.41906,-0.36504,-0.2385,-0.15212,-0.09335,-0.05241,-0.0488,-0.082,-0.0444,-0.05391,-0.04237,-0.03148,-0.08189,-0.14377,-0.03521,0.0275,-0.11093,-0.1533,-0.12487,-0.06029,-0.13629,-0.15171,-0.12299,-0.11833,0.08498,0.29134,0.38442,0.2779,0.1601,0.04838,-0.06664,-0.00396,0.03038,0.23062,0.07935,-0.03712,-0.07543,-0.18892,0.08477,0.183,0.24337,0.65642,1.0,0.77368,0.66275,0.41014,0.19033,-0.02824,0.01299,0.00425,-0.03742,-0.00341,-0.04521,0.05203,0.04189,0.04747,-0.04176,-0.00359,0.0491,-0.0563,-0.20651,-0.2722,-0.43074
ASP64,-0.32812,-0.39369,-0.38036,-0.30448,-0.12279,-0.02996,0.05365,0.0554,0.04744,0.03935,0.03418,-0.03621,-0.07787,-0.05488,-0.13503,-0.14731,0.01561,0.00995,-0.16559,-0.13749,-0.06781,-0.06543,-0.09233,-0.01989,0.03108,-0.05152,0.15189,0.45599,0.4103,0.313,0.25261,0.12274,0.01598,0.05352,0.10067,0.19865,0.04379,-0.1051,-0.14997,-0.39439,-0.22993,-0.14739,-0.04209,0.43036,0.77368,1.0,0.81892,0.63496,0.32831,0.11943,0.1145,0.08547,0.01377,0.03274,-0.074,-0.05305,0.04262,0.11599,0.129,0.19485,0.21812,0.10809,-0.09201,-0.24644,-0.43609
ARG65,-0.33503,-0.35778,-0.37649,-0.28926,-0.12276,-0.00937,0.05716,0.08256,0.03414,-0.01064,-0.04376,-0.09672,-0.14592,-0.06641,-0.08047,-0.15608,-0.01019,0.11052,-0.05971,-0.08086,0.00925,-0.00646,-0.04677,0.02152,0.03082,-0.05094,0.18043,0.48914,0.60857,0.48502,0.34041,0.1547,-0.0054,0.03838,0.0466,0.25923,0.04999,-0.12429,-0.16476,-0.40071,-0.17126,-0.0723,-0.05407,0.32691,0.66275,0.81892,1.0,0.75587,0.39152,0.11682,0.08684,0.01972,-0.08804,-0.08251,-0.15219,-0.07044,-0.03072,0.04442,0.04071,0.15881,0.19726,0.0655,-0.12551,-0.30049,-0.51134
VAL66,-0.28465,-0.36477,-0.34831,-0.26211,-0.13178,-0.03939,0.01661,0.02377,0.05938,0.04526,-0.00488,-0.06635,-0.11779,-0.07373,-0.07322,-0.04341,0.02849,-0.00375,-0.07751,-0.02439,0.01846,-0.0119,-0.02782,0.02256,0.01283,-0.0443,0.14754,0.36325,0.35183,0.46439,0.50255,0.33951,0.20748,0.14135,0.09179,0.07919,-0.05417,-0.22027,-0.22305,-0.44169,-0.35627,-0.3153,-0.1144,0.15284,0.41014,0.63496,0.75587,1.0,0.72927,0.46479,0.31603,0.19744,0.05639,0.00751,-0.10054,-0.09154,0.01684,0.12553,0.20659,0.27818,0.19413,0.21334,0.01618,-0.09858,-0.30305
ARG67,-0.14087,-0.22646,-0.22541,-0.18526,-0.11691,-0.08094,-0.02664,-0.03895,0.00412,0.03133,-0.02458,-0.08967,-0.09591,-0.08294,-0.07222,-0.0122,-0.00987,-0.10777,-0.12747,-0.07746,-0.0866,-0.0832,-0.07619,-0.04567,-0.06698,-0.06638,0.081,0.17031,0.1588,0.37451,0.6011,0.52087,0.41711,0.23512,0.09214,0.01712,-0.08845,-0.21191,-0.21696,-0.33534,-0.29507,-0.26468,-0.09369,0.02176,0.19033,0.32831,0.39152,0.72927,1.0,0.71067,0.47885,0.26515,0.06306,0.00267,-0.09601,-0.06255,0.00652,0.15136,0.19854,0.25056,0.10469,0.1501,0.00636,-0.00399,-0.11552
LEU68,-0.05314,-0.10475,-0.08086,-0.01988,-0.01614,-0.06133,-0.03798,-0.07025,0.02817,0.07545,0.02046,-0.03229,-0.06512,-0.11374,-0.13712,-0.01776,-0.06452,-0.26343,-0.1977,-0.10138,-0.14743,-0.15862,-0.065,-0.02522,-0.09125,-0.08692,-0.01259,0.02628,-0.04801,0.27819,0.48259,0.61473,0.53636,0.30184,0.18164,-0.05496,-0.02574,-0.14248,-0.15087,-0.26523,-0.35348,-0.36489,-0.16518,-0.11442,-0.02824,0.11943,0.11682,0.46479,0.71067,1.0,0.65307,0.41414,0.15541,0.04231,-0.05844,-0.01371,0.08606,0.23411,0.25898,0.20931,0.00889,0.19738,0.15307,0.17217,0.0523
PHE69,0.03069,-0.08955,-0.12127,-0.09637,-0.08572,-0.11222,-0.08406,-0.12173,0.00499,0.08469,0.04251,-0.01939,-0.03174,-0.14724,-0.19442,-0.0718,-0.10801,-0.29164,-0.23665,-0.15417,-0.18691,-0.17206,-0.13914,-0.13652,-0.16441,-0.10279,0.0352,-0.00585,-0.04683,0.14918,0.33842,0.50367,0.61845,0.51562,0.4087,0.02453,-0.00107,-0.14327,-0.15228,-0.26674,-0.28562,-0.35631,-0.23437,-0.17142,0.01299,0.1145,0.08684,0.31603,0.47885,0.65307,1.0,0.7123,0.34116,0.12637,-0.02957,0.08441,0.20228,0.43095,0.40468,0.32596,0.14507,0.16224,0.05042,0.06539,0.02321
VAL70,0.08354,-0.02657,-0.07661,-0.07781,-0.10229,-0.15292,-0.14138,-0.15556,-0.03223,0.04021,0.0291,-0.01611,-0.02585,-0.14735,-0.2246,-0.11296,-0.13051,-0.3005,-0.26598,-0.18937,-0.19248,-0.18549,-0.15579,-0.12785,-0.13896,-0.09433,0.02186,-0.02085,-0.10828,0.05878,0.20744,0.40521,0.49777,0.48034,0.37763,-0.02902,-0.03113,-0.14951,-0.16521,-0.24411,-0.24868,-0.33332,-0.20079,-0.15521,0.00425,0.08547,0.01972,0.19744,0.26515,0.41414,0.7123,1.0,0.62976,0.32993,0.13114,0.25235,0.34955,0.45785,0.38434,0.23413,0.10411,0.12496,0.03897,0.06525,0.05726
ASP71,0.17984,0.097,0.03361,-0.00539,-0.08908,-0.18362,-0.20928,-0.24769,-0.11773,-0.04777,-0.03542,-0.04635,-0.0287,-0.18856,-0.23722,-0.0968,-0.14592,-0.30818,-0.25274,-0.19712,-0.19292,-0.17702,-0.16185,-0.11123,-0.0787,-0.03366,0.06341,-0.01874,-0.13873,-0.06579,0.03886,0.14398,0.23201,0.28052,0.24819,-0.16588,-0.14963,-0.20188,-0.20543,-0.18902,-0.15867,-0.24381,-0.14247,-0.13357,-0.03742,0.01377,-0.08804,0.05639,0.06306,0.15541,0.34116,0.62976,1.0,0.64713,0.44127,0.34527,0.36779,0.30563,0.30409,0.12995,0.02072,0.07343,0.05163,0.123,0.16688
LYS72,0.17746,0.13872,0.06665,-0.00265,-0.09706,-0.19317,-0.19297,-0.25652,-0.19358,-0.13647,-0.12865,-0.15542,-0.13512,-0.2653,-0.23575,-0.09778,-0.18467,-0.30174,-0.21419,-0.18144,-0.18891,-0.17947,-0.15878,-0.06213,-0.04422,-0.04284,0.03509,0.00822,-0.11117,-0.07868,-0.0229,0.03238,0.09507,0.13378,0.10971,-0.14581,-0.12998,-0.14448,-0.138,-0.10784,-0.06297,-0.11263,-0.0671,-0.06964,-0.00341,0.03274,-0.08251,0.00751,0.00267,0.04231,0.12637,0.32993,0.64713,1.0,0.68819,0.49519,0.2721,0.06394,0.08338,-0.01525,-0.04077,0.00626,0.00743,0.06374,0.12809
LEU73,0.1444,0.14971,0.05233,-0.01999,-0.13814,-0.21467,-0.22344,-0.22896,-0.14171,-0.09792,-0.04716,-0.01788,-0.00925,-0.15789,-0.1737,-0.07331,-0.16622,-0.28453,-0.19574,-0.14711,-0.16735,-0.15283,-0.13028,-0.08113,-0.03531,-0.05243,-0.0055,-0.0517,-0.14431,-0.09584,-0.06977,-0.04447,-0.0146,-0.02112,0.00423,-0.14764,-0.09033,-0.05903,-0.01713,0.04004,0.03212,-0.01394,0.01577,0.00338,-0.04521,-0.074,-0.15219,-0.10054,-0.09601,-0.05844,-0.02957,0.13114,0.44127,0.68819,1.0,0.69433,0.43131,0.06744,-0.01125,-0.14146,-0.15858,-0.11464,-0.08046,-0.00614,0.06741
ASP74,0.06402,0.06588,-0.04164,-0.09215,-0.16436,-0.22261,-0.21816,-0.1848,-0.08777,-0.06528,-0.00256,0.0687,0.07778,-0.10754,-0.18514,-0.11844,-0.18576,-0.29581,-0.25791,-0.20515,-0.22055,-0.19388,-0.20164,-0.16575,-0.13442,-0.12071,-0.00946,-0.06799,-0.06794,-0.02159,-0.04807,0.0299,0.03373,0.03367,0.00846,-0.04748,-0.03176,-0.02054,0.00271,0.05326,0.11172,0.06588,0.0435,0.04229,0.05203,-0.05305,-0.07044,-0.09154,-0.06255,-0.01371,0.08441,0.25235,0.34527,0.49519,0.69433,1.0,0.57632,0.22779,-0.0092,-0.13893,-0.1473,-0.14261,-0.13212,-0.06056,-0.00898
ASN75,0.03484,-0.07344,-0.14155,-0.11118,-0.12723,-0.17313,-0.17124,-0.11178,0.07014,0.13628,0.2881,0.37839,0.32116,0.08133,-0.0836,-0.03904,-0.07683,-0.25746,-0.2997,-0.21737,-0.21892,-0.22403,-0.23961,-0.18701,-0.12757,-0.14884,-0.03093,-0.08312,-0.14795,-0.06008,-0.01656,0.04597,0.02487,-0.04266,-0.00052,-0.18383,-0.12676,-0.11281,-0.02367,-0.00926,-0.0666,-0.12323,-0.04011,0.01068,0.04189,0.04262,-0.03072,0.01684,0.00652,0.08606,0.20228,0.34955,0.36779,0.2721,0.43131,0.57632,1.0,0.63615,0.28763,0.05954,-0.0031,-0.0101,-0.01571,0.02692,0.04638
ILE76,-0.05348,-0.18822,-0.18865,-0.07005,0.0247,0.01562,0.01585,0.06862,0.29395,0.36417,0.40046,0.40968,0.29755,0.10895,-0.11557,-0.04333,0.03177,-0.18527,-0.3069,-0.20742,-0.19108,-0.23702,-0.25437,-0.2054,-0.17439,-0.16959,-0.01943,-0.07934,-0.11539,-0.01596,0.07323,0.1522,0.14761,0.06201,0.06294,-0.18676,-0.15277,-0.1907,-0.11924,-0.14507,-0.2168,-0.26698,-0.15661,-0.05582,0.04747,0.11599,0.04442,0.12553,0.15136,0.23411,0.43095,0.45785,0.30563,0.06394,0.06744,0.22779,0.63615,1.0,0.57895,0.37154,0.25214,0.2042,0.10149,0.0776,0.03919
ALA77,0.06753,-0.10571,-0.06762,0.00611,0.08098,0.04221,0.06689,-0.02695,0.08908,0.31157,0.34248,0.13002,0.03542,-0.04471,-0.11475,-0.00551,0.00441,-0.1355,-0.14445,-0.13796,-0.10551,-0.13537,-0.16332,-0.09247,-0.02377,-0.01654,0.07397,0.02014,-0.07553,-0.0381,0.0968,0.09892,0.14821,0.09762,0.14834,-0.20679,-0.18381,-0.27282,-0.24895,-0.31613,-0.37592,-0.44026,-0.29991,-0.20941,-0.04176,0.129,0.04071,0.20659,0.19854,0.25898,0.40468,0.38434,0.30409,0.08338,-0.01125,-0.0092,0.28763,0.57895,1.0,0.65121,0.38318,0.34221,0.23093,0.18809,0.15912
GLU78,0.02111,-0.1079,0.0085,0.13375,0.30526,0.30625,0.36671,0.17769,0.16138,0.33708,0.14395,0.00713,-0.07873,-0.09444,-0.13399,-0.04767,0.02738,-0.04759,-0.09495,-0.09956,-0.03878,-0.12729,-0.13626,-0.02436,0.00981,-0.03958,0.05974,0.05392,0.01644,0.00519,0.11153,0.08838,0.11429,0.04056,-0.00165,-0.20192,-0.24539,-0.38693,-0.33748,-0.4597,-0.46753,-0.46826,-0.31499,-0.21136,-0.00359,0.19485,0.15881,0.27818,0.25056,0.20931,0.32596,0.23413,0.12995,-0.01525,-0.14146,-0.13893,0.05954,0.37154,0.65121,1.0,0.77354,0.58467,0.36549,0.19988,0.10505
VAL79,-0.0926,-0.10702,0.05664,0.19828,0.43677,0.50303,0.49832,0.36141,0.2346,0.26182,0.08538,0.01451,-0.0811,-0.06301,-0.10307,-0.05951,0.09695,0.07112,-0.06165,-0.05562,0.03275,-0.10675,-0.15442,-0.07551,-0.07641,-0.11189,-0.03094,0.00286,0.03281,-0.03657,0.0183,-0.01668,-0.03416,-0.06165,-0.12428,-0.18559,-0.28188,-0.38035,-0.32139,-0.40569,-0.36943,-0.34201,-0.20557,-0.10216,0.0491,0.21812,0.19726,0.19413,0.10469,0.00889,0.14507,0.10411,0.02072,-0.04077,-0.15858,-0.1473,-0.0031,0.25214,0.38318,0.77354,1.0,0.70877,0.3867,0.13433,0.04899
PRO80,-0.08879,-0.00495,0.18641,0.3551,0.55883,0.53642,0.40906,0.2612,0.29179,0.20228,0.05759,0.04067,-0.06452,-0.06515,-0.13452,0.00686,0.15055,-0.02383,-0.11333,-0.0368,0.03099,-0.15688,-0.17698,-0.09506,-0.12988,-0.16428,-0.10373,-0.12271,-0.14186,-0.09599,0.03226,0.03545,0.03192,-0.04416,-0.08202,-0.3595,-0.36152,-0.43464,-0.3907,-0.4359,-0.43404,-0.43889,-0.23494,-0.19402,-0.0563,0.10809,0.0655,0.21334,0.1501,0.19738,0.16224,0.12496,0.07343,0.00626,-0.11464,-0.14261,-0.0101,0.2042,0.34221,0.58467,0.70877,1.0,0.70538,0.49331,0.28777
ARG81,0.04847,0.13658,0.35813,0.60994,0.69674,0.48648,0.32815,0.12665,0.15162,0.17174,0.00358,-0.01037,-0.07322,-0.02072,-0.06888,-0.02876,0.02206,-0.05696,-0.07962,-0.05203,0.00072,-0.17229,-0.14853,-0.03152,-0.08661,-0.14271,-0.10666,-0.13364,-0.11409,-0.07141,-0.01374,-0.01406,0.00992,-0.10125,-0.12684,-0.45942,-0.40385,-0.43138,-0.40782,-0.39923,-0.46155,-0.46064,-0.29458,-0.33546,-0.20651,-0.09201,-0.12551,0.01618,0.00636,0.15307,0.05042,0.03897,0.05163,0.00743,-0.08046,-0.13212,-0.01571,0.10149,0.23093,0.36549,0.3867,0.70538,1.0,0.82752,0.57381
VAL82,0.09881,0.18109,0.35032,0.57146,0.53492,0.27947,0.1397,-0.00745,0.04506,0.10718,0.02105,0.00856,-0.02892,-0.04241,-0.08117,-0.03117,-0.05458,-0.15174,-0.12729,-0.1214,-0.11004,-0.20954,-0.17123,-0.09571,-0.13943,-0.09095,-0.07616,-0.19491,-0.2076,-0.14057,-0.04163,-0.01772,0.03316,-0.06636,-0.1027,-0.47613,-0.39286,-0.37922,-0.38167,-0.28069,-0.3119,-0.3276,-0.18474,-0.33179,-0.2722,-0.24644,-0.30049,-0.09858,-0.00399,0.17217,0.06539,0.06525,0.123,0.06374,-0.00614,-0.06056,0.02692,0.0776,0.18809,0.19988,0.13433,0.49331,0.82752,1.0,0.7896
GLY83,0.23455,0.24905,0.33723,0.44446,0.35648,0.1173,0.0191,-0.08191,-0.06308,0.05999,0.0539,0.03051,0.03808,-0.00335,-0.01411,0.0103,-0.06825,-0.13409,-0.07796,-0.10791,-0.11728,-0.18994,-0.17189,-0.12785,-0.13311,0.01196,-0.02479,-0.22802,-0.2627,-0.25872,-0.1427,-0.10513,-0.00949,-0.10035,-0.10355,-0.54525,-0.45939,-0.38032,-0.37586,-0.11454,-0.13091,-0.19232,-0.07078,-0.36529,-0.43074,-0.43609,-0.51134,-0.30305,-0.11552,0.0523,0.02321,0.05726,0.16688,0.12809,0.06741,-0.00898,0.04638,0.03919,0.15912,0.10505,0.04899,0.28777,0.57381,0.7896,1.0
